code_geo,code_commune,libelle_commune,annee,inscrits,abstentions,votants,exprimes,pct_abstention,nom_cand1,nom_cand2,nom_cand3,nom_cand4,nom_cand5,pct_cand1,pct_cand2,pct_cand3,pct_cand4,pct_cand5,bloc_cand1,bloc_cand2,bloc_cand3,bloc_cand4,bloc_cand5,pct_CENTRE,pct_DIVERS,pct_DROITE,pct_GAUCHE,taux_chomage,revenu_median,taux_faible_diplome,taux_delinquance,nb_faits_total,population_municipale,population_totale,bloc_vainqueur,cible_binaire,nom_vainqueur
59001,00001,Abancourt,2017,358,42,316,311,11.73,LE PEN,FILLON,MACRON,MÉLENCHON,DUPONT-AIGNAN,30.23,21.54,18.33,13.83,6.43,DROITE,DROITE,CENTRE,GAUCHE,DROITE,18.33,3.22,58.2,20.26,9.09,22772.0,53.61,0.0,0.0,459,475,DROITE,0,LE PEN
59002,00002,Abscon,2017,2805,557,2248,2188,19.86,LE PEN,MÉLENCHON,MACRON,FILLON,HAMON,42.55,22.62,14.95,8.87,4.2,DROITE,GAUCHE,CENTRE,DROITE,GAUCHE,14.95,1.01,55.58,28.47,20.42,17482.0,51.2,41.22,183.0,4203,4235,DROITE,0,LE PEN
59003,00003,Aibes,2017,249,40,209,204,16.06,LE PEN,MÉLENCHON,FILLON,MACRON,DUPONT-AIGNAN,43.14,15.2,13.24,12.75,9.8,DROITE,GAUCHE,DROITE,CENTRE,DROITE,12.75,1.96,66.18,19.12,3.23,17514.0,43.98,0.0,0.0,364,371,DROITE,0,LE PEN
59004,00004,Aix,2017,877,74,803,791,8.44,FILLON,LE PEN,MACRON,MÉLENCHON,DUPONT-AIGNAN,31.1,22.38,22.38,11.76,5.69,DROITE,DROITE,CENTRE,GAUCHE,DROITE,22.38,1.26,59.17,17.19,3.85,25532.0,58.73,0.0,0.0,1358,1368,DROITE,0,FILLON
59005,00005,Allennes-les-Marais,2017,2744,435,2309,2249,15.85,LE PEN,MACRON,MÉLENCHON,FILLON,DUPONT-AIGNAN,26.63,22.01,20.19,15.92,6.36,DROITE,CENTRE,GAUCHE,DROITE,DROITE,22.01,1.38,48.91,27.7,9.38,22985.0,58.76,14.15,49.0,3567,3627,DROITE,0,LE PEN
59006,00006,Amfroipret,2017,175,23,152,146,13.14,LE PEN,FILLON,MACRON,MÉLENCHON,DUPONT-AIGNAN,30.14,23.29,17.12,15.75,9.59,DROITE,DROITE,CENTRE,GAUCHE,DROITE,17.12,0.0,63.01,19.86,10.52,24860.0,55.44,0.0,0.0,223,227,DROITE,0,LE PEN
59007,00007,Anhiers,2017,626,87,539,529,13.9,LE PEN,MÉLENCHON,MACRON,FILLON,DUPONT-AIGNAN,43.1,25.71,15.12,7.94,3.21,DROITE,GAUCHE,CENTRE,DROITE,DROITE,15.12,1.89,54.25,28.73,13.51,19649.0,48.73,0.0,0.0,893,902,DROITE,0,LE PEN
59008,00008,Aniche,2017,6791,2029,4762,4660,29.88,LE PEN,MÉLENCHON,MACRON,FILLON,HAMON,41.42,27.04,12.51,6.87,4.53,DROITE,GAUCHE,CENTRE,DROITE,GAUCHE,12.51,1.24,52.3,33.95,23.83,15799.0,50.3,42.32,436.0,9997,10057,DROITE,0,LE PEN
59009,00009,Villeneuve-d'Ascq,2017,39182,8412,30770,30143,21.47,MÉLENCHON,MACRON,FILLON,LE PEN,HAMON,27.82,25.93,16.21,15.21,8.39,GAUCHE,CENTRE,DROITE,DROITE,GAUCHE,25.93,1.77,34.68,37.61,18.06,19900.0,66.78,85.52,5333.0,62067,62700,GAUCHE,1,MÉLENCHON
59010,00010,Anneux,2017,197,24,173,165,12.18,LE PEN,MACRON,MÉLENCHON,FILLON,DUPONT-AIGNAN,35.76,20.0,18.79,15.76,4.24,DROITE,CENTRE,GAUCHE,DROITE,DROITE,20.0,0.61,55.76,23.64,13.99,20865.0,57.71,0.0,0.0,260,261,DROITE,0,LE PEN
59011,00011,Annoeullin,2017,7410,1592,5818,5599,21.48,LE PEN,MACRON,MÉLENCHON,FILLON,HAMON,32.67,21.18,18.13,13.9,6.32,DROITE,CENTRE,GAUCHE,DROITE,GAUCHE,21.18,1.41,51.49,25.92,12.73,21040.0,58.73,36.42,382.0,10780,10879,DROITE,0,LE PEN
59012,00012,Anor,2017,2294,624,1670,1621,27.2,LE PEN,MÉLENCHON,MACRON,FILLON,DUPONT-AIGNAN,37.38,20.54,17.21,10.06,5.37,DROITE,GAUCHE,CENTRE,DROITE,DROITE,17.21,1.42,52.81,28.56,22.35,17072.0,53.37,22.34,73.0,3204,3240,DROITE,0,LE PEN
59013,00013,Anstaing,2017,1113,163,950,925,14.65,MACRON,MÉLENCHON,FILLON,LE PEN,HAMON,24.32,23.78,19.89,17.84,7.24,CENTRE,GAUCHE,DROITE,DROITE,GAUCHE,24.32,1.3,41.95,32.43,4.29,24253.0,64.01,13.27,19.0,1601,1626,CENTRE,1,MACRON
59014,00014,Anzin,2017,8649,2722,5927,5790,31.47,LE PEN,MÉLENCHON,MACRON,FILLON,HAMON,39.55,24.77,15.28,7.67,5.56,DROITE,GAUCHE,CENTRE,DROITE,GAUCHE,15.28,1.35,50.76,32.61,28.56,14963.0,55.82,59.06,793.0,13422,13504,DROITE,0,LE PEN
59015,00015,Arleux,2017,2291,406,1885,1838,17.72,LE PEN,MÉLENCHON,MACRON,FILLON,DUPONT-AIGNAN,44.23,17.25,13.71,12.51,6.2,DROITE,GAUCHE,CENTRE,DROITE,DROITE,13.71,1.31,62.95,22.03,15.62,19845.0,55.13,20.77,65.0,3151,3177,DROITE,0,LE PEN
59016,00016,Armbouts-Cappel,2017,1854,237,1617,1570,12.78,LE PEN,MACRON,MÉLENCHON,FILLON,DUPONT-AIGNAN,34.46,19.62,18.79,13.95,6.11,DROITE,CENTRE,GAUCHE,DROITE,DROITE,19.62,1.08,54.52,24.78,8.09,22284.0,53.1,6.53,15.0,2125,2169,DROITE,0,LE PEN
59017,00017,Armentières,2017,17127,4966,12161,11857,29.0,LE PEN,MÉLENCHON,MACRON,FILLON,HAMON,29.03,24.26,19.1,11.65,7.99,DROITE,GAUCHE,CENTRE,DROITE,GAUCHE,19.1,1.68,44.75,34.47,19.85,17264.0,59.94,64.44,1612.0,25581,25950,DROITE,0,LE PEN
59018,00018,Arnèke,2017,1167,161,1006,984,13.8,LE PEN,FILLON,MACRON,MÉLENCHON,DUPONT-AIGNAN,27.13,22.66,19.51,17.17,6.4,DROITE,DROITE,CENTRE,GAUCHE,DROITE,19.51,1.73,56.2,22.56,11.26,19539.0,61.51,3.66,6.0,1561,1578,DROITE,0,LE PEN
59019,00019,Artres,2017,741,118,623,611,15.92,LE PEN,MACRON,MÉLENCHON,FILLON,DUPONT-AIGNAN,30.44,22.91,16.53,16.2,6.38,DROITE,CENTRE,GAUCHE,DROITE,DROITE,22.91,2.29,53.03,21.77,14.05,22752.0,59.32,0.0,0.0,1064,1075,DROITE,0,LE PEN
59021,00021,Assevent,2017,1302,223,1079,1045,17.13,LE PEN,MACRON,MÉLENCHON,FILLON,DUPONT-AIGNAN,42.2,18.66,17.99,9.86,5.07,DROITE,CENTRE,GAUCHE,DROITE,DROITE,18.66,1.24,57.13,22.97,16.77,19471.0,51.24,7.08,13.0,1796,1811,DROITE,0,LE PEN
59022,00022,Attiches,2017,1862,292,1570,1541,15.68,LE PEN,MACRON,FILLON,MÉLENCHON,HAMON,28.62,21.8,19.73,15.7,5.52,DROITE,CENTRE,DROITE,GAUCHE,GAUCHE,21.8,1.95,53.54,22.71,9.65,24071.0,59.21,9.7,22.0,2238,2268,DROITE,0,LE PEN
59023,00023,Aubencheul-au-Bac,2017,421,64,357,341,15.2,LE PEN,FILLON,MÉLENCHON,MACRON,DUPONT-AIGNAN,36.66,16.72,15.84,13.78,10.56,DROITE,DROITE,GAUCHE,CENTRE,DROITE,13.78,1.76,63.93,20.53,13.71,21629.0,52.76,0.0,0.0,538,545,DROITE,0,LE PEN
59024,00024,Auberchicourt,2017,3241,709,2532,2455,21.88,LE PEN,MÉLENCHON,MACRON,FILLON,HAMON,38.29,21.83,17.07,8.51,6.84,DROITE,GAUCHE,CENTRE,DROITE,GAUCHE,17.07,0.69,51.32,30.92,17.81,18157.0,51.83,27.47,121.0,4626,4663,DROITE,0,LE PEN
59025,00025,Aubers,2017,1385,221,1164,1146,15.96,FILLON,MACRON,LE PEN,MÉLENCHON,DUPONT-AIGNAN,31.5,23.56,19.46,10.56,6.28,DROITE,CENTRE,DROITE,GAUCHE,DROITE,23.56,2.53,57.24,16.67,6.16,27613.0,63.9,0.0,0.0,1722,1752,DROITE,0,FILLON
59026,00026,Aubigny-au-Bac,2017,886,148,738,718,16.7,LE PEN,MÉLENCHON,MACRON,FILLON,DUPONT-AIGNAN,46.8,14.48,14.07,11.0,6.96,DROITE,GAUCHE,CENTRE,DROITE,DROITE,14.07,1.95,64.76,19.22,13.93,20809.0,53.2,11.82,14.0,1159,1175,DROITE,0,LE PEN
59027,00027,Aubry-du-Hainaut,2017,1267,194,1073,1042,15.31,LE PEN,MACRON,FILLON,MÉLENCHON,DUPONT-AIGNAN,27.35,23.13,20.92,15.36,5.85,DROITE,CENTRE,DROITE,GAUCHE,DROITE,23.13,1.82,54.13,20.92,8.82,23462.0,59.88,12.72,21.0,1726,1742,DROITE,0,LE PEN
59028,00028,Auby,2017,4991,1107,3884,3797,22.18,LE PEN,MÉLENCHON,MACRON,FILLON,HAMON,37.32,33.53,12.3,5.5,5.27,DROITE,GAUCHE,CENTRE,DROITE,GAUCHE,12.3,1.69,45.22,40.8,25.66,16623.0,56.47,44.61,325.0,7188,7222,DROITE,0,LE PEN
59029,00029,Auchy-lez-Orchies,2017,1030,112,918,900,10.87,FILLON,LE PEN,MACRON,MÉLENCHON,DUPONT-AIGNAN,29.78,23.11,20.11,14.33,6.22,DROITE,DROITE,CENTRE,GAUCHE,DROITE,20.11,1.67,59.11,19.11,6.8,24980.0,60.63,16.32,25.0,1486,1506,DROITE,0,FILLON
59031,00031,Audignies,2017,298,57,241,238,19.13,LE PEN,FILLON,MACRON,MÉLENCHON,DUPONT-AIGNAN,39.92,23.95,14.71,14.71,2.52,DROITE,DROITE,CENTRE,GAUCHE,DROITE,14.71,1.26,66.39,17.65,2.5,23086.0,54.62,0.0,0.0,369,375,DROITE,0,LE PEN
59032,00032,Aulnoy-lez-Valenciennes,2017,4741,1130,3611,3520,23.83,LE PEN,MÉLENCHON,MACRON,FILLON,HAMON,34.01,22.67,18.66,11.05,5.99,DROITE,GAUCHE,CENTRE,DROITE,GAUCHE,18.66,1.28,49.46,30.6,19.65,17953.0,54.93,48.52,355.0,7183,7252,DROITE,0,LE PEN
59033,00033,Aulnoye-Aymeries,2017,6691,2019,4672,4540,30.17,LE PEN,MÉLENCHON,MACRON,FILLON,HAMON,33.74,31.54,14.05,8.99,4.38,DROITE,GAUCHE,CENTRE,DROITE,GAUCHE,14.05,1.54,46.23,38.17,26.66,16545.0,48.99,39.18,347.0,8756,8994,DROITE,0,LE PEN
59034,00034,Avelin,2017,2182,344,1838,1808,15.77,FILLON,MACRON,LE PEN,MÉLENCHON,DUPONT-AIGNAN,28.98,25.11,21.63,10.95,6.03,DROITE,CENTRE,DROITE,GAUCHE,DROITE,25.11,1.0,56.64,17.26,7.17,27384.0,62.56,23.3,63.0,2600,2642,DROITE,0,FILLON
59035,00035,Avesnelles,2017,1949,507,1442,1417,26.01,LE PEN,MÉLENCHON,FILLON,MACRON,DUPONT-AIGNAN,31.9,20.04,19.41,14.89,7.2,DROITE,GAUCHE,DROITE,CENTRE,DROITE,14.89,1.41,58.5,25.19,19.76,18500.0,57.71,19.23,48.0,2280,2326,DROITE,0,LE PEN
59036,00036,Avesnes-sur-Helpe,2017,2996,1026,1970,1931,34.25,LE PEN,MÉLENCHON,FILLON,MACRON,HAMON,29.26,22.58,20.15,14.4,5.08,DROITE,GAUCHE,DROITE,CENTRE,GAUCHE,14.4,1.5,53.86,30.24,35.22,14204.0,61.21,52.0,242.0,4118,4254,DROITE,0,LE PEN
59037,00037,Avesnes-les-Aubert,2017,2630,509,2121,2088,19.35,LE PEN,MÉLENCHON,MACRON,FILLON,DUPONT-AIGNAN,40.52,27.97,12.21,7.85,4.69,DROITE,GAUCHE,CENTRE,DROITE,DROITE,12.21,0.81,53.07,33.91,22.52,17599.0,52.16,34.12,124.0,3606,3647,DROITE,0,LE PEN
59038,00038,Avesnes-le-Sec,2017,1064,159,905,889,14.94,LE PEN,MÉLENCHON,FILLON,MACRON,DUPONT-AIGNAN,40.16,22.16,15.52,14.17,4.61,DROITE,GAUCHE,DROITE,CENTRE,DROITE,14.17,0.56,60.29,24.97,14.0,20382.0,50.24,0.0,0.0,1447,1465,DROITE,0,LE PEN
59039,00039,Awoingt,2017,619,116,503,490,18.74,LE PEN,MACRON,FILLON,MÉLENCHON,DUPONT-AIGNAN,29.59,25.1,16.73,16.53,5.71,DROITE,CENTRE,DROITE,GAUCHE,DROITE,25.1,1.43,52.04,21.43,9.89,22664.0,57.21,0.0,0.0,790,814,DROITE,0,LE PEN
59041,00041,Bachant,2017,1823,460,1363,1313,25.23,LE PEN,MÉLENCHON,MACRON,FILLON,DUPONT-AIGNAN,40.97,26.73,12.11,7.92,4.57,DROITE,GAUCHE,CENTRE,DROITE,DROITE,12.11,0.91,53.47,33.51,22.2,17569.0,47.58,18.85,44.0,2258,2274,DROITE,0,LE PEN
59042,00042,Bachy,2017,1203,128,1075,1056,10.64,MACRON,FILLON,LE PEN,MÉLENCHON,DUPONT-AIGNAN,26.89,23.39,21.5,14.3,6.16,CENTRE,DROITE,DROITE,GAUCHE,DROITE,26.89,1.23,51.04,20.83,8.43,24915.0,61.97,6.51,11.0,1883,1915,CENTRE,1,MACRON
59043,00043,Bailleul,2017,10878,1933,8945,8709,17.77,LE PEN,MACRON,MÉLENCHON,FILLON,HAMON,29.02,20.53,18.2,17.4,5.8,DROITE,CENTRE,GAUCHE,DROITE,GAUCHE,20.53,1.72,51.62,26.12,13.19,20994.0,57.6,36.43,527.0,14869,15098,DROITE,0,LE PEN
59044,00044,Baisieux,2017,3791,684,3107,3062,18.04,MACRON,FILLON,LE PEN,MÉLENCHON,DUPONT-AIGNAN,25.38,23.12,22.89,15.15,5.55,CENTRE,DROITE,DROITE,GAUCHE,DROITE,25.38,1.7,51.57,21.36,5.56,24511.0,62.82,30.53,145.0,5177,5224,CENTRE,1,MACRON
59045,00045,Baives,2017,115,41,74,74,35.65,LE PEN,FILLON,DUPONT-AIGNAN,MÉLENCHON,MACRON,47.3,14.86,9.46,9.46,8.11,DROITE,DROITE,DROITE,GAUCHE,CENTRE,8.11,4.05,71.62,16.22,15.79,18107.0,58.97,0.0,0.0,163,168,DROITE,0,LE PEN
59046,00046,Bambecque,2017,563,73,490,477,12.97,LE PEN,FILLON,MACRON,MÉLENCHON,DUPONT-AIGNAN,35.43,22.43,16.77,11.32,6.5,DROITE,DROITE,CENTRE,GAUCHE,DROITE,16.77,1.26,64.36,17.61,15.71,19319.0,55.69,0.0,0.0,832,834,DROITE,0,LE PEN
59047,00047,Banteux,2017,266,55,211,207,20.68,LE PEN,FILLON,MÉLENCHON,MACRON,HAMON,39.61,18.36,16.91,11.59,4.83,DROITE,DROITE,GAUCHE,CENTRE,GAUCHE,11.59,1.93,62.32,24.15,21.43,18327.0,49.42,0.0,0.0,351,354,DROITE,0,LE PEN
59048,00048,Bantigny,2017,386,50,336,322,12.95,LE PEN,MACRON,FILLON,MÉLENCHON,DUPONT-AIGNAN,34.16,22.36,17.39,13.66,5.28,DROITE,CENTRE,DROITE,GAUCHE,DROITE,22.36,2.48,56.83,18.32,11.76,22500.0,54.08,0.0,0.0,507,515,DROITE,0,LE PEN
59049,00049,Bantouzelle,2017,316,73,243,236,23.1,LE PEN,MÉLENCHON,MACRON,FILLON,DUPONT-AIGNAN,39.41,16.53,15.25,14.83,9.32,DROITE,GAUCHE,CENTRE,DROITE,DROITE,15.25,2.54,63.56,18.64,22.55,18517.0,59.86,0.0,0.0,440,447,DROITE,0,LE PEN
59050,00050,Bas-Lieu,2017,233,34,199,197,14.59,LE PEN,FILLON,MACRON,MÉLENCHON,DUPONT-AIGNAN,31.98,23.86,20.3,8.63,8.12,DROITE,DROITE,CENTRE,GAUCHE,DROITE,20.3,1.52,63.96,14.21,23.81,20601.0,50.61,0.0,0.0,339,347,DROITE,0,LE PEN
59051,00051,La Bassée,2017,4409,1006,3403,3318,22.82,LE PEN,MACRON,MÉLENCHON,FILLON,DUPONT-AIGNAN,33.94,18.63,17.99,13.8,6.72,DROITE,CENTRE,GAUCHE,DROITE,DROITE,18.63,1.45,54.46,25.47,15.22,18819.0,56.44,45.01,289.0,6622,6660,DROITE,0,LE PEN
59052,00052,Bauvin,2017,4113,859,3254,3162,20.88,LE PEN,MÉLENCHON,MACRON,FILLON,HAMON,39.47,21.76,16.41,9.49,4.87,DROITE,GAUCHE,CENTRE,DROITE,GAUCHE,16.41,1.39,53.45,28.75,12.65,20365.0,53.2,24.09,126.0,4999,5042,DROITE,0,LE PEN
59053,00053,Bavay,2017,2222,409,1813,1757,18.41,LE PEN,FILLON,MACRON,MÉLENCHON,DUPONT-AIGNAN,37.11,17.76,17.3,14.51,5.86,DROITE,DROITE,CENTRE,GAUCHE,DROITE,17.3,1.59,60.73,20.38,20.82,18379.0,54.61,37.31,125.0,3246,3306,DROITE,0,LE PEN
59054,00054,Bavinchove,2017,745,129,616,594,17.32,LE PEN,MACRON,MÉLENCHON,FILLON,DUPONT-AIGNAN,31.31,21.72,15.99,15.15,7.91,DROITE,CENTRE,GAUCHE,DROITE,DROITE,21.72,0.67,54.38,23.23,11.96,20784.0,53.79,7.29,7.0,1046,1054,DROITE,0,LE PEN
59055,00055,Bazuel,2017,429,96,333,322,22.38,LE PEN,FILLON,MACRON,MÉLENCHON,DUPONT-AIGNAN,38.51,23.6,15.84,11.49,4.97,DROITE,DROITE,CENTRE,GAUCHE,DROITE,15.84,0.31,67.08,16.77,20.0,17630.0,57.49,16.89,9.0,537,546,DROITE,0,LE PEN
59056,00056,Beaucamps-Ligny,2017,742,106,636,619,14.29,FILLON,MACRON,LE PEN,MÉLENCHON,DUPONT-AIGNAN,38.61,26.17,16.32,9.37,4.85,DROITE,CENTRE,DROITE,GAUCHE,DROITE,26.17,1.13,59.77,12.92,7.59,27237.0,70.4,17.5,15.0,844,867,DROITE,0,FILLON
59057,00057,Beaudignies,2017,430,49,381,370,11.4,LE PEN,FILLON,MACRON,MÉLENCHON,DUPONT-AIGNAN,32.7,18.38,17.84,15.14,6.49,DROITE,DROITE,CENTRE,GAUCHE,DROITE,17.84,2.97,57.57,21.62,4.08,20787.0,51.22,0.0,0.0,568,572,DROITE,0,LE PEN
59058,00058,Beaufort,2017,799,122,677,668,15.27,LE PEN,FILLON,MACRON,MÉLENCHON,DUPONT-AIGNAN,39.07,22.75,13.92,12.57,7.19,DROITE,DROITE,CENTRE,GAUCHE,DROITE,13.92,1.5,69.01,15.57,8.42,20893.0,50.59,0.0,0.0,1024,1037,DROITE,0,LE PEN
59059,00059,Beaumont-en-Cambrésis,2017,333,71,262,256,21.32,LE PEN,MACRON,MÉLENCHON,FILLON,DUPONT-AIGNAN,41.02,19.92,17.58,11.72,4.3,DROITE,CENTRE,GAUCHE,DROITE,DROITE,19.92,2.34,57.03,20.7,19.15,17835.0,56.64,0.0,0.0,452,459,DROITE,0,LE PEN
59060,00060,Beaurain,2017,176,33,143,140,18.75,LE PEN,MACRON,MÉLENCHON,FILLON,DUPONT-AIGNAN,50.0,12.86,12.86,10.0,5.71,DROITE,CENTRE,GAUCHE,DROITE,DROITE,12.86,3.57,65.71,17.86,4.35,19059.0,54.19,0.0,0.0,233,239,DROITE,0,LE PEN
59061,00061,Beaurepaire-sur-Sambre,2017,189,39,150,148,20.63,LE PEN,FILLON,MACRON,MÉLENCHON,DUPONT-AIGNAN,35.14,22.3,13.51,11.49,8.11,DROITE,DROITE,CENTRE,GAUCHE,DROITE,13.51,2.7,65.54,18.24,9.76,17676.0,59.6,0.0,0.0,275,277,DROITE,0,LE PEN
59062,00062,Beaurieux,2017,107,14,93,92,13.08,LE PEN,FILLON,MACRON,MÉLENCHON,LASSALLE,27.17,26.09,19.57,16.3,4.35,DROITE,DROITE,CENTRE,GAUCHE,DIVERS,19.57,4.35,56.52,19.57,16.67,22157.0,50.86,0.0,0.0,164,171,DROITE,0,LE PEN
59063,00063,Beauvois-en-Cambrésis,2017,1532,348,1184,1160,22.72,LE PEN,MACRON,MÉLENCHON,FILLON,DUPONT-AIGNAN,40.6,19.05,15.95,11.12,4.91,DROITE,CENTRE,GAUCHE,DROITE,DROITE,19.05,2.59,56.64,21.72,25.73,17952.0,52.44,12.99,27.0,1959,1976,DROITE,0,LE PEN
59064,00064,Bellaing,2017,963,168,795,767,17.45,LE PEN,MÉLENCHON,MACRON,FILLON,DUPONT-AIGNAN,28.42,22.56,17.47,16.43,6.39,DROITE,GAUCHE,CENTRE,DROITE,DROITE,17.47,2.09,51.24,29.2,17.48,19952.0,50.69,34.29,42.0,1329,1341,DROITE,0,LE PEN
59065,00065,Bellignies,2017,623,148,475,465,23.76,LE PEN,MACRON,MÉLENCHON,FILLON,HAMON,38.49,16.99,16.99,15.7,4.09,DROITE,CENTRE,GAUCHE,DROITE,GAUCHE,16.99,1.08,58.06,23.87,18.75,20711.0,51.45,0.0,0.0,809,827,DROITE,0,LE PEN
59066,00066,Bérelles,2017,102,20,82,80,19.61,LE PEN,MACRON,FILLON,MÉLENCHON,DUPONT-AIGNAN,33.75,20.0,17.5,11.25,8.75,DROITE,CENTRE,DROITE,GAUCHE,DROITE,20.0,3.75,60.0,16.25,18.18,22968.0,50.0,0.0,0.0,162,167,DROITE,0,LE PEN
59067,00067,Bergues,2017,2992,713,2279,2224,23.83,LE PEN,FILLON,MACRON,MÉLENCHON,DUPONT-AIGNAN,32.46,18.84,18.3,16.91,5.26,DROITE,DROITE,CENTRE,GAUCHE,DROITE,18.3,1.53,56.56,23.61,15.31,19373.0,59.78,29.77,111.0,3561,3601,DROITE,0,LE PEN
59068,00068,Berlaimont,2017,2372,605,1767,1712,25.51,LE PEN,MÉLENCHON,FILLON,MACRON,DUPONT-AIGNAN,32.89,21.32,16.71,16.59,4.85,DROITE,GAUCHE,DROITE,CENTRE,DROITE,16.59,1.4,54.44,27.57,19.38,18438.0,53.52,18.36,57.0,3180,3216,DROITE,0,LE PEN
59069,00069,Bermerain,2017,567,95,472,455,16.75,LE PEN,MÉLENCHON,MACRON,FILLON,DUPONT-AIGNAN,31.65,20.88,17.8,17.14,5.71,DROITE,GAUCHE,CENTRE,DROITE,DROITE,17.8,1.32,54.51,26.37,11.3,20848.0,54.54,0.0,0.0,763,775,DROITE,0,LE PEN
59070,00070,Bermeries,2017,278,44,234,228,15.83,LE PEN,FILLON,MACRON,MÉLENCHON,DUPONT-AIGNAN,35.53,21.05,14.91,12.72,6.58,DROITE,DROITE,CENTRE,GAUCHE,DROITE,14.91,0.88,63.16,21.05,12.73,22159.0,55.22,6.11,7.0,378,381,DROITE,0,LE PEN
59071,00071,Bersée,2017,1860,258,1602,1573,13.87,MACRON,FILLON,LE PEN,MÉLENCHON,DUPONT-AIGNAN,26.13,24.92,22.31,12.59,6.68,CENTRE,DROITE,DROITE,GAUCHE,DROITE,26.13,2.1,53.91,17.86,7.57,24905.0,59.12,6.78,15.0,2296,2345,CENTRE,1,MACRON
59072,00072,Bersillies,2017,203,41,162,161,20.2,LE PEN,MACRON,FILLON,MÉLENCHON,DUPONT-AIGNAN,32.3,24.22,21.74,11.8,4.97,DROITE,CENTRE,DROITE,GAUCHE,DROITE,24.22,0.62,59.01,16.15,4.35,22083.0,46.19,0.0,0.0,250,252,DROITE,0,LE PEN
59073,00073,Berthen,2017,454,63,391,376,13.88,LE PEN,FILLON,MACRON,MÉLENCHON,DUPONT-AIGNAN,25.53,23.4,20.48,15.69,6.38,DROITE,DROITE,CENTRE,GAUCHE,DROITE,20.48,2.66,55.32,21.54,5.36,21979.0,57.46,0.0,0.0,597,607,DROITE,0,LE PEN
59074,00074,Bertry,2017,1666,363,1303,1261,21.79,LE PEN,MÉLENCHON,MACRON,FILLON,DUPONT-AIGNAN,36.64,18.79,15.94,11.9,7.22,DROITE,GAUCHE,CENTRE,DROITE,DROITE,15.94,2.3,55.75,26.01,16.85,18413.0,52.8,11.0,24.0,2148,2173,DROITE,0,LE PEN
59075,00075,Béthencourt,2017,538,81,457,443,15.06,LE PEN,FILLON,MACRON,MÉLENCHON,DUPONT-AIGNAN,39.28,20.99,13.54,11.74,7.45,DROITE,DROITE,CENTRE,GAUCHE,DROITE,13.54,2.03,67.72,16.7,11.27,19347.0,51.97,17.36,13.0,716,721,DROITE,0,LE PEN
59076,00076,Bettignies,2017,210,28,182,180,13.33,LE PEN,MÉLENCHON,MACRON,FILLON,DUPONT-AIGNAN,35.56,17.78,17.22,14.44,7.78,DROITE,GAUCHE,CENTRE,DROITE,DROITE,17.22,2.78,57.78,22.22,11.21,19116.0,44.88,0.0,0.0,309,314,DROITE,0,LE PEN
59077,00077,Bettrechies,2017,174,30,144,140,17.24,LE PEN,MÉLENCHON,MACRON,FILLON,DUPONT-AIGNAN,30.0,19.29,17.86,16.43,6.43,DROITE,GAUCHE,CENTRE,DROITE,DROITE,17.86,5.0,52.86,24.29,14.29,20582.0,60.57,0.0,0.0,258,264,DROITE,0,LE PEN
59078,00078,Beugnies,2017,442,73,369,362,16.52,LE PEN,MÉLENCHON,FILLON,MACRON,DUPONT-AIGNAN,35.91,17.68,17.13,16.02,7.46,DROITE,GAUCHE,DROITE,CENTRE,DROITE,16.02,0.55,60.5,22.93,20.9,19614.0,50.88,0.0,0.0,611,617,DROITE,0,LE PEN
59079,00079,Beuvrages,2017,4627,1340,3287,3214,28.96,LE PEN,MÉLENCHON,MACRON,FILLON,HAMON,37.34,29.65,14.84,7.06,4.26,DROITE,GAUCHE,CENTRE,DROITE,GAUCHE,14.84,1.0,47.95,36.22,27.27,15389.0,49.63,29.88,199.0,6784,6818,DROITE,0,LE PEN
59080,00080,Beuvry-la-Forêt,2017,2260,374,1886,1837,16.55,LE PEN,MACRON,FILLON,MÉLENCHON,DUPONT-AIGNAN,26.84,23.41,18.4,17.8,5.82,DROITE,CENTRE,DROITE,GAUCHE,DROITE,23.41,1.2,51.06,24.33,9.16,23058.0,57.48,16.04,44.0,2834,2875,DROITE,0,LE PEN
59081,00081,Bévillers,2017,441,69,372,359,15.65,LE PEN,FILLON,MACRON,MÉLENCHON,DUPONT-AIGNAN,38.44,18.11,15.32,14.76,5.57,DROITE,DROITE,CENTRE,GAUCHE,DROITE,15.32,0.56,62.12,22.01,12.96,19502.0,55.3,0.0,0.0,549,561,DROITE,0,LE PEN
59082,00082,Bierne,2017,1417,190,1227,1194,13.41,LE PEN,MACRON,MÉLENCHON,FILLON,DUPONT-AIGNAN,33.42,23.12,16.58,13.07,6.78,DROITE,CENTRE,GAUCHE,DROITE,DROITE,23.12,1.26,53.27,22.36,12.85,22936.0,51.31,6.6,12.0,1772,1798,DROITE,0,LE PEN
59083,00083,Bissezeele,2017,182,28,154,149,15.38,FILLON,LE PEN,MÉLENCHON,MACRON,DUPONT-AIGNAN,28.19,26.17,17.45,16.11,9.4,DROITE,DROITE,GAUCHE,CENTRE,DROITE,16.11,0.0,63.76,20.13,6.67,22246.0,59.17,0.0,0.0,246,257,DROITE,0,FILLON
59084,00084,Blaringhem,2017,1629,320,1309,1266,19.64,LE PEN,MACRON,FILLON,MÉLENCHON,DUPONT-AIGNAN,31.52,21.01,17.3,16.9,6.48,DROITE,CENTRE,DROITE,GAUCHE,DROITE,21.01,1.26,55.29,22.43,9.92,19949.0,54.06,6.26,13.0,2043,2073,DROITE,0,LE PEN
59085,00085,Blécourt,2017,277,42,235,232,15.16,LE PEN,FILLON,MACRON,MÉLENCHON,DUPONT-AIGNAN,37.93,19.83,18.97,9.91,7.33,DROITE,DROITE,CENTRE,GAUCHE,DROITE,18.97,2.59,65.09,13.36,18.67,22718.0,52.17,0.0,0.0,306,312,DROITE,0,LE PEN
59086,00086,Boeschepe,2017,1748,316,1432,1393,18.08,LE PEN,MACRON,MÉLENCHON,FILLON,HAMON,29.43,18.45,17.88,17.52,7.82,DROITE,CENTRE,GAUCHE,DROITE,GAUCHE,18.45,1.58,52.69,27.28,9.96,21422.0,58.19,2.74,6.0,2179,2209,DROITE,0,LE PEN
59087,00087,Boëseghem,2017,604,85,519,508,14.07,LE PEN,MACRON,MÉLENCHON,FILLON,HAMON,32.87,21.26,16.54,13.98,6.5,DROITE,CENTRE,GAUCHE,DROITE,GAUCHE,21.26,1.97,50.59,26.18,9.92,19350.0,53.66,0.0,0.0,741,754,DROITE,0,LE PEN
59088,00088,Bois-Grenier,2017,1349,191,1158,1129,14.16,FILLON,MACRON,LE PEN,MÉLENCHON,DUPONT-AIGNAN,35.34,22.14,18.33,13.64,4.78,DROITE,CENTRE,DROITE,GAUCHE,DROITE,22.14,1.15,58.46,18.25,10.03,26546.0,65.67,22.46,36.0,1793,1817,DROITE,0,FILLON
59089,00089,Bollezeele,2017,1065,163,902,880,15.31,LE PEN,FILLON,MÉLENCHON,MACRON,DUPONT-AIGNAN,35.11,22.39,15.34,15.0,5.91,DROITE,DROITE,GAUCHE,CENTRE,DROITE,15.0,1.7,63.41,19.89,14.47,19455.0,57.59,0.0,0.0,1423,1453,DROITE,0,LE PEN
59090,00090,Bondues,2017,9112,1946,7166,7072,21.36,FILLON,MACRON,LE PEN,MÉLENCHON,DUPONT-AIGNAN,54.58,22.09,9.26,6.31,3.68,DROITE,CENTRE,DROITE,GAUCHE,DROITE,22.09,1.12,67.52,9.28,12.14,31947.0,70.63,30.86,310.0,9713,9896,DROITE,0,FILLON
59091,00091,Borre,2017,454,52,402,384,11.45,FILLON,LE PEN,MACRON,MÉLENCHON,DUPONT-AIGNAN,27.86,26.82,19.53,11.72,6.77,DROITE,DROITE,CENTRE,GAUCHE,DROITE,19.53,1.3,61.46,17.71,3.45,22235.0,54.55,0.0,0.0,576,591,DROITE,0,FILLON
59092,00092,Bouchain,2017,3084,636,2448,2405,20.62,LE PEN,MÉLENCHON,MACRON,FILLON,DUPONT-AIGNAN,37.09,22.04,16.13,13.26,4.82,DROITE,GAUCHE,CENTRE,DROITE,DROITE,16.13,1.5,55.18,27.19,19.45,19158.0,52.6,43.27,173.0,3996,4025,DROITE,0,LE PEN
59093,00093,Boulogne-sur-Helpe,2017,256,23,233,229,8.98,LE PEN,FILLON,MACRON,MÉLENCHON,DUPONT-AIGNAN,31.44,27.07,16.59,10.48,6.11,DROITE,DROITE,CENTRE,GAUCHE,DROITE,16.59,2.18,64.63,16.59,2.78,19928.0,50.0,0.0,0.0,310,316,DROITE,0,LE PEN
59094,00094,Bourbourg,2017,4998,1116,3882,3784,22.33,LE PEN,MÉLENCHON,MACRON,FILLON,DUPONT-AIGNAN,41.89,15.2,14.64,14.43,5.55,DROITE,GAUCHE,CENTRE,DROITE,DROITE,14.64,1.53,61.87,21.96,19.26,17683.0,53.39,22.64,161.0,7023,7072,DROITE,0,LE PEN
59096,00096,Bourghelles,2017,1280,172,1108,1091,13.44,FILLON,MACRON,LE PEN,MÉLENCHON,DUPONT-AIGNAN,29.06,25.3,16.68,15.03,7.06,DROITE,CENTRE,DROITE,GAUCHE,DROITE,25.3,1.74,52.8,20.16,7.83,26273.0,64.63,11.93,20.0,1673,1713,DROITE,0,FILLON
59097,00097,Boursies,2017,241,37,204,198,15.35,LE PEN,FILLON,MÉLENCHON,MACRON,DUPONT-AIGNAN,41.41,19.7,11.62,8.59,8.08,DROITE,DROITE,GAUCHE,CENTRE,DROITE,8.59,1.52,69.19,20.71,24.32,19237.0,45.49,0.0,0.0,392,394,DROITE,0,LE PEN
59098,00098,Bousbecque,2017,3725,747,2978,2912,20.05,LE PEN,FILLON,MACRON,MÉLENCHON,DUPONT-AIGNAN,27.82,26.27,20.71,13.32,6.04,DROITE,DROITE,CENTRE,GAUCHE,DROITE,20.71,1.27,60.13,17.89,8.87,22338.0,56.28,27.52,133.0,4847,4902,DROITE,0,LE PEN
59099,00099,Bousies,2017,1298,242,1056,1017,18.64,LE PEN,MÉLENCHON,MACRON,FILLON,HAMON,37.36,18.49,18.29,13.27,4.52,DROITE,GAUCHE,CENTRE,DROITE,GAUCHE,18.29,1.57,55.06,25.07,17.54,18234.0,54.39,3.46,6.0,1771,1798,DROITE,0,LE PEN
59100,00100,Bousignies,2017,231,29,202,196,12.55,FILLON,LE PEN,MACRON,MÉLENCHON,HAMON,28.06,23.98,21.43,13.27,4.59,DROITE,DROITE,CENTRE,GAUCHE,GAUCHE,21.43,1.02,56.12,21.43,3.85,22838.0,58.22,0.0,0.0,349,361,DROITE,0,FILLON
59101,00101,Bousignies-sur-Roc,2017,236,58,178,177,24.58,LE PEN,FILLON,MÉLENCHON,MACRON,DUPONT-AIGNAN,40.11,23.73,14.69,10.73,6.21,DROITE,DROITE,GAUCHE,CENTRE,DROITE,10.73,1.13,70.06,18.08,12.25,21113.0,51.35,0.0,0.0,376,387,DROITE,0,LE PEN
59102,00102,Boussières-en-Cambrésis,2017,311,57,254,247,18.33,LE PEN,FILLON,MACRON,MÉLENCHON,DUPONT-AIGNAN,37.25,21.86,13.77,12.55,6.07,DROITE,DROITE,CENTRE,GAUCHE,DROITE,13.77,4.45,65.18,16.6,19.67,19928.0,54.74,0.0,0.0,446,450,DROITE,0,LE PEN
59103,00103,Boussières-sur-Sambre,2017,342,58,284,273,16.96,LE PEN,MÉLENCHON,MACRON,FILLON,DUPONT-AIGNAN,37.0,17.95,16.85,14.65,5.13,DROITE,GAUCHE,CENTRE,DROITE,DROITE,16.85,1.47,56.78,24.91,14.63,20774.0,47.58,0.0,0.0,513,521,DROITE,0,LE PEN
59104,00104,Boussois,2017,2196,507,1689,1634,23.09,LE PEN,MÉLENCHON,MACRON,FILLON,HAMON,39.78,26.25,12.67,8.63,4.41,DROITE,GAUCHE,CENTRE,DROITE,GAUCHE,12.67,1.65,52.02,33.66,19.64,17350.0,49.83,23.42,76.0,3157,3181,DROITE,0,LE PEN
59105,00105,Bouvignies,2017,1292,204,1088,1060,15.79,LE PEN,MACRON,FILLON,MÉLENCHON,HAMON,25.38,21.51,21.23,17.36,6.51,DROITE,CENTRE,DROITE,GAUCHE,GAUCHE,21.51,0.94,52.17,25.38,7.59,24540.0,60.83,7.14,11.0,1548,1581,DROITE,0,LE PEN
59106,00106,Bouvines,2017,588,61,527,521,10.37,MACRON,FILLON,LE PEN,MÉLENCHON,HAMON,31.67,26.1,16.51,13.24,5.37,CENTRE,DROITE,DROITE,GAUCHE,GAUCHE,31.67,0.96,47.6,19.77,5.2,27396.0,67.51,0.0,0.0,755,769,CENTRE,1,MACRON
59107,00107,Bray-Dunes,2017,3819,860,2959,2889,22.52,LE PEN,FILLON,MACRON,MÉLENCHON,DUPONT-AIGNAN,34.27,19.0,17.93,15.99,4.64,DROITE,DROITE,CENTRE,GAUCHE,DROITE,17.93,2.04,57.91,22.12,19.63,20070.0,53.04,44.04,200.0,4380,4446,DROITE,0,LE PEN
59108,00108,Briastre,2017,503,74,429,418,14.71,LE PEN,MÉLENCHON,MACRON,FILLON,HAMON,38.52,25.36,15.07,9.33,4.78,DROITE,GAUCHE,CENTRE,DROITE,GAUCHE,15.07,1.91,51.91,31.1,16.67,18489.0,56.04,0.0,0.0,713,720,DROITE,0,LE PEN
59109,00109,Brillon,2017,613,97,516,505,15.82,FILLON,MACRON,LE PEN,MÉLENCHON,DUPONT-AIGNAN,28.91,24.95,19.8,13.27,5.15,DROITE,CENTRE,DROITE,GAUCHE,DROITE,24.95,2.77,53.86,18.42,12.08,23685.0,63.49,0.0,0.0,773,782,DROITE,0,FILLON
59110,00110,Brouckerque,2017,1124,167,957,933,14.86,LE PEN,FILLON,MACRON,MÉLENCHON,DUPONT-AIGNAN,36.01,19.72,17.68,12.54,6.86,DROITE,DROITE,CENTRE,GAUCHE,DROITE,17.68,2.47,62.59,17.26,8.33,24265.0,50.36,0.0,0.0,1444,1468,DROITE,0,LE PEN
59111,00111,Broxeele,2017,272,58,214,210,21.32,LE PEN,FILLON,MACRON,MÉLENCHON,HAMON,36.67,18.57,16.19,16.19,4.76,DROITE,DROITE,CENTRE,GAUCHE,GAUCHE,16.19,0.48,59.05,24.29,5.13,21393.0,45.71,0.0,0.0,404,408,DROITE,0,LE PEN
59112,00112,Bruay-sur-l'Escaut,2017,7892,2207,5685,5543,27.97,LE PEN,MÉLENCHON,MACRON,FILLON,DUPONT-AIGNAN,46.24,20.93,13.58,6.58,4.82,DROITE,GAUCHE,CENTRE,DROITE,DROITE,13.58,1.44,57.64,27.33,25.43,15578.0,52.57,53.62,624.0,11309,11363,DROITE,0,LE PEN
59113,00113,Bruille-lez-Marchiennes,2017,881,114,767,748,12.94,MÉLENCHON,LE PEN,MACRON,FILLON,DUPONT-AIGNAN,33.82,32.62,13.24,7.62,4.95,GAUCHE,DROITE,CENTRE,DROITE,DROITE,13.24,2.27,45.19,39.3,12.9,18582.0,47.97,17.36,23.0,1350,1356,GAUCHE,1,MÉLENCHON
59114,00114,Bruille-Saint-Amand,2017,1218,249,969,947,20.44,LE PEN,MÉLENCHON,MACRON,FILLON,DUPONT-AIGNAN,37.7,18.37,17.95,15.52,5.07,DROITE,GAUCHE,CENTRE,DROITE,DROITE,17.95,0.84,58.29,22.91,14.37,21565.0,57.28,11.36,19.0,1682,1698,DROITE,0,LE PEN
59115,00115,Brunémont,2017,499,95,404,393,19.04,LE PEN,MACRON,MÉLENCHON,FILLON,DUPONT-AIGNAN,44.78,15.52,14.25,10.43,7.63,DROITE,CENTRE,GAUCHE,DROITE,DROITE,15.52,1.02,62.85,20.61,16.39,20381.0,53.17,0.0,0.0,710,718,DROITE,0,LE PEN
59116,00116,Bry,2017,296,32,264,259,10.81,FILLON,LE PEN,MACRON,MÉLENCHON,DUPONT-AIGNAN,28.19,23.17,22.01,15.83,4.63,DROITE,DROITE,CENTRE,GAUCHE,DROITE,22.01,2.32,55.98,19.69,9.38,24696.0,64.69,0.0,0.0,410,419,DROITE,0,FILLON
59117,00117,Bugnicourt,2017,771,128,643,626,16.6,LE PEN,MÉLENCHON,MACRON,FILLON,DUPONT-AIGNAN,38.5,18.53,16.61,14.06,6.87,DROITE,GAUCHE,CENTRE,DROITE,DROITE,16.61,1.6,59.42,22.36,13.98,20162.0,51.71,8.06,8.0,1074,1086,DROITE,0,LE PEN
59118,00118,Busigny,2017,1804,369,1435,1404,20.45,LE PEN,MÉLENCHON,MACRON,FILLON,DUPONT-AIGNAN,44.09,14.32,14.03,13.82,6.41,DROITE,GAUCHE,CENTRE,DROITE,DROITE,14.03,1.78,64.32,19.87,24.27,16755.0,54.48,11.25,28.0,2435,2460,DROITE,0,LE PEN
59119,00119,Buysscheure,2017,426,62,364,360,14.55,LE PEN,FILLON,MÉLENCHON,MACRON,DUPONT-AIGNAN,31.39,21.67,18.89,18.33,3.89,DROITE,DROITE,GAUCHE,CENTRE,DROITE,18.33,1.11,56.94,23.61,10.2,20104.0,53.3,0.0,0.0,590,596,DROITE,0,LE PEN
59120,00120,Caëstre,2017,1462,217,1245,1205,14.84,LE PEN,FILLON,MACRON,MÉLENCHON,DUPONT-AIGNAN,26.97,24.98,20.83,13.86,6.64,DROITE,DROITE,CENTRE,GAUCHE,DROITE,20.83,1.49,58.59,19.09,9.45,22022.0,57.21,8.18,16.0,2006,2044,DROITE,0,LE PEN
59121,00121,Cagnoncles,2017,472,101,371,359,21.4,LE PEN,FILLON,MACRON,MÉLENCHON,DUPONT-AIGNAN,42.62,15.88,15.6,11.42,7.8,DROITE,DROITE,CENTRE,GAUCHE,DROITE,15.6,2.79,66.3,15.32,7.01,21550.0,59.92,0.0,0.0,645,652,DROITE,0,LE PEN
59122,00122,Cambrai,2017,23187,6894,16293,15935,29.73,LE PEN,FILLON,MACRON,MÉLENCHON,DUPONT-AIGNAN,28.5,20.22,19.22,17.41,6.16,DROITE,DROITE,CENTRE,GAUCHE,DROITE,19.22,1.8,54.88,24.1,24.27,17703.0,57.86,52.19,1705.0,31425,31972,DROITE,0,LE PEN
59123,00123,Camphin-en-Carembault,2017,1349,214,1135,1109,15.86,LE PEN,MACRON,FILLON,MÉLENCHON,DUPONT-AIGNAN,25.07,23.53,20.92,15.96,6.76,DROITE,CENTRE,DROITE,GAUCHE,DROITE,23.53,1.08,52.75,22.63,5.23,24121.0,56.29,13.97,23.0,1714,1730,DROITE,0,LE PEN
59124,00124,Camphin-en-Pévèle,2017,1770,288,1482,1453,16.27,FILLON,MACRON,LE PEN,MÉLENCHON,DUPONT-AIGNAN,31.93,24.57,18.72,13.76,5.44,DROITE,CENTRE,DROITE,GAUCHE,DROITE,24.57,1.65,56.09,17.69,7.2,26207.0,65.67,16.5,39.0,2501,2571,DROITE,0,FILLON
59125,00125,Cantaing-sur-Escaut,2017,329,51,278,268,15.5,LE PEN,FILLON,MACRON,DUPONT-AIGNAN,MÉLENCHON,35.45,19.78,15.3,10.82,9.33,DROITE,DROITE,CENTRE,DROITE,GAUCHE,15.3,2.24,66.04,16.42,7.14,21842.0,51.3,0.0,0.0,407,416,DROITE,0,LE PEN
59126,00126,Cantin,2017,1072,150,922,899,13.99,LE PEN,MACRON,MÉLENCHON,FILLON,DUPONT-AIGNAN,38.04,18.58,16.02,15.35,5.34,DROITE,CENTRE,GAUCHE,DROITE,DROITE,18.58,0.67,58.73,22.02,14.17,20502.0,52.4,7.75,12.0,1770,1784,DROITE,0,LE PEN
59127,00127,Capelle,2017,128,17,111,111,13.28,LE PEN,MACRON,MÉLENCHON,FILLON,DUPONT-AIGNAN,27.93,19.82,15.32,14.41,10.81,DROITE,CENTRE,GAUCHE,DROITE,DROITE,19.82,1.8,53.15,25.23,10.53,22654.0,57.14,0.0,0.0,137,142,DROITE,0,LE PEN
59128,00128,Capinghem,2017,1556,262,1294,1266,16.84,FILLON,MACRON,LE PEN,MÉLENCHON,DUPONT-AIGNAN,29.15,24.88,17.54,17.06,5.37,DROITE,CENTRE,DROITE,GAUCHE,DROITE,24.88,1.5,52.05,21.56,11.5,24556.0,66.94,50.33,122.0,2474,2506,DROITE,0,FILLON
59129,00129,Cappelle-en-Pévèle,2017,1743,252,1491,1456,14.46,MACRON,LE PEN,FILLON,MÉLENCHON,DUPONT-AIGNAN,24.38,23.15,21.57,14.63,5.56,CENTRE,DROITE,DROITE,GAUCHE,DROITE,24.38,2.88,50.27,22.46,7.62,24139.0,61.48,16.57,37.0,2262,2308,CENTRE,1,MACRON
59130,00130,Cappelle-Brouck,2017,946,172,774,751,18.18,LE PEN,FILLON,MÉLENCHON,MACRON,DUPONT-AIGNAN,36.35,17.58,16.25,15.71,5.86,DROITE,DROITE,GAUCHE,CENTRE,DROITE,15.71,2.53,59.79,21.97,13.06,20261.0,54.56,0.0,0.0,1158,1177,DROITE,0,LE PEN
59131,00131,Cappelle-la-Grande,2017,6349,1301,5048,4876,20.49,LE PEN,MÉLENCHON,MACRON,FILLON,DUPONT-AIGNAN,41.53,21.29,14.03,7.42,5.84,DROITE,GAUCHE,CENTRE,DROITE,DROITE,14.03,1.42,54.8,29.76,16.98,18696.0,53.37,21.3,168.0,7899,7975,DROITE,0,LE PEN
59132,00132,Carnières,2017,710,84,626,609,11.83,LE PEN,MÉLENCHON,MACRON,FILLON,DUPONT-AIGNAN,42.2,16.58,14.78,13.46,5.58,DROITE,GAUCHE,CENTRE,DROITE,DROITE,14.78,1.31,61.25,22.66,13.24,20402.0,55.56,14.55,16.0,998,1010,DROITE,0,LE PEN
59133,00133,Carnin,2017,769,95,674,649,12.35,LE PEN,MACRON,FILLON,MÉLENCHON,HAMON,25.12,23.57,18.64,16.49,7.86,DROITE,CENTRE,DROITE,GAUCHE,GAUCHE,23.57,1.39,49.61,25.42,2.02,24873.0,60.0,0.0,0.0,1076,1090,DROITE,0,LE PEN
59134,00134,Cartignies,2017,841,139,702,687,16.53,LE PEN,FILLON,MACRON,DUPONT-AIGNAN,MÉLENCHON,35.95,23.44,13.97,11.35,9.75,DROITE,DROITE,CENTRE,DROITE,GAUCHE,13.97,2.04,70.74,13.25,13.89,18798.0,53.03,0.0,0.0,1260,1269,DROITE,0,LE PEN
59135,00135,Cassel,2017,1763,323,1440,1405,18.32,FILLON,LE PEN,MACRON,MÉLENCHON,DUPONT-AIGNAN,25.05,22.42,20.07,17.58,5.41,DROITE,DROITE,CENTRE,GAUCHE,DROITE,20.07,2.06,52.88,24.98,10.58,21034.0,61.77,15.21,35.0,2227,2327,DROITE,0,FILLON
59136,00136,Le Cateau-Cambrésis,2017,4396,1117,3279,3189,25.41,LE PEN,MÉLENCHON,MACRON,FILLON,DUPONT-AIGNAN,39.48,17.84,15.62,15.4,4.74,DROITE,GAUCHE,CENTRE,DROITE,DROITE,15.62,1.29,59.61,23.49,30.23,15426.0,59.71,40.53,283.0,6929,7057,DROITE,0,LE PEN
59137,00137,Catillon-sur-Sambre,2017,597,107,490,474,17.92,LE PEN,FILLON,MÉLENCHON,MACRON,DUPONT-AIGNAN,34.18,19.41,18.99,13.71,6.75,DROITE,DROITE,GAUCHE,CENTRE,DROITE,13.71,1.69,60.34,24.26,20.3,17801.0,55.96,6.0,5.0,788,796,DROITE,0,LE PEN
59138,00138,Cattenières,2017,499,75,424,413,15.03,LE PEN,FILLON,MACRON,MÉLENCHON,DUPONT-AIGNAN,39.47,18.89,16.22,13.8,5.57,DROITE,DROITE,CENTRE,GAUCHE,DROITE,16.22,0.73,63.92,19.13,13.33,20233.0,50.41,0.0,0.0,684,693,DROITE,0,LE PEN
59139,00139,Caudry,2017,10039,2774,7265,7042,27.63,LE PEN,MÉLENCHON,MACRON,FILLON,HAMON,35.77,19.53,17.13,13.33,5.11,DROITE,GAUCHE,CENTRE,DROITE,GAUCHE,17.13,1.75,54.02,27.11,28.32,16181.0,57.95,55.68,807.0,14070,14220,DROITE,0,LE PEN
59140,00140,Caullery,2017,379,94,285,278,24.8,LE PEN,MACRON,MÉLENCHON,FILLON,DUPONT-AIGNAN,44.6,16.91,13.31,9.71,7.91,DROITE,CENTRE,GAUCHE,DROITE,DROITE,16.91,0.72,62.23,20.14,24.44,18508.0,55.59,0.0,0.0,460,469,DROITE,0,LE PEN
59141,00141,Cauroir,2017,446,81,365,359,18.16,LE PEN,MACRON,FILLON,MÉLENCHON,DUPONT-AIGNAN,31.75,19.5,16.99,13.93,7.8,DROITE,CENTRE,DROITE,GAUCHE,DROITE,19.5,1.67,56.55,22.28,10.0,20162.0,54.24,0.0,0.0,571,582,DROITE,0,LE PEN
59142,00142,Cerfontaine,2017,510,92,418,407,18.04,LE PEN,MACRON,FILLON,MÉLENCHON,DUPONT-AIGNAN,47.42,14.99,13.76,10.32,6.14,DROITE,CENTRE,DROITE,GAUCHE,DROITE,14.99,1.72,67.32,15.97,14.67,20633.0,45.7,0.0,0.0,688,698,DROITE,0,LE PEN
59143,00143,La Chapelle-d'Armentières,2017,6278,1257,5021,4891,20.02,LE PEN,MACRON,FILLON,MÉLENCHON,DUPONT-AIGNAN,25.31,22.49,22.24,16.42,6.15,DROITE,CENTRE,DROITE,GAUCHE,DROITE,22.49,1.59,53.71,22.2,12.38,21707.0,58.2,41.51,350.0,8719,8788,DROITE,0,LE PEN
59144,00144,Château-l'Abbaye,2017,595,102,493,485,17.14,LE PEN,FILLON,MÉLENCHON,MACRON,DUPONT-AIGNAN,31.13,22.27,19.38,17.32,4.95,DROITE,DROITE,GAUCHE,CENTRE,DROITE,17.32,1.24,58.35,23.09,7.7,22965.0,55.34,0.0,0.0,859,869,DROITE,0,LE PEN
59145,00145,Chemy,2017,597,79,518,513,13.23,FILLON,MACRON,LE PEN,MÉLENCHON,DUPONT-AIGNAN,26.32,21.05,20.27,15.98,8.38,DROITE,CENTRE,DROITE,GAUCHE,DROITE,21.05,2.34,54.97,21.64,5.71,26168.0,56.83,0.0,0.0,780,792,DROITE,0,FILLON
59146,00146,Chéreng,2017,2477,369,2108,2069,14.9,FILLON,MACRON,LE PEN,MÉLENCHON,HAMON,27.89,27.79,16.48,14.4,5.36,DROITE,CENTRE,DROITE,GAUCHE,GAUCHE,27.79,1.79,49.64,20.78,8.01,27167.0,64.0,16.73,50.0,3001,3043,DROITE,0,FILLON
59147,00147,Choisies,2017,52,9,43,43,17.31,FILLON,LE PEN,MACRON,HAMON,MÉLENCHON,51.16,16.28,16.28,6.98,4.65,DROITE,DROITE,CENTRE,GAUCHE,GAUCHE,16.28,2.33,69.77,11.63,25.0,20770.0,48.84,0.0,0.0,46,48,DROITE,0,FILLON
59148,00148,Clairfayts,2017,256,72,184,180,28.13,LE PEN,MÉLENCHON,FILLON,MACRON,HAMON,37.78,21.67,14.44,10.56,6.67,DROITE,GAUCHE,DROITE,CENTRE,GAUCHE,10.56,2.78,56.67,30.0,20.19,19517.0,48.33,0.0,0.0,363,364,DROITE,0,LE PEN
59149,00149,Clary,2017,870,153,717,701,17.59,LE PEN,FILLON,MÉLENCHON,MACRON,DUPONT-AIGNAN,41.23,17.83,13.84,12.27,6.99,DROITE,DROITE,GAUCHE,CENTRE,DROITE,12.27,1.43,66.05,20.26,12.73,19841.0,54.65,7.24,8.0,1086,1098,DROITE,0,LE PEN
59150,00150,Cobrieux,2017,446,57,389,380,12.78,FILLON,MACRON,LE PEN,MÉLENCHON,HAMON,30.53,27.63,19.74,9.74,5.0,DROITE,CENTRE,DROITE,GAUCHE,GAUCHE,27.63,3.16,53.95,15.26,9.26,29109.0,66.93,0.0,0.0,544,551,DROITE,0,FILLON
59151,00151,Colleret,2017,1230,271,959,937,22.03,LE PEN,FILLON,MÉLENCHON,MACRON,DUPONT-AIGNAN,43.86,16.86,13.13,12.81,6.3,DROITE,DROITE,GAUCHE,CENTRE,DROITE,12.81,2.35,67.02,17.82,18.79,20333.0,49.79,12.35,20.0,1573,1595,DROITE,0,LE PEN
59152,00152,Comines,2017,9460,2461,6999,6832,26.01,LE PEN,MÉLENCHON,FILLON,MACRON,DUPONT-AIGNAN,31.38,19.64,17.94,17.74,6.43,DROITE,GAUCHE,DROITE,CENTRE,DROITE,17.74,1.62,55.75,24.88,13.37,20252.0,58.66,34.93,432.0,12671,12751,DROITE,0,LE PEN
59153,00153,Condé-sur-l'Escaut,2017,6141,1972,4169,4050,32.11,LE PEN,MÉLENCHON,MACRON,FILLON,HAMON,35.51,27.11,14.37,10.44,4.44,DROITE,GAUCHE,CENTRE,DROITE,GAUCHE,14.37,2.02,50.12,33.48,31.4,14914.0,59.35,53.2,515.0,9396,9452,DROITE,0,LE PEN
59155,00155,Coudekerque-Branche,2017,16467,3564,12903,12539,21.64,LE PEN,MÉLENCHON,MACRON,FILLON,DUPONT-AIGNAN,34.16,22.59,17.13,9.62,6.46,DROITE,GAUCHE,CENTRE,DROITE,DROITE,17.13,1.75,50.24,30.89,17.31,18897.0,54.71,40.09,850.0,20765,21012,DROITE,0,LE PEN
59156,00156,Courchelettes,2017,2114,468,1646,1591,22.14,LE PEN,MÉLENCHON,MACRON,FILLON,DUPONT-AIGNAN,38.59,19.67,16.66,11.63,6.03,DROITE,GAUCHE,CENTRE,DROITE,DROITE,16.66,1.38,56.25,25.71,16.22,19268.0,54.29,11.77,33.0,2881,2917,DROITE,0,LE PEN
59157,00157,Cousolre,2017,1604,403,1201,1158,25.12,LE PEN,FILLON,MACRON,MÉLENCHON,DUPONT-AIGNAN,43.52,17.27,15.11,12.35,5.61,DROITE,DROITE,CENTRE,GAUCHE,DROITE,15.11,1.21,66.41,17.27,20.45,18308.0,53.48,13.98,32.0,2169,2188,DROITE,0,LE PEN
59158,00158,Coutiches,2017,2252,304,1948,1910,13.5,LE PEN,MACRON,FILLON,MÉLENCHON,DUPONT-AIGNAN,26.75,24.45,21.78,16.86,5.13,DROITE,CENTRE,DROITE,GAUCHE,DROITE,24.45,0.94,53.66,20.94,7.0,24762.0,60.52,15.0,45.0,3246,3285,DROITE,0,LE PEN
59159,00159,Craywick,2017,432,53,379,372,12.27,LE PEN,MÉLENCHON,FILLON,MACRON,DUPONT-AIGNAN,42.74,20.97,13.17,11.56,4.84,DROITE,GAUCHE,DROITE,CENTRE,DROITE,11.56,1.34,60.75,26.34,7.69,20070.0,48.42,8.44,6.0,749,756,DROITE,0,LE PEN
59160,00160,Crespin,2017,2919,769,2150,2100,26.34,LE PEN,MÉLENCHON,MACRON,FILLON,DUPONT-AIGNAN,38.71,22.57,14.95,10.95,4.43,DROITE,GAUCHE,CENTRE,DROITE,DROITE,14.95,1.76,54.1,29.19,25.0,16717.0,53.35,33.84,154.0,4515,4547,DROITE,0,LE PEN
59161,00161,Crèvecoeur-sur-l'Escaut,2017,568,93,475,460,16.37,LE PEN,FILLON,MACRON,MÉLENCHON,DUPONT-AIGNAN,31.52,21.74,16.96,11.52,7.39,DROITE,DROITE,CENTRE,GAUCHE,DROITE,16.96,3.26,60.65,19.13,20.63,21848.0,56.18,0.0,0.0,729,760,DROITE,0,LE PEN
59162,00162,Crochte,2017,536,74,462,456,13.81,MACRON,LE PEN,FILLON,MÉLENCHON,DUPONT-AIGNAN,26.54,26.1,18.64,16.67,5.04,CENTRE,DROITE,DROITE,GAUCHE,DROITE,26.54,2.19,49.78,21.49,7.35,24016.0,54.91,0.0,0.0,656,677,CENTRE,1,MACRON
59163,00163,Croix,2017,14101,2846,11255,11022,20.18,FILLON,MACRON,MÉLENCHON,LE PEN,HAMON,25.94,23.04,20.14,17.59,6.35,DROITE,CENTRE,GAUCHE,DROITE,GAUCHE,23.04,1.55,47.61,27.79,14.56,20899.0,67.26,57.73,1228.0,20778,21016,DROITE,0,FILLON
59164,00164,Croix-Caluyau,2017,203,44,159,150,21.67,LE PEN,FILLON,MÉLENCHON,MACRON,DUPONT-AIGNAN,40.0,26.0,14.67,7.33,6.0,DROITE,DROITE,GAUCHE,CENTRE,DROITE,7.33,2.67,72.0,18.0,7.14,20968.0,57.07,0.0,0.0,239,247,DROITE,0,LE PEN
59165,00165,Cuincy,2017,4957,962,3995,3890,19.41,LE PEN,MÉLENCHON,MACRON,FILLON,DUPONT-AIGNAN,26.89,23.26,21.85,14.63,5.19,DROITE,GAUCHE,CENTRE,DROITE,DROITE,21.85,1.47,46.71,29.97,17.54,21071.0,53.85,31.61,204.0,6472,6546,DROITE,0,LE PEN
59166,00166,Curgies,2017,1016,186,830,818,18.31,LE PEN,MACRON,FILLON,MÉLENCHON,DUPONT-AIGNAN,28.48,24.45,21.88,13.33,6.72,DROITE,CENTRE,DROITE,GAUCHE,DROITE,24.45,1.34,57.09,17.11,10.56,24243.0,59.4,0.0,0.0,1347,1382,DROITE,0,LE PEN
59167,00167,Cuvillers,2017,171,34,137,136,19.88,LE PEN,FILLON,DUPONT-AIGNAN,MACRON,MÉLENCHON,33.09,27.21,11.76,9.56,9.56,DROITE,DROITE,DROITE,CENTRE,GAUCHE,9.56,1.47,72.06,16.91,4.17,21537.0,50.34,0.0,0.0,197,200,DROITE,0,LE PEN
59168,00168,Cysoing,2017,3844,664,3180,3119,17.27,MACRON,FILLON,LE PEN,MÉLENCHON,HAMON,26.68,24.5,20.1,15.87,5.35,CENTRE,DROITE,DROITE,GAUCHE,GAUCHE,26.68,0.99,49.76,22.57,7.83,24619.0,65.7,26.62,134.0,4722,4787,CENTRE,1,MACRON
59169,00169,Damousies,2017,167,26,141,136,15.57,FILLON,LE PEN,MACRON,MÉLENCHON,DUPONT-AIGNAN,32.35,29.41,13.97,12.5,7.35,DROITE,DROITE,CENTRE,GAUCHE,DROITE,13.97,0.74,69.12,16.18,4.55,20359.0,46.39,0.0,0.0,206,211,DROITE,0,FILLON
59170,00170,Dechy,2017,3650,975,2675,2600,26.71,LE PEN,MÉLENCHON,MACRON,HAMON,FILLON,38.96,29.19,12.23,6.58,6.27,DROITE,GAUCHE,CENTRE,GAUCHE,DROITE,12.23,1.31,48.31,38.15,19.07,16573.0,54.06,37.87,201.0,5351,5384,DROITE,0,LE PEN
59171,00171,Dehéries,2017,33,0,33,31,0.0,LE PEN,FILLON,DUPONT-AIGNAN,MACRON,MÉLENCHON,54.84,22.58,9.68,9.68,3.23,DROITE,DROITE,DROITE,CENTRE,GAUCHE,9.68,0.0,87.1,3.23,12.73,20770.0,53.57,0.0,0.0,40,41,DROITE,0,LE PEN
59172,00172,Denain,2017,10936,3376,7560,7380,30.87,LE PEN,MÉLENCHON,MACRON,HAMON,FILLON,40.03,25.7,13.24,8.14,6.63,DROITE,GAUCHE,CENTRE,GAUCHE,DROITE,13.24,1.49,49.38,35.89,36.14,13328.0,57.82,80.75,1592.0,20640,20758,DROITE,0,LE PEN
59173,00173,Deûlémont,2017,1419,275,1144,1122,19.38,FILLON,LE PEN,MACRON,MÉLENCHON,DUPONT-AIGNAN,29.5,27.72,18.89,11.5,5.97,DROITE,DROITE,CENTRE,GAUCHE,DROITE,18.89,1.52,63.19,16.4,10.12,23964.0,58.17,31.55,53.0,1819,1844,DROITE,0,FILLON
59174,00174,Dimechaux,2017,231,35,196,194,15.15,FILLON,LE PEN,MACRON,MÉLENCHON,DUPONT-AIGNAN,27.32,26.8,19.59,12.37,5.67,DROITE,DROITE,CENTRE,GAUCHE,DROITE,19.59,3.09,59.79,17.53,12.73,20804.0,54.25,0.0,0.0,326,340,DROITE,0,FILLON
59175,00175,Dimont,2017,219,29,190,185,13.24,LE PEN,MÉLENCHON,FILLON,MACRON,DUPONT-AIGNAN,26.49,22.16,20.54,17.84,8.65,DROITE,GAUCHE,DROITE,CENTRE,DROITE,17.84,2.16,55.68,24.32,11.54,20869.0,50.42,0.0,0.0,303,314,DROITE,0,LE PEN
59176,00176,Doignies,2017,269,40,229,222,14.87,LE PEN,FILLON,DUPONT-AIGNAN,MÉLENCHON,MACRON,41.89,20.27,13.06,13.06,6.76,DROITE,DROITE,DROITE,GAUCHE,CENTRE,6.76,0.0,75.23,18.02,13.51,19266.0,50.85,0.0,0.0,320,323,DROITE,0,LE PEN
59177,00177,Dompierre-sur-Helpe,2017,704,158,546,536,22.44,LE PEN,MÉLENCHON,FILLON,MACRON,DUPONT-AIGNAN,31.9,18.66,18.47,17.54,6.53,DROITE,GAUCHE,DROITE,CENTRE,DROITE,17.54,2.61,56.9,22.95,7.35,19588.0,51.6,8.09,7.0,859,873,DROITE,0,LE PEN
59178,00178,Douai,2017,26639,7880,18759,18326,29.58,LE PEN,MÉLENCHON,MACRON,FILLON,HAMON,26.89,23.71,18.99,16.54,6.43,DROITE,GAUCHE,CENTRE,DROITE,GAUCHE,18.99,1.83,47.27,31.9,24.04,17077.0,58.66,75.02,2975.0,39648,40474,DROITE,0,LE PEN
59179,00179,Douchy-les-Mines,2017,7210,1838,5372,5210,25.49,LE PEN,MÉLENCHON,MACRON,FILLON,HAMON,41.79,28.08,12.86,5.85,4.15,DROITE,GAUCHE,CENTRE,DROITE,GAUCHE,12.86,1.52,51.32,34.3,22.48,15962.0,49.59,34.62,371.0,10207,10252,DROITE,0,LE PEN
59180,00180,Le Doulieu,2017,1092,123,969,946,11.26,LE PEN,FILLON,MACRON,MÉLENCHON,DUPONT-AIGNAN,25.69,24.21,19.24,14.69,7.29,DROITE,DROITE,CENTRE,GAUCHE,DROITE,19.24,2.33,57.19,21.25,7.64,22572.0,57.19,0.0,0.0,1454,1477,DROITE,0,LE PEN
59181,00181,Dourlers,2017,417,75,342,339,17.99,LE PEN,FILLON,MACRON,MÉLENCHON,DUPONT-AIGNAN,33.04,21.83,16.81,10.62,10.03,DROITE,DROITE,CENTRE,GAUCHE,DROITE,16.81,2.06,64.9,16.22,12.73,21600.0,53.92,0.0,0.0,539,545,DROITE,0,LE PEN
59182,00182,Drincham,2017,209,31,178,172,14.83,LE PEN,MACRON,FILLON,MÉLENCHON,HAMON,32.56,21.51,20.35,15.12,3.49,DROITE,CENTRE,DROITE,GAUCHE,GAUCHE,21.51,1.74,55.81,20.93,16.67,20238.0,45.88,0.0,0.0,278,282,DROITE,0,LE PEN
59183,00183,Dunkerque,2017,62849,14771,48078,46571,23.5,LE PEN,MÉLENCHON,MACRON,FILLON,HAMON,29.82,22.58,18.72,14.48,5.66,DROITE,GAUCHE,CENTRE,DROITE,GAUCHE,18.72,1.82,49.01,30.45,21.19,18366.0,57.92,60.95,5370.0,86788,88024,DROITE,0,LE PEN
59184,00184,Ebblinghem,2017,532,107,425,410,20.11,LE PEN,MACRON,FILLON,MÉLENCHON,DUPONT-AIGNAN,38.54,16.34,14.63,13.41,7.8,DROITE,CENTRE,DROITE,GAUCHE,DROITE,16.34,2.44,60.98,20.24,4.92,20715.0,53.29,0.0,0.0,658,668,DROITE,0,LE PEN
59185,00185,Ecaillon,2017,1401,346,1055,1029,24.7,LE PEN,MÉLENCHON,MACRON,FILLON,HAMON,39.46,24.59,16.91,8.75,3.98,DROITE,GAUCHE,CENTRE,DROITE,GAUCHE,16.91,0.97,51.6,30.52,20.55,16967.0,54.02,8.24,16.0,1910,1924,DROITE,0,LE PEN
59186,00186,Eccles,2017,80,11,69,67,13.75,LE PEN,FILLON,MACRON,DUPONT-AIGNAN,MÉLENCHON,29.85,29.85,13.43,11.94,11.94,DROITE,DROITE,CENTRE,DROITE,GAUCHE,13.43,0.0,71.64,14.93,12.73,20770.0,62.32,0.0,0.0,88,90,DROITE,0,FILLON
59187,00187,Eclaibes,2017,225,24,201,192,10.67,LE PEN,FILLON,MACRON,MÉLENCHON,DUPONT-AIGNAN,29.17,25.52,16.15,16.15,8.33,DROITE,DROITE,CENTRE,GAUCHE,DROITE,16.15,1.04,63.02,19.79,7.14,22359.0,55.46,0.0,0.0,265,270,DROITE,0,LE PEN
59188,00188,Ecuélin,2017,100,17,83,79,17.0,LE PEN,MACRON,MÉLENCHON,FILLON,HAMON,35.44,20.25,12.66,12.66,7.59,DROITE,CENTRE,GAUCHE,DROITE,GAUCHE,20.25,5.06,53.16,21.52,7.69,22994.0,38.46,0.0,0.0,141,145,DROITE,0,LE PEN
59189,00189,Eecke,2017,898,126,772,749,14.03,LE PEN,FILLON,MACRON,MÉLENCHON,DUPONT-AIGNAN,27.9,23.63,18.02,17.09,6.81,DROITE,DROITE,CENTRE,GAUCHE,DROITE,18.02,1.74,58.34,21.9,9.0,23393.0,58.73,0.0,0.0,1221,1248,DROITE,0,LE PEN
59190,00190,Elesmes,2017,694,96,598,589,13.83,LE PEN,MACRON,FILLON,MÉLENCHON,DUPONT-AIGNAN,31.58,23.6,21.73,13.41,4.58,DROITE,CENTRE,DROITE,GAUCHE,DROITE,23.6,1.19,57.89,17.32,6.74,24397.0,52.52,0.0,0.0,992,1006,DROITE,0,LE PEN
59191,00191,Elincourt,2017,473,94,379,375,19.87,LE PEN,MÉLENCHON,FILLON,MACRON,DUPONT-AIGNAN,49.87,15.73,15.73,9.07,4.27,DROITE,GAUCHE,DROITE,CENTRE,DROITE,9.07,2.4,69.87,18.67,14.75,17517.0,55.6,0.0,0.0,631,635,DROITE,0,LE PEN
59192,00192,Emerchicourt,2017,660,109,551,535,16.52,LE PEN,MÉLENCHON,MACRON,FILLON,DUPONT-AIGNAN,40.75,24.11,13.27,7.66,5.98,DROITE,GAUCHE,CENTRE,DROITE,DROITE,13.27,2.24,54.39,30.09,9.6,20315.0,51.44,5.69,5.0,822,868,DROITE,0,LE PEN
59193,00193,Emmerin,2017,2479,401,2078,2035,16.18,MACRON,LE PEN,FILLON,MÉLENCHON,HAMON,24.23,21.82,20.2,19.41,5.5,CENTRE,DROITE,DROITE,GAUCHE,GAUCHE,24.23,2.06,47.17,26.54,8.39,24285.0,59.29,25.83,82.0,3053,3077,CENTRE,1,MACRON
59194,00194,Englefontaine,2017,941,183,758,738,19.45,LE PEN,MÉLENCHON,MACRON,FILLON,DUPONT-AIGNAN,36.86,18.29,17.62,14.63,5.28,DROITE,GAUCHE,CENTRE,DROITE,DROITE,17.62,0.81,56.78,24.8,19.01,18232.0,56.93,5.36,7.0,1281,1302,DROITE,0,LE PEN
59195,00195,Englos,2017,444,51,393,385,11.49,FILLON,MACRON,LE PEN,MÉLENCHON,HAMON,29.87,26.75,20.0,12.21,4.42,DROITE,CENTRE,DROITE,GAUCHE,GAUCHE,26.75,1.82,53.77,17.66,11.11,27692.0,62.5,798.68,484.0,614,623,DROITE,0,FILLON
59196,00196,Ennetières-en-Weppes,2017,1075,137,938,922,12.74,FILLON,MACRON,LE PEN,MÉLENCHON,DUPONT-AIGNAN,37.53,25.49,15.51,11.82,4.66,DROITE,CENTRE,DROITE,GAUCHE,DROITE,25.49,1.19,57.7,15.62,7.76,27159.0,66.32,37.99,50.0,1293,1315,DROITE,0,FILLON
59197,00197,Ennevelin,2017,1724,192,1532,1508,11.14,FILLON,MACRON,LE PEN,MÉLENCHON,HAMON,27.39,25.46,20.42,15.65,5.37,DROITE,CENTRE,DROITE,GAUCHE,GAUCHE,25.46,1.13,51.59,21.82,8.18,26463.0,61.98,6.86,15.0,2356,2385,DROITE,0,FILLON
59198,00198,Eppe-Sauvage,2017,143,31,112,111,21.68,MÉLENCHON,FILLON,LE PEN,MACRON,HAMON,25.23,24.32,19.82,15.32,6.31,GAUCHE,DROITE,DROITE,CENTRE,GAUCHE,15.32,1.8,47.75,35.14,10.53,20918.0,54.64,32.73,9.0,234,234,GAUCHE,1,MÉLENCHON
59199,00199,Erchin,2017,594,93,501,487,15.66,LE PEN,FILLON,MACRON,MÉLENCHON,DUPONT-AIGNAN,31.01,19.92,18.28,16.22,7.19,DROITE,DROITE,CENTRE,GAUCHE,DROITE,18.28,1.23,58.11,22.38,9.04,23305.0,51.91,0.0,0.0,681,692,DROITE,0,LE PEN
59200,00200,Eringhem,2017,341,58,283,276,17.01,LE PEN,FILLON,MACRON,MÉLENCHON,DUPONT-AIGNAN,40.94,23.55,15.58,10.51,3.62,DROITE,DROITE,CENTRE,GAUCHE,DROITE,15.58,2.54,68.12,13.77,17.07,19891.0,52.56,0.0,0.0,481,490,DROITE,0,LE PEN
59201,00201,Erquinghem-le-Sec,2017,402,32,370,365,7.96,FILLON,MACRON,LE PEN,MÉLENCHON,DUPONT-AIGNAN,33.42,25.21,17.53,13.7,4.93,DROITE,CENTRE,DROITE,GAUCHE,DROITE,25.21,0.82,55.89,18.08,10.93,26198.0,66.16,0.0,0.0,602,614,DROITE,0,FILLON
59202,00202,Erquinghem-Lys,2017,3925,791,3134,3046,20.15,LE PEN,MACRON,MÉLENCHON,FILLON,DUPONT-AIGNAN,27.94,21.18,19.5,16.81,6.27,DROITE,CENTRE,GAUCHE,DROITE,DROITE,21.18,1.87,51.02,25.94,9.69,20912.0,56.59,30.51,155.0,5356,5402,DROITE,0,LE PEN
59203,00203,Erre,2017,1115,184,931,912,16.5,LE PEN,MÉLENCHON,MACRON,FILLON,HAMON,38.82,23.57,15.9,9.1,5.81,DROITE,GAUCHE,CENTRE,DROITE,GAUCHE,15.9,2.19,51.32,30.59,18.45,20138.0,54.92,8.78,14.0,1574,1582,DROITE,0,LE PEN
59204,00204,Escarmain,2017,370,56,314,310,15.14,LE PEN,FILLON,MÉLENCHON,MACRON,DUPONT-AIGNAN,37.74,18.06,17.74,17.1,5.48,DROITE,DROITE,GAUCHE,CENTRE,DROITE,17.1,1.29,61.29,20.32,14.63,20937.0,52.2,0.0,0.0,480,488,DROITE,0,LE PEN
59205,00205,Escaudain,2017,6217,1857,4360,4265,29.87,LE PEN,MÉLENCHON,MACRON,HAMON,FILLON,43.99,25.81,11.42,5.84,5.74,DROITE,GAUCHE,CENTRE,GAUCHE,DROITE,11.42,1.92,52.99,33.67,27.7,15365.0,52.97,42.87,411.0,9253,9299,DROITE,0,LE PEN
59206,00206,Escaudoeuvres,2017,2384,486,1898,1852,20.39,LE PEN,MÉLENCHON,MACRON,FILLON,DUPONT-AIGNAN,34.67,19.44,18.63,12.74,6.05,DROITE,GAUCHE,CENTRE,DROITE,DROITE,18.63,1.94,53.46,25.97,20.61,18489.0,55.05,32.04,105.0,3204,3233,DROITE,0,LE PEN
59207,00207,Escautpont,2017,3086,867,2219,2160,28.09,LE PEN,MÉLENCHON,MACRON,FILLON,DUPONT-AIGNAN,44.91,23.15,11.76,7.73,4.54,DROITE,GAUCHE,CENTRE,DROITE,DROITE,11.76,1.48,57.18,29.58,27.01,14909.0,51.73,54.86,231.0,4152,4181,DROITE,0,LE PEN
59208,00208,Escobecques,2017,248,20,228,225,8.06,FILLON,MACRON,LE PEN,MÉLENCHON,DUPONT-AIGNAN,50.67,22.67,11.11,8.0,2.67,DROITE,CENTRE,DROITE,GAUCHE,DROITE,22.67,1.78,64.44,11.11,4.0,34671.0,76.58,0.0,0.0,303,312,DROITE,0,FILLON
59209,00209,Esnes,2017,506,98,408,401,19.37,LE PEN,MACRON,FILLON,MÉLENCHON,DUPONT-AIGNAN,39.4,18.95,17.21,12.72,6.73,DROITE,CENTRE,DROITE,GAUCHE,DROITE,18.95,0.75,63.34,16.96,13.81,19987.0,50.09,0.0,0.0,674,681,DROITE,0,LE PEN
59210,00210,Esquelbecq,2017,1661,194,1467,1438,11.68,LE PEN,FILLON,MACRON,MÉLENCHON,DUPONT-AIGNAN,24.76,21.77,20.03,17.45,7.16,DROITE,DROITE,CENTRE,GAUCHE,DROITE,20.03,2.16,53.69,24.13,15.46,21184.0,53.95,7.06,15.0,2134,2186,DROITE,0,LE PEN
59211,00211,Esquerchin,2017,601,81,520,503,13.48,LE PEN,FILLON,MACRON,MÉLENCHON,DUPONT-AIGNAN,33.4,22.47,15.51,14.71,6.56,DROITE,DROITE,CENTRE,GAUCHE,DROITE,15.51,1.99,62.43,20.08,8.8,22593.0,53.62,0.0,0.0,901,921,DROITE,0,LE PEN
59212,00212,Estaires,2017,4899,1121,3778,3676,22.88,LE PEN,MACRON,MÉLENCHON,FILLON,DUPONT-AIGNAN,35.39,18.36,16.65,16.54,5.96,DROITE,CENTRE,GAUCHE,DROITE,DROITE,18.36,1.2,57.89,22.55,15.98,19663.0,56.03,33.72,216.0,6496,6619,DROITE,0,LE PEN
59213,00213,Estourmel,2017,373,47,326,316,12.6,LE PEN,MACRON,FILLON,MÉLENCHON,DUPONT-AIGNAN,27.85,25.63,20.57,12.34,5.06,DROITE,CENTRE,DROITE,GAUCHE,DROITE,25.63,1.58,53.48,19.3,7.54,23389.0,56.1,0.0,0.0,455,471,DROITE,0,LE PEN
59214,00214,Estrées,2017,807,114,693,674,14.13,LE PEN,MACRON,MÉLENCHON,FILLON,HAMON,30.12,22.26,17.36,16.62,5.64,DROITE,CENTRE,GAUCHE,DROITE,GAUCHE,22.26,1.93,51.63,24.18,8.15,23248.0,58.46,0.0,0.0,1116,1140,DROITE,0,LE PEN
59215,00215,Estreux,2017,791,102,689,673,12.9,FILLON,MACRON,LE PEN,MÉLENCHON,HAMON,26.3,23.92,22.44,13.67,5.65,DROITE,CENTRE,DROITE,GAUCHE,GAUCHE,23.92,1.78,52.9,21.4,6.55,24644.0,61.14,9.5,9.0,952,985,DROITE,0,FILLON
59216,00216,Eswars,2017,291,39,252,244,13.4,LE PEN,MACRON,FILLON,MÉLENCHON,DUPONT-AIGNAN,36.89,18.85,17.21,12.3,8.61,DROITE,CENTRE,DROITE,GAUCHE,DROITE,18.85,1.23,62.7,17.21,5.56,23662.0,55.02,0.0,0.0,356,362,DROITE,0,LE PEN
59217,00217,Eth,2017,279,48,231,228,17.2,LE PEN,FILLON,MACRON,MÉLENCHON,DUPONT-AIGNAN,28.95,28.95,19.3,14.91,5.26,DROITE,DROITE,CENTRE,GAUCHE,DROITE,19.3,0.44,63.16,17.11,5.41,29755.0,60.24,0.0,0.0,341,345,DROITE,0,LE PEN
59218,00218,Etroeungt,2017,981,224,757,730,22.83,LE PEN,FILLON,MACRON,MÉLENCHON,DUPONT-AIGNAN,40.96,22.74,12.6,10.41,6.16,DROITE,DROITE,CENTRE,GAUCHE,DROITE,12.6,2.47,69.86,15.07,12.07,17586.0,53.9,6.81,9.0,1273,1288,DROITE,0,LE PEN
59219,00219,Estrun,2017,504,63,441,428,12.5,LE PEN,MACRON,FILLON,MÉLENCHON,DUPONT-AIGNAN,42.29,16.12,15.42,12.62,7.94,DROITE,CENTRE,DROITE,GAUCHE,DROITE,16.12,1.64,65.65,16.59,4.08,23087.0,59.93,0.0,0.0,719,727,DROITE,0,LE PEN
59220,00220,Faches-Thumesnil,2017,12312,2899,9413,9203,23.55,MÉLENCHON,MACRON,LE PEN,FILLON,HAMON,24.54,24.17,20.91,14.29,8.45,GAUCHE,CENTRE,DROITE,DROITE,GAUCHE,24.17,1.76,39.41,34.66,15.37,20461.0,63.23,58.67,1032.0,18110,18227,GAUCHE,1,MÉLENCHON
59221,00221,Famars,2017,1784,369,1415,1386,20.68,MACRON,FILLON,LE PEN,MÉLENCHON,DUPONT-AIGNAN,25.83,24.39,19.62,16.38,5.48,CENTRE,DROITE,DROITE,GAUCHE,DROITE,25.83,1.3,49.49,23.38,19.33,22052.0,58.9,22.36,56.0,2475,2543,CENTRE,1,MACRON
59222,00222,Faumont,2017,1752,253,1499,1463,14.44,LE PEN,MACRON,FILLON,MÉLENCHON,DUPONT-AIGNAN,27.07,22.35,21.6,16.13,6.84,DROITE,CENTRE,DROITE,GAUCHE,DROITE,22.35,1.64,55.5,20.51,9.12,24774.0,58.25,10.71,23.0,2251,2297,DROITE,0,LE PEN
59223,00223,Le Favril,2017,355,60,295,291,16.9,LE PEN,MÉLENCHON,FILLON,MACRON,DUPONT-AIGNAN,36.43,21.65,16.49,14.78,4.81,DROITE,GAUCHE,DROITE,CENTRE,DROITE,14.78,2.06,57.73,25.43,9.97,19875.0,54.66,0.0,0.0,503,506,DROITE,0,LE PEN
59224,00224,Féchain,2017,1255,281,974,952,22.39,LE PEN,MÉLENCHON,MACRON,FILLON,DUPONT-AIGNAN,39.18,17.65,16.28,15.86,6.3,DROITE,GAUCHE,CENTRE,DROITE,DROITE,16.28,0.63,61.34,21.74,10.62,20397.0,58.68,8.59,15.0,1658,1671,DROITE,0,LE PEN
59225,00225,Feignies,2017,4480,1037,3443,3359,23.15,LE PEN,MÉLENCHON,MACRON,FILLON,DUPONT-AIGNAN,39.77,21.23,15.09,10.57,4.79,DROITE,GAUCHE,CENTRE,DROITE,DROITE,15.09,2.11,55.14,27.66,19.23,17430.0,51.73,30.53,212.0,6752,6820,DROITE,0,LE PEN
59226,00226,Felleries,2017,925,160,765,747,17.3,LE PEN,MACRON,FILLON,MÉLENCHON,HAMON,33.87,18.61,17.8,16.2,5.62,DROITE,CENTRE,DROITE,GAUCHE,GAUCHE,18.61,2.01,56.63,22.76,6.03,19302.0,59.56,8.55,12.0,1455,1469,DROITE,0,LE PEN
59227,00227,Fenain,2017,4042,936,3106,3036,23.16,LE PEN,MÉLENCHON,MACRON,FILLON,HAMON,41.17,26.68,13.44,6.82,4.51,DROITE,GAUCHE,CENTRE,DROITE,GAUCHE,13.44,1.22,51.98,33.37,20.2,17683.0,51.07,24.61,131.0,5529,5577,DROITE,0,LE PEN
59228,00228,Férin,2017,1126,173,953,931,15.36,LE PEN,MACRON,FILLON,MÉLENCHON,DUPONT-AIGNAN,32.65,20.52,17.62,15.68,6.12,DROITE,CENTRE,DROITE,GAUCHE,DROITE,20.52,2.15,56.39,20.95,13.91,22746.0,53.36,6.11,9.0,1447,1469,DROITE,0,LE PEN
59229,00229,Féron,2017,446,75,371,361,16.82,LE PEN,FILLON,MACRON,MÉLENCHON,DUPONT-AIGNAN,24.93,21.05,20.78,19.94,6.09,DROITE,DROITE,CENTRE,GAUCHE,DROITE,20.78,2.77,52.08,24.38,13.21,19129.0,58.29,0.0,0.0,527,546,DROITE,0,LE PEN
59230,00230,Ferrière-la-Grande,2017,3695,855,2840,2775,23.14,LE PEN,MÉLENCHON,MACRON,FILLON,HAMON,42.49,17.33,14.59,13.26,4.72,DROITE,GAUCHE,CENTRE,DROITE,GAUCHE,14.59,1.44,60.18,23.78,23.74,17393.0,51.07,30.13,160.0,5202,5254,DROITE,0,LE PEN
59231,00231,Ferrière-la-Petite,2017,781,144,637,621,18.44,LE PEN,MÉLENCHON,FILLON,MACRON,DUPONT-AIGNAN,42.19,16.91,13.69,13.04,6.76,DROITE,GAUCHE,DROITE,CENTRE,DROITE,13.04,1.77,62.64,22.54,15.84,18263.0,49.68,0.0,0.0,1062,1066,DROITE,0,LE PEN
59232,00232,La Flamengrie,2017,274,42,232,227,15.33,LE PEN,MACRON,FILLON,DUPONT-AIGNAN,MÉLENCHON,31.72,23.35,17.18,11.45,10.13,DROITE,CENTRE,DROITE,DROITE,GAUCHE,23.35,3.52,60.35,12.78,5.56,22825.0,51.48,0.0,0.0,435,443,DROITE,0,LE PEN
59233,00233,Flaumont-Waudrechies,2017,260,59,201,193,22.69,LE PEN,MÉLENCHON,MACRON,FILLON,DUPONT-AIGNAN,37.82,17.1,16.06,14.51,8.81,DROITE,GAUCHE,CENTRE,DROITE,DROITE,16.06,1.04,61.14,21.76,8.72,19573.0,51.67,0.0,0.0,351,354,DROITE,0,LE PEN
59234,00234,Flers-en-Escrebieux,2017,3707,763,2944,2849,20.58,LE PEN,MÉLENCHON,MACRON,FILLON,DUPONT-AIGNAN,39.17,24.68,13.9,10.28,4.46,DROITE,GAUCHE,CENTRE,DROITE,DROITE,13.9,1.86,53.91,30.33,20.74,17446.0,51.7,60.42,355.0,5642,5681,DROITE,0,LE PEN
59236,00236,Flesquières,2017,193,28,165,160,14.51,LE PEN,MACRON,FILLON,DUPONT-AIGNAN,MÉLENCHON,38.75,19.38,16.25,10.0,9.38,DROITE,CENTRE,DROITE,DROITE,GAUCHE,19.38,0.0,65.0,15.62,13.64,20094.0,59.69,0.0,0.0,263,267,DROITE,0,LE PEN
59237,00237,Flêtre,2017,718,99,619,610,13.79,LE PEN,MACRON,FILLON,MÉLENCHON,DUPONT-AIGNAN,30.49,20.82,19.34,15.9,6.72,DROITE,CENTRE,DROITE,GAUCHE,DROITE,20.82,1.48,56.56,21.15,7.61,22394.0,55.03,0.0,0.0,969,984,DROITE,0,LE PEN
59238,00238,Flines-lès-Mortagne,2017,1202,290,912,895,24.13,LE PEN,MÉLENCHON,MACRON,FILLON,DUPONT-AIGNAN,33.18,21.12,18.88,16.42,4.25,DROITE,GAUCHE,CENTRE,DROITE,DROITE,18.88,1.01,53.85,26.26,14.56,22749.0,51.43,3.02,5.0,1649,1666,DROITE,0,LE PEN
59239,00239,Flines-lez-Raches,2017,4410,787,3623,3536,17.85,LE PEN,MÉLENCHON,MACRON,FILLON,DUPONT-AIGNAN,31.99,19.4,19.32,15.58,6.22,DROITE,GAUCHE,CENTRE,DROITE,DROITE,19.32,1.89,53.79,25.0,9.31,22098.0,53.87,19.84,110.0,5610,5701,DROITE,0,LE PEN
59240,00240,Floursies,2017,119,23,96,93,19.33,LE PEN,MACRON,FILLON,MÉLENCHON,DUPONT-AIGNAN,32.26,22.58,20.43,17.2,5.38,DROITE,CENTRE,DROITE,GAUCHE,DROITE,22.58,1.08,58.06,18.28,10.0,23435.0,59.38,0.0,0.0,127,130,DROITE,0,LE PEN
59241,00241,Floyon,2017,382,78,304,296,20.42,LE PEN,FILLON,MACRON,MÉLENCHON,DUPONT-AIGNAN,43.58,21.96,11.82,9.12,7.43,DROITE,DROITE,CENTRE,GAUCHE,DROITE,11.82,1.69,72.97,13.51,16.99,18618.0,49.25,0.0,0.0,512,526,DROITE,0,LE PEN
59242,00242,Fontaine-au-Bois,2017,516,57,459,449,11.05,LE PEN,FILLON,MACRON,MÉLENCHON,DUPONT-AIGNAN,40.98,20.04,13.36,12.92,5.12,DROITE,DROITE,CENTRE,GAUCHE,DROITE,13.36,2.9,66.15,17.59,8.33,20773.0,48.02,0.0,0.0,695,702,DROITE,0,LE PEN
59243,00243,Fontaine-au-Pire,2017,788,125,663,648,15.86,LE PEN,MÉLENCHON,FILLON,MACRON,DUPONT-AIGNAN,41.05,19.6,13.43,12.19,7.1,DROITE,GAUCHE,DROITE,CENTRE,DROITE,12.19,1.7,61.57,24.54,21.74,19391.0,55.13,5.77,7.0,1213,1225,DROITE,0,LE PEN
59244,00244,Fontaine-Notre-Dame,2017,1265,190,1075,1041,15.02,LE PEN,MACRON,FILLON,MÉLENCHON,DUPONT-AIGNAN,34.58,19.4,18.25,12.68,8.55,DROITE,CENTRE,DROITE,GAUCHE,DROITE,19.4,1.34,61.38,17.87,14.86,21193.0,54.36,11.78,21.0,1763,1794,DROITE,0,LE PEN
59246,00246,Forest-en-Cambrésis,2017,381,51,330,318,13.39,LE PEN,FILLON,MACRON,MÉLENCHON,DUPONT-AIGNAN,35.53,22.96,14.47,14.47,6.92,DROITE,DROITE,CENTRE,GAUCHE,DROITE,14.47,0.63,65.41,19.5,13.46,18901.0,50.75,0.0,0.0,566,573,DROITE,0,LE PEN
59247,00247,Forest-sur-Marque,2017,1219,216,1003,982,17.72,MACRON,FILLON,LE PEN,MÉLENCHON,HAMON,30.55,23.52,19.35,13.14,6.11,CENTRE,DROITE,DROITE,GAUCHE,GAUCHE,30.55,1.12,48.07,20.26,11.94,25273.0,67.91,38.7,56.0,1659,1682,CENTRE,1,MACRON
59249,00249,Fourmies,2017,8667,2597,6070,5885,29.96,LE PEN,MÉLENCHON,MACRON,FILLON,DUPONT-AIGNAN,37.28,20.49,16.82,12.22,4.72,DROITE,GAUCHE,CENTRE,DROITE,DROITE,16.82,1.61,54.22,27.34,31.23,15096.0,56.04,56.85,689.0,11456,11632,DROITE,0,LE PEN
59250,00250,Fournes-en-Weppes,2017,1807,280,1527,1495,15.5,FILLON,MACRON,LE PEN,MÉLENCHON,DUPONT-AIGNAN,32.11,23.41,18.13,11.84,8.63,DROITE,CENTRE,DROITE,GAUCHE,DROITE,23.41,1.0,58.86,16.72,11.6,27005.0,65.2,13.09,29.0,2190,2297,DROITE,0,FILLON
59251,00251,Frasnoy,2017,260,33,227,222,12.69,LE PEN,FILLON,MÉLENCHON,MACRON,DUPONT-AIGNAN,30.18,22.52,16.67,16.22,7.66,DROITE,DROITE,GAUCHE,CENTRE,DROITE,16.22,1.35,60.36,22.07,12.82,23435.0,63.22,0.0,0.0,379,383,DROITE,0,LE PEN
59252,00252,Frelinghien,2017,2012,353,1659,1627,17.54,FILLON,LE PEN,MACRON,MÉLENCHON,DUPONT-AIGNAN,28.03,23.17,21.39,12.54,7.01,DROITE,DROITE,CENTRE,GAUCHE,DROITE,21.39,1.72,58.21,18.68,9.57,23025.0,59.84,25.4,61.0,2581,2604,DROITE,0,FILLON
59253,00253,Fresnes-sur-Escaut,2017,5153,1443,3710,3602,28.0,LE PEN,MÉLENCHON,MACRON,FILLON,DUPONT-AIGNAN,46.61,21.99,12.97,7.88,3.97,DROITE,GAUCHE,CENTRE,DROITE,DROITE,12.97,1.14,58.47,27.43,24.73,15753.0,56.15,38.02,289.0,7486,7527,DROITE,0,LE PEN
59254,00254,Fressain,2017,693,107,586,571,15.44,LE PEN,MÉLENCHON,MACRON,FILLON,HAMON,38.18,18.91,17.51,13.31,5.08,DROITE,GAUCHE,CENTRE,DROITE,GAUCHE,17.51,1.58,55.87,25.04,7.95,22736.0,52.75,0.0,0.0,893,905,DROITE,0,LE PEN
59255,00255,Fressies,2017,416,70,346,337,16.83,LE PEN,MACRON,FILLON,MÉLENCHON,DUPONT-AIGNAN,47.48,17.21,10.98,9.5,7.72,DROITE,CENTRE,DROITE,GAUCHE,DROITE,17.21,0.59,66.17,16.02,12.82,19697.0,48.98,0.0,0.0,572,577,DROITE,0,LE PEN
59256,00256,Fretin,2017,2476,353,2123,2060,14.26,MACRON,LE PEN,MÉLENCHON,FILLON,HAMON,23.64,21.94,19.32,17.04,8.3,CENTRE,DROITE,GAUCHE,DROITE,GAUCHE,23.64,2.09,45.39,28.88,9.86,23514.0,61.98,41.14,139.0,3227,3261,CENTRE,1,MACRON
59257,00257,Fromelles,2017,812,101,711,692,12.44,FILLON,LE PEN,MACRON,MÉLENCHON,DUPONT-AIGNAN,28.47,27.46,18.64,11.71,7.8,DROITE,DROITE,CENTRE,GAUCHE,DROITE,18.64,1.45,63.73,16.18,14.78,25086.0,58.76,0.0,0.0,1076,1090,DROITE,0,FILLON
59258,00258,Genech,2017,1918,299,1619,1586,15.59,MACRON,FILLON,LE PEN,MÉLENCHON,DUPONT-AIGNAN,29.13,24.4,18.47,15.51,5.04,CENTRE,DROITE,DROITE,GAUCHE,DROITE,29.13,1.58,47.92,21.37,6.67,25556.0,63.6,18.25,49.0,2825,3465,CENTRE,1,MACRON
59259,00259,Ghissignies,2017,410,48,362,350,11.71,MACRON,LE PEN,FILLON,MÉLENCHON,DUPONT-AIGNAN,29.71,24.29,18.86,13.43,5.43,CENTRE,DROITE,DROITE,GAUCHE,DROITE,29.71,3.43,48.57,18.29,12.0,24352.0,59.28,0.0,0.0,498,518,CENTRE,1,MACRON
59260,00260,Ghyvelde,2017,3228,538,2690,2613,16.67,LE PEN,MÉLENCHON,FILLON,MACRON,DUPONT-AIGNAN,35.59,18.48,16.61,16.11,6.66,DROITE,GAUCHE,DROITE,CENTRE,DROITE,16.11,1.72,58.86,23.31,11.34,21847.0,53.14,24.81,104.0,4119,4180,DROITE,0,LE PEN
59261,00261,Glageon,2017,1149,253,896,871,22.02,LE PEN,MACRON,MÉLENCHON,FILLON,DUPONT-AIGNAN,42.82,16.65,16.65,12.17,4.13,DROITE,CENTRE,GAUCHE,DROITE,DROITE,16.65,1.72,59.13,22.5,23.33,16606.0,55.67,8.74,16.0,1739,1769,DROITE,0,LE PEN
59262,00262,Godewaersvelde,2017,1535,210,1325,1285,13.68,LE PEN,FILLON,MÉLENCHON,MACRON,DUPONT-AIGNAN,28.87,19.61,18.83,17.82,5.91,DROITE,DROITE,GAUCHE,CENTRE,DROITE,17.82,1.4,54.4,26.38,9.18,20963.0,59.28,4.87,10.0,2053,2081,DROITE,0,LE PEN
59263,00263,Goeulzin,2017,929,179,750,730,19.27,LE PEN,FILLON,MACRON,MÉLENCHON,DUPONT-AIGNAN,27.26,25.21,18.36,16.3,5.89,DROITE,DROITE,CENTRE,GAUCHE,DROITE,18.36,0.82,58.36,22.47,4.56,23819.0,58.9,0.0,0.0,1042,1068,DROITE,0,LE PEN
59264,00264,Gognies-Chaussée,2017,580,157,423,415,27.07,LE PEN,FILLON,MACRON,MÉLENCHON,HAMON,37.35,21.2,15.18,13.01,6.02,DROITE,DROITE,CENTRE,GAUCHE,GAUCHE,15.18,1.93,63.13,19.76,16.18,21740.0,48.18,6.54,5.0,727,738,DROITE,0,LE PEN
59265,00265,Gommegnies,2017,1724,290,1434,1403,16.82,LE PEN,MACRON,MÉLENCHON,FILLON,DUPONT-AIGNAN,31.43,20.17,17.53,16.96,5.84,DROITE,CENTRE,GAUCHE,DROITE,DROITE,20.17,1.35,54.24,24.23,9.75,22256.0,57.84,7.43,17.0,2300,2337,DROITE,0,LE PEN
59266,00266,Gondecourt,2017,3276,575,2701,2633,17.55,MACRON,LE PEN,FILLON,MÉLENCHON,DUPONT-AIGNAN,24.72,23.21,18.91,18.46,6.76,CENTRE,DROITE,DROITE,GAUCHE,DROITE,24.72,1.48,48.88,24.91,7.04,23886.0,61.12,26.47,106.0,4050,4098,CENTRE,1,MACRON
59267,00267,Gonnelieu,2017,239,60,179,174,25.1,LE PEN,MÉLENCHON,MACRON,FILLON,DUPONT-AIGNAN,44.83,14.94,14.37,9.77,8.62,DROITE,GAUCHE,CENTRE,DROITE,DROITE,14.37,2.87,63.22,19.54,23.08,19435.0,47.79,0.0,0.0,289,296,DROITE,0,LE PEN
59268,00268,La Gorgue,2017,3973,750,3223,3131,18.88,LE PEN,MÉLENCHON,MACRON,FILLON,DUPONT-AIGNAN,37.75,18.36,16.86,13.06,6.2,DROITE,GAUCHE,CENTRE,DROITE,DROITE,16.86,1.66,57.01,24.47,12.17,19378.0,53.46,31.55,179.0,5599,5651,DROITE,0,LE PEN
59269,00269,Gouzeaucourt,2017,1112,234,878,850,21.04,LE PEN,MÉLENCHON,FILLON,MACRON,DUPONT-AIGNAN,40.12,16.94,15.41,15.18,6.24,DROITE,GAUCHE,DROITE,CENTRE,DROITE,15.18,1.18,61.76,21.88,17.83,17810.0,51.55,14.25,22.0,1454,1479,DROITE,0,LE PEN
59270,00270,Grand-Fayt,2017,379,68,311,302,17.94,LE PEN,MÉLENCHON,DUPONT-AIGNAN,MACRON,FILLON,39.4,15.56,13.25,12.91,11.59,DROITE,GAUCHE,DROITE,CENTRE,DROITE,12.91,1.32,64.24,21.52,10.69,18953.0,55.33,0.0,0.0,475,482,DROITE,0,LE PEN
59271,00271,Grande-Synthe,2017,15081,4689,10392,10051,31.09,MÉLENCHON,LE PEN,MACRON,HAMON,FILLON,33.8,30.96,13.79,7.17,5.9,GAUCHE,DROITE,CENTRE,GAUCHE,DROITE,13.79,2.91,39.73,43.58,28.54,15109.0,59.93,57.4,1337.0,20331,20528,GAUCHE,1,MÉLENCHON
59272,00272,Grand-Fort-Philippe,2017,4154,995,3159,3041,23.95,LE PEN,MÉLENCHON,MACRON,FILLON,DUPONT-AIGNAN,44.23,16.67,13.15,9.93,6.51,DROITE,GAUCHE,CENTRE,DROITE,DROITE,13.15,2.04,60.67,24.14,21.27,18291.0,50.99,15.15,77.0,4977,5026,DROITE,0,LE PEN
59273,00273,Gravelines,2017,9094,2009,7085,6882,22.09,LE PEN,MÉLENCHON,MACRON,FILLON,HAMON,36.97,19.47,16.75,10.24,6.28,DROITE,GAUCHE,CENTRE,DROITE,GAUCHE,16.75,2.43,52.76,28.06,15.76,19734.0,56.63,34.38,394.0,11223,11393,DROITE,0,LE PEN
59274,00274,La Groise,2017,355,76,279,272,21.41,LE PEN,FILLON,MÉLENCHON,MACRON,DUPONT-AIGNAN,38.24,19.49,16.54,11.03,8.46,DROITE,DROITE,GAUCHE,CENTRE,DROITE,11.03,1.47,66.18,21.32,19.51,18071.0,52.03,0.0,0.0,475,479,DROITE,0,LE PEN
59275,00275,Gruson,2017,963,70,893,878,7.27,FILLON,MACRON,LE PEN,MÉLENCHON,DUPONT-AIGNAN,46.01,27.33,9.79,7.63,4.33,DROITE,CENTRE,DROITE,GAUCHE,DROITE,27.33,1.37,60.14,11.16,9.7,34251.0,70.36,5.81,7.0,1237,1272,DROITE,0,FILLON
59276,00276,Guesnain,2017,3610,797,2813,2739,22.08,LE PEN,MÉLENCHON,MACRON,FILLON,HAMON,36.66,31.98,14.2,6.35,3.76,DROITE,GAUCHE,CENTRE,DROITE,GAUCHE,14.2,1.31,46.7,37.79,25.17,17233.0,51.1,32.68,152.0,4656,4684,DROITE,0,LE PEN
59277,00277,Gussignies,2017,183,31,152,148,16.94,LE PEN,MACRON,FILLON,MÉLENCHON,DUPONT-AIGNAN,31.08,20.95,20.27,16.22,6.08,DROITE,CENTRE,DROITE,GAUCHE,DROITE,20.95,1.35,57.43,20.27,12.5,21488.0,51.63,0.0,0.0,347,350,DROITE,0,LE PEN
59278,00278,Hallennes-lez-Haubourdin,2017,3146,501,2645,2596,15.92,LE PEN,MACRON,MÉLENCHON,FILLON,DUPONT-AIGNAN,27.2,22.69,19.3,15.06,6.59,DROITE,CENTRE,GAUCHE,DROITE,DROITE,22.69,1.66,48.84,26.81,14.02,22283.0,57.94,25.89,110.0,4718,4756,DROITE,0,LE PEN
59279,00279,Halluin,2017,14825,3826,10999,10720,25.81,LE PEN,MÉLENCHON,MACRON,FILLON,DUPONT-AIGNAN,30.1,20.35,18.34,16.62,5.86,DROITE,GAUCHE,CENTRE,DROITE,DROITE,18.34,1.64,52.58,27.43,14.84,19599.0,57.0,52.15,1080.0,20829,20964,DROITE,0,LE PEN
59280,00280,Hamel,2017,639,100,539,521,15.65,LE PEN,MÉLENCHON,FILLON,MACRON,DUPONT-AIGNAN,39.54,17.66,16.7,15.36,4.41,DROITE,GAUCHE,DROITE,CENTRE,DROITE,15.36,1.34,60.65,22.65,15.94,21865.0,49.21,9.0,7.0,775,783,DROITE,0,LE PEN
59281,00281,Hantay,2017,853,114,739,724,13.36,LE PEN,MÉLENCHON,MACRON,FILLON,HAMON,25.14,23.76,21.41,16.71,5.8,DROITE,GAUCHE,CENTRE,DROITE,GAUCHE,21.41,0.97,46.96,30.66,16.67,21489.0,58.2,6.91,9.0,1259,1271,DROITE,0,LE PEN
59282,00282,Hardifort,2017,311,45,266,260,14.47,LE PEN,MÉLENCHON,FILLON,MACRON,DUPONT-AIGNAN,23.08,21.92,19.62,16.92,8.46,DROITE,GAUCHE,DROITE,CENTRE,DROITE,16.92,2.69,51.15,29.23,13.16,21518.0,54.55,0.0,0.0,395,404,DROITE,0,LE PEN
59283,00283,Hargnies,2017,464,72,392,383,15.52,LE PEN,MACRON,FILLON,MÉLENCHON,DUPONT-AIGNAN,42.82,15.93,14.88,14.36,7.31,DROITE,CENTRE,DROITE,GAUCHE,DROITE,15.93,0.52,65.01,18.54,3.57,23036.0,54.69,0.0,0.0,626,636,DROITE,0,LE PEN
59284,00284,Hasnon,2017,3066,705,2361,2279,22.99,LE PEN,MÉLENCHON,MACRON,FILLON,HAMON,33.04,22.16,18.34,13.03,5.05,DROITE,GAUCHE,CENTRE,DROITE,GAUCHE,18.34,2.15,50.94,28.57,12.44,21186.0,58.01,17.05,66.0,3874,3912,DROITE,0,LE PEN
59285,00285,Haspres,2017,2131,425,1706,1661,19.94,LE PEN,MÉLENCHON,MACRON,FILLON,HAMON,41.36,20.65,15.59,10.3,5.54,DROITE,GAUCHE,CENTRE,DROITE,GAUCHE,15.59,0.84,56.17,27.39,15.07,19099.0,53.13,9.79,27.0,2642,2660,DROITE,0,LE PEN
59286,00286,Haubourdin,2017,9925,2354,7571,7368,23.72,LE PEN,MÉLENCHON,MACRON,FILLON,HAMON,32.95,22.38,19.2,10.94,5.51,DROITE,GAUCHE,CENTRE,DROITE,GAUCHE,19.2,1.78,49.08,29.94,14.9,19127.0,57.67,47.81,714.0,14757,14864,DROITE,0,LE PEN
59287,00287,Haucourt-en-Cambrésis,2017,155,13,142,136,8.39,LE PEN,FILLON,MACRON,MÉLENCHON,DUPONT-AIGNAN,43.38,16.18,15.44,12.5,6.62,DROITE,DROITE,CENTRE,GAUCHE,DROITE,15.44,2.94,66.18,15.44,5.88,20168.0,56.69,0.0,0.0,191,195,DROITE,0,LE PEN
59288,00288,Haulchin,2017,1635,301,1334,1282,18.41,LE PEN,MÉLENCHON,MACRON,FILLON,DUPONT-AIGNAN,39.78,22.07,14.51,10.92,5.3,DROITE,GAUCHE,CENTRE,DROITE,DROITE,14.51,1.64,56.01,27.85,16.95,18330.0,54.24,29.1,66.0,2320,2346,DROITE,0,LE PEN
59289,00289,Haussy,2017,1163,235,928,905,20.21,LE PEN,MÉLENCHON,MACRON,FILLON,DUPONT-AIGNAN,36.57,20.77,16.8,14.25,4.97,DROITE,GAUCHE,CENTRE,DROITE,DROITE,16.8,1.66,55.8,25.75,15.66,19108.0,54.38,0.0,0.0,1492,1540,DROITE,0,LE PEN
59290,00290,Haut-Lieu,2017,313,61,252,246,19.49,LE PEN,MACRON,FILLON,MÉLENCHON,DUPONT-AIGNAN,36.99,21.14,16.26,15.04,6.1,DROITE,CENTRE,DROITE,GAUCHE,DROITE,21.14,1.22,59.35,18.29,10.0,20296.0,50.52,0.0,0.0,386,387,DROITE,0,LE PEN
59291,00291,Hautmont,2017,9703,3555,6148,5984,36.64,LE PEN,MÉLENCHON,MACRON,FILLON,HAMON,39.52,22.44,13.9,11.75,4.51,DROITE,GAUCHE,CENTRE,DROITE,GAUCHE,13.9,1.77,55.13,29.19,33.11,14900.0,52.73,37.94,552.0,14182,14256,DROITE,0,LE PEN
59292,00292,Haveluy,2017,2083,451,1632,1590,21.65,LE PEN,MÉLENCHON,MACRON,HAMON,FILLON,41.32,26.6,11.38,8.68,6.35,DROITE,GAUCHE,CENTRE,GAUCHE,DROITE,11.38,1.32,50.31,36.98,24.71,15561.0,50.76,22.05,69.0,3250,3262,DROITE,0,LE PEN
59293,00293,Haverskerque,2017,1109,221,888,867,19.93,LE PEN,MACRON,FILLON,MÉLENCHON,DUPONT-AIGNAN,32.64,20.07,17.99,15.92,4.96,DROITE,CENTRE,DROITE,GAUCHE,DROITE,20.07,1.96,55.59,22.38,8.16,21221.0,51.95,0.0,0.0,1401,1419,DROITE,0,LE PEN
59294,00294,Haynecourt,2017,239,44,195,193,18.41,LE PEN,FILLON,MACRON,MÉLENCHON,DUPONT-AIGNAN,31.09,24.35,19.69,12.44,8.81,DROITE,DROITE,CENTRE,GAUCHE,DROITE,19.69,1.04,64.25,15.03,6.47,19964.0,49.74,0.0,0.0,307,314,DROITE,0,LE PEN
59295,00295,Hazebrouck,2017,16660,3656,13004,12685,21.94,LE PEN,MACRON,MÉLENCHON,FILLON,HAMON,28.21,20.74,19.55,17.09,5.7,DROITE,CENTRE,GAUCHE,DROITE,GAUCHE,20.74,1.46,50.45,27.36,15.2,19076.0,57.58,40.72,883.0,21498,21899,DROITE,0,LE PEN
59296,00296,Hecq,2017,298,54,244,238,18.12,LE PEN,FILLON,MACRON,MÉLENCHON,DUPONT-AIGNAN,35.29,17.23,15.55,14.29,9.24,DROITE,DROITE,CENTRE,GAUCHE,DROITE,15.55,1.68,61.76,21.01,5.88,20949.0,59.51,0.0,0.0,351,361,DROITE,0,LE PEN
59297,00297,Hélesmes,2017,1416,322,1094,1064,22.74,LE PEN,MÉLENCHON,MACRON,FILLON,DUPONT-AIGNAN,41.73,18.8,15.6,11.94,5.36,DROITE,GAUCHE,CENTRE,DROITE,DROITE,15.6,0.75,59.02,24.62,11.41,20330.0,55.07,9.62,19.0,1921,1940,DROITE,0,LE PEN
59299,00299,Hem,2017,13739,3046,10693,10483,22.17,FILLON,MÉLENCHON,MACRON,LE PEN,HAMON,24.45,23.61,23.09,17.23,5.24,DROITE,GAUCHE,CENTRE,DROITE,GAUCHE,23.09,1.53,45.44,29.94,17.5,20554.0,64.27,45.26,856.0,18713,18869,DROITE,0,FILLON
59300,00300,Hem-Lenglet,2017,413,62,351,346,15.01,LE PEN,FILLON,MÉLENCHON,MACRON,DUPONT-AIGNAN,48.55,13.58,13.29,12.14,6.07,DROITE,DROITE,GAUCHE,CENTRE,DROITE,12.14,1.16,68.21,18.5,18.0,19606.0,56.52,0.0,0.0,549,558,DROITE,0,LE PEN
59301,00301,Hergnies,2017,3329,882,2447,2365,26.49,LE PEN,MÉLENCHON,MACRON,FILLON,DUPONT-AIGNAN,36.07,18.82,16.53,11.92,6.72,DROITE,GAUCHE,CENTRE,DROITE,DROITE,16.53,2.71,54.71,26.05,12.38,20371.0,53.4,12.91,57.0,4463,4496,DROITE,0,LE PEN
59302,00302,Hérin,2017,2883,601,2282,2228,20.85,LE PEN,MÉLENCHON,MACRON,FILLON,DUPONT-AIGNAN,40.84,21.9,15.35,9.02,5.07,DROITE,GAUCHE,CENTRE,DROITE,DROITE,15.35,1.62,54.94,28.1,13.28,18133.0,51.0,28.63,116.0,4129,4157,DROITE,0,LE PEN
59303,00303,Herlies,2017,1871,311,1560,1527,16.62,MACRON,LE PEN,FILLON,MÉLENCHON,DUPONT-AIGNAN,25.41,24.23,23.64,14.6,5.83,CENTRE,DROITE,DROITE,GAUCHE,DROITE,25.41,1.05,53.7,19.84,7.52,24467.0,58.44,13.29,32.0,2323,2352,CENTRE,1,MACRON
59304,00304,Herrin,2017,334,40,294,285,11.98,MACRON,FILLON,LE PEN,MÉLENCHON,DUPONT-AIGNAN,27.37,25.61,18.25,14.39,6.32,CENTRE,DROITE,DROITE,GAUCHE,DROITE,27.37,1.05,50.18,21.4,15.0,25046.0,60.84,0.0,0.0,423,431,CENTRE,1,MACRON
59305,00305,Herzeele,2017,1245,187,1058,1024,15.02,LE PEN,FILLON,MACRON,MÉLENCHON,DUPONT-AIGNAN,29.49,23.93,17.29,13.57,8.69,DROITE,DROITE,CENTRE,GAUCHE,DROITE,17.29,1.56,62.11,19.04,8.7,21264.0,53.28,27.62,45.0,1634,1669,DROITE,0,LE PEN
59306,00306,Hestrud,2017,196,51,145,141,26.02,LE PEN,FILLON,MACRON,MÉLENCHON,HAMON,29.79,23.4,20.57,12.77,7.8,DROITE,DROITE,CENTRE,GAUCHE,GAUCHE,20.57,0.0,57.45,21.99,20.07,18411.0,49.72,0.0,0.0,296,299,DROITE,0,LE PEN
59307,00307,Holque,2017,699,130,569,557,18.6,LE PEN,MÉLENCHON,MACRON,FILLON,DUPONT-AIGNAN,43.99,17.24,13.11,12.75,5.21,DROITE,GAUCHE,CENTRE,DROITE,DROITE,13.11,2.33,61.94,22.62,10.71,18893.0,48.3,0.0,0.0,871,873,DROITE,0,LE PEN
59308,00308,Hondeghem,2017,744,70,674,661,9.41,FILLON,LE PEN,MACRON,MÉLENCHON,DUPONT-AIGNAN,25.42,21.48,21.18,14.67,7.56,DROITE,DROITE,CENTRE,GAUCHE,DROITE,21.18,1.51,54.46,22.84,6.32,23162.0,54.14,0.0,0.0,913,936,DROITE,0,FILLON
59309,00309,Hondschoote,2017,2975,651,2324,2257,21.88,LE PEN,MÉLENCHON,FILLON,MACRON,DUPONT-AIGNAN,35.31,19.1,18.12,15.24,5.14,DROITE,GAUCHE,DROITE,CENTRE,DROITE,15.24,1.28,58.57,24.9,12.11,19022.0,60.88,17.82,73.0,4026,4107,DROITE,0,LE PEN
59310,00310,Hon-Hergies,2017,490,90,400,394,18.37,LE PEN,FILLON,MÉLENCHON,MACRON,DUPONT-AIGNAN,36.04,18.27,16.24,14.97,7.87,DROITE,DROITE,GAUCHE,CENTRE,DROITE,14.97,1.27,62.18,21.57,14.35,23763.0,59.12,0.0,0.0,866,876,DROITE,0,LE PEN
59311,00311,Honnechy,2017,349,66,283,269,18.91,LE PEN,MÉLENCHON,FILLON,DUPONT-AIGNAN,MACRON,44.98,18.59,15.24,7.06,7.06,DROITE,GAUCHE,DROITE,DROITE,CENTRE,7.06,1.12,67.29,24.54,19.57,16590.0,56.28,0.0,0.0,576,582,DROITE,0,LE PEN
59312,00312,Honnecourt-sur-Escaut,2017,515,98,417,408,19.03,LE PEN,MÉLENCHON,FILLON,MACRON,DUPONT-AIGNAN,39.22,18.14,18.14,13.97,4.41,DROITE,GAUCHE,DROITE,CENTRE,DROITE,13.97,1.47,61.76,22.79,28.01,18854.0,60.36,0.0,0.0,734,751,DROITE,0,LE PEN
59313,00313,Hordain,2017,1071,124,947,928,11.58,LE PEN,MÉLENCHON,MACRON,FILLON,HAMON,39.22,23.28,15.19,11.1,4.31,DROITE,GAUCHE,CENTRE,DROITE,GAUCHE,15.19,1.08,54.53,29.2,14.73,20089.0,51.1,6.39,9.0,1440,1456,DROITE,0,LE PEN
59314,00314,Hornaing,2017,2692,528,2164,2111,19.61,LE PEN,MÉLENCHON,HAMON,MACRON,FILLON,40.17,19.19,13.45,12.6,7.82,DROITE,GAUCHE,GAUCHE,CENTRE,DROITE,12.6,1.33,51.4,34.68,16.83,18107.0,52.99,25.33,90.0,3535,3568,DROITE,0,LE PEN
59315,00315,Houdain-lez-Bavay,2017,670,143,527,517,21.34,LE PEN,FILLON,MACRON,MÉLENCHON,HAMON,33.46,18.38,17.79,14.7,6.38,DROITE,DROITE,CENTRE,GAUCHE,GAUCHE,17.79,1.74,57.83,22.63,10.83,20781.0,59.02,0.0,0.0,901,913,DROITE,0,LE PEN
59316,00316,Houplin-Ancoisne,2017,2696,415,2281,2228,15.39,LE PEN,MACRON,MÉLENCHON,FILLON,HAMON,27.92,21.27,18.76,16.92,6.6,DROITE,CENTRE,GAUCHE,DROITE,GAUCHE,21.27,1.21,50.81,26.71,10.26,22997.0,61.37,40.42,139.0,3275,3324,DROITE,0,LE PEN
59317,00317,Houplines,2017,5912,1594,4318,4210,26.96,LE PEN,MÉLENCHON,MACRON,FILLON,HAMON,30.45,20.33,19.05,13.59,7.27,DROITE,GAUCHE,CENTRE,DROITE,GAUCHE,19.05,1.45,49.98,29.52,11.06,20012.0,55.39,41.07,322.0,7897,7990,DROITE,0,LE PEN
59318,00318,Houtkerque,2017,752,152,600,585,20.21,LE PEN,FILLON,MACRON,MÉLENCHON,DUPONT-AIGNAN,37.09,24.62,12.48,10.43,7.18,DROITE,DROITE,CENTRE,GAUCHE,DROITE,12.48,1.03,68.89,17.61,3.88,21300.0,51.24,0.0,0.0,985,994,DROITE,0,LE PEN
59319,00319,Hoymille,2017,2643,385,2258,2203,14.57,LE PEN,MACRON,FILLON,MÉLENCHON,DUPONT-AIGNAN,29.46,20.34,19.29,15.07,8.35,DROITE,CENTRE,DROITE,GAUCHE,DROITE,20.34,1.13,57.1,21.43,6.36,22625.0,52.79,9.31,30.0,3173,3375,DROITE,0,LE PEN
59320,00320,Illies,2017,1079,122,957,927,11.31,LE PEN,FILLON,MACRON,MÉLENCHON,DUPONT-AIGNAN,33.12,19.74,19.2,14.78,5.39,DROITE,DROITE,CENTRE,GAUCHE,DROITE,19.2,1.29,58.25,21.25,10.06,21733.0,57.72,8.41,13.0,1664,1680,DROITE,0,LE PEN
59321,00321,Inchy,2017,556,128,428,417,23.02,LE PEN,FILLON,MACRON,MÉLENCHON,DUPONT-AIGNAN,40.29,15.83,15.59,13.19,8.15,DROITE,DROITE,CENTRE,GAUCHE,DROITE,15.59,1.92,64.27,18.23,19.05,17145.0,59.01,0.0,0.0,635,639,DROITE,0,LE PEN
59322,00322,Iwuy,2017,2484,460,2024,1965,18.52,LE PEN,MÉLENCHON,MACRON,FILLON,DUPONT-AIGNAN,44.99,17.81,13.59,11.09,5.34,DROITE,GAUCHE,CENTRE,DROITE,DROITE,13.59,1.22,61.42,23.77,19.41,17647.0,55.3,20.98,70.0,3343,3374,DROITE,0,LE PEN
59323,00323,Jenlain,2017,886,128,758,749,14.45,LE PEN,MACRON,FILLON,MÉLENCHON,DUPONT-AIGNAN,27.9,24.17,20.83,13.35,7.61,DROITE,CENTRE,DROITE,GAUCHE,DROITE,24.17,2.0,56.34,17.49,3.85,24472.0,59.95,6.17,7.0,1159,1185,DROITE,0,LE PEN
59324,00324,Jeumont,2017,6955,2477,4478,4368,35.61,LE PEN,MÉLENCHON,MACRON,FILLON,HAMON,34.55,25.92,14.95,10.35,6.59,DROITE,GAUCHE,CENTRE,DROITE,GAUCHE,14.95,1.9,48.83,34.32,31.38,15578.0,52.63,43.5,443.0,10342,10433,DROITE,0,LE PEN
59325,00325,Jolimetz,2017,731,111,620,602,15.18,LE PEN,FILLON,MACRON,MÉLENCHON,HAMON,27.57,21.59,20.27,12.79,6.81,DROITE,DROITE,CENTRE,GAUCHE,GAUCHE,20.27,2.66,55.15,21.93,10.59,23588.0,55.71,0.0,0.0,858,872,DROITE,0,LE PEN
59326,00326,Killem,2017,816,134,682,661,16.42,LE PEN,FILLON,MÉLENCHON,MACRON,DUPONT-AIGNAN,34.49,20.73,18.46,11.95,5.75,DROITE,DROITE,GAUCHE,CENTRE,DROITE,11.95,2.57,60.97,24.51,8.0,18977.0,47.81,0.0,0.0,1181,1202,DROITE,0,LE PEN
59327,00327,Lallaing,2017,4373,939,3434,3319,21.47,LE PEN,MÉLENCHON,MACRON,FILLON,DUPONT-AIGNAN,43.09,27.6,10.88,8.04,3.92,DROITE,GAUCHE,CENTRE,DROITE,DROITE,10.88,1.08,55.05,32.99,23.67,16879.0,55.72,30.34,187.0,6250,6286,DROITE,0,LE PEN
59328,00328,Lambersart,2017,20728,3889,16839,16549,18.76,MACRON,FILLON,MÉLENCHON,LE PEN,HAMON,30.43,27.25,17.11,11.15,7.2,CENTRE,DROITE,GAUCHE,DROITE,GAUCHE,30.43,1.47,42.44,25.66,11.77,25080.0,69.89,37.48,1035.0,27121,27563,CENTRE,1,MACRON
59329,00329,Lambres-lez-Douai,2017,3805,680,3125,3064,17.87,LE PEN,MACRON,MÉLENCHON,FILLON,DUPONT-AIGNAN,29.34,20.07,19.71,17.95,5.03,DROITE,CENTRE,GAUCHE,DROITE,DROITE,20.07,1.24,52.32,26.37,16.06,20642.0,55.82,32.8,169.0,4926,5011,DROITE,0,LE PEN
59330,00330,Landas,2017,1976,326,1650,1612,16.5,FILLON,LE PEN,MACRON,MÉLENCHON,DUPONT-AIGNAN,27.67,24.32,20.66,12.59,7.38,DROITE,DROITE,CENTRE,GAUCHE,DROITE,20.66,1.49,59.37,18.49,5.38,24021.0,60.95,10.82,26.0,2447,2488,DROITE,0,FILLON
59331,00331,Landrecies,2017,2593,600,1993,1933,23.14,LE PEN,MÉLENCHON,FILLON,MACRON,DUPONT-AIGNAN,36.16,21.16,15.36,13.55,5.85,DROITE,GAUCHE,DROITE,CENTRE,DROITE,13.55,1.81,57.37,27.26,27.4,16587.0,56.77,17.47,61.0,3435,3518,DROITE,0,LE PEN
59332,00332,Lannoy,2017,1241,425,816,798,34.25,LE PEN,MACRON,MÉLENCHON,FILLON,HAMON,25.94,23.06,22.18,16.04,5.14,DROITE,CENTRE,GAUCHE,DROITE,GAUCHE,23.06,1.5,46.99,28.45,15.49,17717.0,61.54,40.53,71.0,1800,1808,DROITE,0,LE PEN
59333,00333,Larouillies,2017,191,35,156,145,18.32,LE PEN,FILLON,MACRON,MÉLENCHON,DUPONT-AIGNAN,36.55,20.69,18.62,10.34,8.97,DROITE,DROITE,CENTRE,GAUCHE,DROITE,18.62,2.07,66.21,13.1,18.18,19678.0,51.36,0.0,0.0,248,258,DROITE,0,LE PEN
59334,00334,Lauwin-Planque,2017,1306,173,1133,1095,13.25,LE PEN,MÉLENCHON,MACRON,FILLON,DUPONT-AIGNAN,31.51,19.63,18.36,16.62,5.75,DROITE,GAUCHE,CENTRE,DROITE,DROITE,18.36,1.64,53.88,26.12,10.29,21890.0,52.64,32.65,56.0,1582,1604,DROITE,0,LE PEN
59335,00335,Lecelles,2017,2321,424,1897,1844,18.27,LE PEN,MACRON,FILLON,MÉLENCHON,DUPONT-AIGNAN,28.69,21.2,20.82,15.24,6.4,DROITE,CENTRE,DROITE,GAUCHE,DROITE,21.2,2.01,55.91,20.88,6.04,23588.0,60.43,7.17,20.0,3004,3065,DROITE,0,LE PEN
59336,00336,Lécluse,2017,1017,199,818,798,19.57,LE PEN,MÉLENCHON,MACRON,FILLON,DUPONT-AIGNAN,44.49,20.3,13.53,9.27,4.39,DROITE,GAUCHE,CENTRE,DROITE,DROITE,13.53,1.63,58.15,26.69,19.33,18526.0,49.81,19.72,27.0,1361,1376,DROITE,0,LE PEN
59337,00337,Lederzeele,2017,520,94,426,419,18.08,LE PEN,FILLON,MACRON,MÉLENCHON,DUPONT-AIGNAN,31.74,25.06,19.81,11.46,5.97,DROITE,DROITE,CENTRE,GAUCHE,DROITE,19.81,3.1,62.77,14.32,1.82,20251.0,53.87,0.0,0.0,692,712,DROITE,0,LE PEN
59338,00338,Ledringhem,2017,471,40,431,422,8.49,LE PEN,MACRON,FILLON,MÉLENCHON,DUPONT-AIGNAN,25.36,23.22,22.51,15.17,5.69,DROITE,CENTRE,DROITE,GAUCHE,DROITE,23.22,1.9,53.55,21.33,9.52,22848.0,52.83,0.0,0.0,629,648,DROITE,0,LE PEN
59339,00339,Leers,2017,8254,1799,6455,6277,21.8,LE PEN,MACRON,FILLON,MÉLENCHON,DUPONT-AIGNAN,27.05,22.37,19.55,17.43,5.37,DROITE,CENTRE,DROITE,GAUCHE,DROITE,22.37,1.77,51.97,23.9,10.98,22309.0,56.27,63.8,609.0,9588,9668,DROITE,0,LE PEN
59340,00340,Leffrinckoucke,2017,3585,645,2940,2858,17.99,LE PEN,MÉLENCHON,MACRON,FILLON,HAMON,27.19,20.92,20.29,16.13,5.81,DROITE,GAUCHE,CENTRE,DROITE,GAUCHE,20.29,2.34,48.43,28.94,20.27,21099.0,57.58,26.65,114.0,4124,4221,DROITE,0,LE PEN
59341,00341,Lesdain,2017,322,57,265,259,17.7,LE PEN,MACRON,FILLON,MÉLENCHON,DUPONT-AIGNAN,32.05,24.71,15.44,13.51,5.41,DROITE,CENTRE,DROITE,GAUCHE,DROITE,24.71,1.93,52.9,20.46,4.3,20305.0,56.65,0.0,0.0,442,448,DROITE,0,LE PEN
59342,00342,Lez-Fontaine,2017,160,18,142,139,11.25,FILLON,LE PEN,MACRON,MÉLENCHON,DUPONT-AIGNAN,33.09,25.9,13.67,13.67,5.04,DROITE,DROITE,CENTRE,GAUCHE,DROITE,13.67,2.16,64.03,20.14,9.52,22106.0,53.18,0.0,0.0,227,233,DROITE,0,FILLON
59343,00343,Lesquin,2017,5547,850,4697,4595,15.32,MACRON,LE PEN,FILLON,MÉLENCHON,DUPONT-AIGNAN,24.64,24.53,19.37,17.11,6.33,CENTRE,DROITE,DROITE,GAUCHE,DROITE,24.64,1.09,50.23,24.05,9.36,23044.0,60.19,80.01,633.0,9241,9328,CENTRE,1,MACRON
59344,00344,Leval,2017,1839,449,1390,1350,24.42,LE PEN,MÉLENCHON,MACRON,FILLON,HAMON,38.89,28.96,13.85,6.59,4.22,DROITE,GAUCHE,CENTRE,DROITE,GAUCHE,13.85,1.48,49.48,35.19,20.16,17558.0,46.24,12.98,32.0,2491,2503,DROITE,0,LE PEN
59345,00345,Lewarde,2017,1877,363,1514,1463,19.34,LE PEN,MÉLENCHON,MACRON,FILLON,DUPONT-AIGNAN,35.41,26.04,15.17,11.48,4.99,DROITE,GAUCHE,CENTRE,DROITE,DROITE,15.17,1.5,51.88,31.44,21.47,18598.0,52.28,16.1,39.0,2403,2428,DROITE,0,LE PEN
59346,00346,Lezennes,2017,2572,471,2101,2040,18.31,MÉLENCHON,MACRON,LE PEN,FILLON,HAMON,25.05,22.5,20.78,12.25,12.01,GAUCHE,CENTRE,DROITE,DROITE,GAUCHE,22.5,1.18,37.6,38.73,7.85,23664.0,63.36,89.72,282.0,3019,3038,GAUCHE,1,MÉLENCHON
59347,00347,Liessies,2017,385,63,322,314,16.36,LE PEN,MACRON,MÉLENCHON,FILLON,HAMON,29.3,22.93,19.11,14.01,6.37,DROITE,CENTRE,GAUCHE,DROITE,GAUCHE,22.93,3.5,46.18,27.39,15.69,20389.0,54.92,0.0,0.0,531,547,DROITE,0,LE PEN
59348,00348,Lieu-Saint-Amand,2017,1074,181,893,873,16.85,LE PEN,MÉLENCHON,MACRON,FILLON,DUPONT-AIGNAN,42.61,22.34,13.75,9.05,5.15,DROITE,GAUCHE,CENTRE,DROITE,DROITE,13.75,1.6,56.82,27.84,14.41,20811.0,51.84,7.55,10.0,1461,1476,DROITE,0,LE PEN
59349,00349,Ligny-en-Cambrésis,2017,1364,266,1098,1064,19.5,LE PEN,MACRON,MÉLENCHON,FILLON,DUPONT-AIGNAN,42.67,15.6,14.38,14.1,5.26,DROITE,CENTRE,GAUCHE,DROITE,DROITE,15.6,2.26,62.03,20.11,18.62,18542.0,51.52,9.48,18.0,1901,1921,DROITE,0,LE PEN
59350,00350,Lille,2017,123435,31424,92011,90237,25.46,MÉLENCHON,MACRON,FILLON,LE PEN,HAMON,29.92,25.02,14.41,13.83,10.91,GAUCHE,CENTRE,DROITE,DROITE,GAUCHE,25.02,1.69,30.86,42.43,19.78,18424.0,71.93,132.99,30912.0,236710,238542,GAUCHE,1,MÉLENCHON
59351,00351,Limont-Fontaine,2017,485,113,372,361,23.3,LE PEN,FILLON,MACRON,MÉLENCHON,DUPONT-AIGNAN,36.57,26.04,11.91,11.08,8.86,DROITE,DROITE,CENTRE,GAUCHE,DROITE,11.91,1.39,71.47,15.24,13.26,19502.0,48.68,0.0,0.0,539,546,DROITE,0,LE PEN
59352,00352,Linselles,2017,6552,1234,5318,5205,18.83,FILLON,LE PEN,MACRON,MÉLENCHON,DUPONT-AIGNAN,27.24,24.67,22.04,12.76,6.46,DROITE,DROITE,CENTRE,GAUCHE,DROITE,22.04,1.63,58.37,17.96,10.3,22802.0,60.52,25.97,217.0,8192,8282,DROITE,0,FILLON
59353,00353,Locquignol,2017,267,44,223,219,16.48,LE PEN,FILLON,MACRON,MÉLENCHON,DUPONT-AIGNAN,36.99,16.44,15.07,15.07,8.68,DROITE,DROITE,CENTRE,GAUCHE,DROITE,15.07,2.28,62.1,20.55,17.07,20665.0,47.81,0.0,0.0,299,305,DROITE,0,LE PEN
59354,00354,Loffre,2017,583,76,507,495,13.04,LE PEN,MACRON,MÉLENCHON,FILLON,DUPONT-AIGNAN,28.48,24.85,20.4,13.33,7.07,DROITE,CENTRE,GAUCHE,DROITE,DROITE,24.85,1.41,48.89,24.85,11.55,25217.0,53.37,0.0,0.0,714,727,DROITE,0,LE PEN
59356,00356,Lompret,2017,1851,210,1641,1614,11.35,FILLON,MACRON,MÉLENCHON,LE PEN,DUPONT-AIGNAN,39.9,27.45,11.28,10.84,4.96,DROITE,CENTRE,GAUCHE,DROITE,DROITE,27.45,0.81,55.7,16.05,7.47,31042.0,70.34,17.82,41.0,2182,2227,DROITE,0,FILLON
59357,00357,La Longueville,2017,1517,324,1193,1165,21.36,LE PEN,FILLON,MACRON,MÉLENCHON,DUPONT-AIGNAN,34.85,18.28,16.48,15.97,6.95,DROITE,DROITE,CENTRE,GAUCHE,DROITE,16.48,1.63,60.09,21.8,12.71,20765.0,54.0,15.59,33.0,2065,2092,DROITE,0,LE PEN
59358,00358,Looberghe,2017,957,163,794,770,17.03,LE PEN,MÉLENCHON,MACRON,FILLON,DUPONT-AIGNAN,36.1,16.75,16.49,13.38,9.09,DROITE,GAUCHE,CENTRE,DROITE,DROITE,16.49,2.34,58.57,22.6,8.82,20366.0,50.23,0.0,0.0,1206,1219,DROITE,0,LE PEN
59359,00359,Loon-Plage,2017,4795,845,3950,3828,17.62,LE PEN,MÉLENCHON,MACRON,FILLON,DUPONT-AIGNAN,42.5,18.0,14.0,10.66,6.03,DROITE,GAUCHE,CENTRE,DROITE,DROITE,14.0,1.36,59.2,25.44,14.61,19096.0,52.96,34.31,213.0,6039,6108,DROITE,0,LE PEN
59360,00360,Loos,2017,13104,3640,9464,9245,27.78,LE PEN,MÉLENCHON,MACRON,FILLON,HAMON,26.92,26.9,19.91,10.33,7.83,DROITE,GAUCHE,CENTRE,DROITE,GAUCHE,19.91,1.62,41.54,36.93,18.45,17863.0,59.13,50.46,1114.0,23013,23271,DROITE,0,LE PEN
59361,00361,Lourches,2017,2247,652,1595,1569,29.02,LE PEN,MÉLENCHON,MACRON,HAMON,FILLON,42.7,27.28,10.71,7.07,5.1,DROITE,GAUCHE,CENTRE,GAUCHE,DROITE,10.71,1.85,50.8,36.65,39.29,13708.0,53.46,58.09,229.0,3814,3837,DROITE,0,LE PEN
59363,00363,Louvignies-Quesnoy,2017,728,123,605,588,16.9,LE PEN,MÉLENCHON,MACRON,FILLON,DUPONT-AIGNAN,26.36,22.96,20.75,18.37,4.93,DROITE,GAUCHE,CENTRE,DROITE,DROITE,20.75,0.68,49.66,28.91,12.99,21205.0,56.65,0.0,0.0,912,929,DROITE,0,LE PEN
59364,00364,Louvil,2017,670,81,589,579,12.09,MACRON,FILLON,MÉLENCHON,LE PEN,HAMON,35.23,28.32,15.03,10.88,4.49,CENTRE,DROITE,GAUCHE,DROITE,GAUCHE,35.23,1.04,43.01,20.73,5.46,29563.0,68.4,0.0,0.0,895,907,CENTRE,1,MACRON
59365,00365,Louvroil,2017,3771,1162,2609,2557,30.81,MÉLENCHON,LE PEN,MACRON,FILLON,HAMON,34.77,34.45,13.06,7.74,4.81,GAUCHE,DROITE,CENTRE,DROITE,GAUCHE,13.06,1.37,44.35,41.22,37.08,13650.0,52.7,55.81,366.0,6357,6397,GAUCHE,1,MÉLENCHON
59366,00366,Lynde,2017,599,83,516,505,13.86,LE PEN,MACRON,MÉLENCHON,FILLON,DUPONT-AIGNAN,29.9,23.17,19.6,15.45,5.94,DROITE,CENTRE,GAUCHE,DROITE,DROITE,23.17,0.99,51.29,24.55,1.27,22205.0,53.02,0.0,0.0,778,793,DROITE,0,LE PEN
59367,00367,Lys-lez-Lannoy,2017,9085,1708,7377,7161,18.8,LE PEN,MÉLENCHON,MACRON,FILLON,DUPONT-AIGNAN,26.07,20.93,20.74,16.18,6.56,DROITE,GAUCHE,CENTRE,DROITE,DROITE,20.74,1.59,48.82,28.85,14.3,20048.0,56.39,46.33,618.0,13793,13929,DROITE,0,LE PEN
59368,00368,La Madeleine,2017,15859,3924,11935,11683,24.74,MACRON,FILLON,MÉLENCHON,LE PEN,HAMON,28.96,23.3,20.41,13.8,7.5,CENTRE,DROITE,GAUCHE,DROITE,GAUCHE,28.96,1.41,40.41,29.22,13.09,22479.0,72.87,53.31,1133.0,22488,22665,CENTRE,1,MACRON
59369,00369,Maing,2017,3022,689,2333,2286,22.8,LE PEN,MÉLENCHON,MACRON,FILLON,DUPONT-AIGNAN,29.62,20.82,18.94,18.46,5.29,DROITE,GAUCHE,CENTRE,DROITE,DROITE,18.94,1.27,53.37,26.42,15.34,20629.0,56.5,16.94,69.0,4004,4054,DROITE,0,LE PEN
59370,00370,Mairieux,2017,573,111,462,448,19.37,LE PEN,FILLON,MACRON,MÉLENCHON,DUPONT-AIGNAN,31.03,27.46,16.52,12.72,6.25,DROITE,DROITE,CENTRE,GAUCHE,DROITE,16.52,0.67,64.73,18.08,17.2,23563.0,56.96,0.0,0.0,699,710,DROITE,0,LE PEN
59371,00371,Le Maisnil,2017,524,61,463,457,11.64,FILLON,MACRON,LE PEN,MÉLENCHON,DUPONT-AIGNAN,37.42,25.38,16.19,9.63,4.81,DROITE,CENTRE,DROITE,GAUCHE,DROITE,25.38,1.09,58.42,15.1,4.69,29352.0,67.84,0.0,0.0,628,643,DROITE,0,FILLON
59372,00372,Malincourt,2017,416,90,326,320,21.63,LE PEN,FILLON,MACRON,DUPONT-AIGNAN,MÉLENCHON,34.38,28.13,12.81,9.38,7.81,DROITE,DROITE,CENTRE,DROITE,GAUCHE,12.81,0.94,71.88,14.37,15.38,19590.0,51.19,0.0,0.0,476,482,DROITE,0,LE PEN
59374,00374,Marbaix,2017,371,48,323,313,12.94,LE PEN,FILLON,MÉLENCHON,MACRON,DUPONT-AIGNAN,37.38,18.21,17.57,11.5,9.58,DROITE,DROITE,GAUCHE,CENTRE,DROITE,11.5,2.24,65.18,21.09,15.2,20549.0,56.38,0.0,0.0,469,473,DROITE,0,LE PEN
59375,00375,Marchiennes,2017,3597,658,2939,2871,18.29,LE PEN,MÉLENCHON,MACRON,FILLON,DUPONT-AIGNAN,31.91,20.52,19.71,14.35,5.82,DROITE,GAUCHE,CENTRE,DROITE,DROITE,19.71,1.25,52.07,26.96,12.38,21159.0,57.96,32.44,149.0,4539,4600,DROITE,0,LE PEN
59377,00377,Marcoing,2017,1490,276,1214,1190,18.52,LE PEN,MÉLENCHON,MACRON,FILLON,DUPONT-AIGNAN,34.45,19.58,15.8,15.04,7.39,DROITE,GAUCHE,CENTRE,DROITE,DROITE,15.8,1.6,56.89,25.71,14.37,20194.0,49.33,6.91,13.0,1888,1914,DROITE,0,LE PEN
59378,00378,Marcq-en-Baroeul,2017,29008,5452,23556,23176,18.79,FILLON,MACRON,MÉLENCHON,LE PEN,HAMON,36.78,27.02,13.79,10.94,5.4,DROITE,CENTRE,GAUCHE,DROITE,GAUCHE,27.02,1.37,51.46,20.15,12.1,26110.0,72.16,57.03,2213.0,39356,40044,DROITE,0,FILLON
59379,00379,Marcq-en-Ostrevent,2017,514,88,426,417,17.12,LE PEN,MÉLENCHON,FILLON,MACRON,DUPONT-AIGNAN,44.84,19.18,10.79,10.31,7.91,DROITE,GAUCHE,DROITE,CENTRE,DROITE,10.31,0.96,63.55,25.18,10.14,20737.0,51.63,0.0,0.0,762,765,DROITE,0,LE PEN
59381,00381,Maresches,2017,702,149,553,542,21.23,LE PEN,FILLON,MÉLENCHON,MACRON,DUPONT-AIGNAN,31.18,21.4,18.08,17.34,6.46,DROITE,DROITE,GAUCHE,CENTRE,DROITE,17.34,1.29,59.04,22.32,10.68,22237.0,56.7,7.25,6.0,808,828,DROITE,0,LE PEN
59382,00382,Maretz,2017,941,150,791,769,15.94,LE PEN,MÉLENCHON,FILLON,MACRON,DUPONT-AIGNAN,45.38,16.91,12.87,11.96,5.59,DROITE,GAUCHE,DROITE,CENTRE,DROITE,11.96,2.08,63.85,22.11,25.19,16359.0,54.46,4.79,7.0,1417,1430,DROITE,0,LE PEN
59383,00383,Marly,2017,8593,2184,6409,6235,25.42,LE PEN,MÉLENCHON,MACRON,FILLON,HAMON,29.45,25.15,19.1,13.01,5.08,DROITE,GAUCHE,CENTRE,DROITE,GAUCHE,19.1,1.67,47.22,32.01,21.13,17851.0,56.02,46.8,538.0,12024,12146,DROITE,0,LE PEN
59384,00384,Maroilles,2017,1179,305,874,844,25.87,LE PEN,FILLON,MÉLENCHON,MACRON,DUPONT-AIGNAN,36.85,19.31,14.81,14.69,6.87,DROITE,DROITE,GAUCHE,CENTRE,DROITE,14.69,1.54,63.03,20.73,15.37,18735.0,56.71,5.03,7.0,1441,1463,DROITE,0,LE PEN
59385,00385,Marpent,2017,1676,428,1248,1220,25.54,LE PEN,MÉLENCHON,MACRON,FILLON,DUPONT-AIGNAN,42.05,20.49,14.75,10.66,5.33,DROITE,GAUCHE,CENTRE,DROITE,DROITE,14.75,1.39,58.03,25.82,24.31,17457.0,49.88,22.12,61.0,2654,2676,DROITE,0,LE PEN
59386,00386,Marquette-lez-Lille,2017,7537,1594,5943,5796,21.15,MACRON,LE PEN,MÉLENCHON,FILLON,HAMON,25.76,24.38,18.75,16.68,5.59,CENTRE,DROITE,GAUCHE,DROITE,GAUCHE,25.76,1.71,46.58,25.95,13.87,22099.0,62.26,42.5,443.0,11213,11277,CENTRE,1,MACRON
59387,00387,Marquette-en-Ostrevant,2017,1203,221,982,947,18.37,LE PEN,MÉLENCHON,MACRON,FILLON,HAMON,41.61,21.22,14.04,11.51,4.12,DROITE,GAUCHE,CENTRE,DROITE,GAUCHE,14.04,1.27,56.81,27.88,12.05,18757.0,54.08,6.45,12.0,1931,1943,DROITE,0,LE PEN
59388,00388,Marquillies,2017,1577,259,1318,1279,16.42,LE PEN,FILLON,MACRON,MÉLENCHON,DUPONT-AIGNAN,24.47,22.36,20.64,17.2,6.33,DROITE,DROITE,CENTRE,GAUCHE,DROITE,20.64,1.33,53.17,24.86,9.95,23975.0,61.34,5.54,11.0,1982,2005,DROITE,0,LE PEN
59389,00389,Masnières,2017,1880,344,1536,1493,18.3,LE PEN,MÉLENCHON,MACRON,FILLON,DUPONT-AIGNAN,36.77,24.92,16.08,10.52,4.82,DROITE,GAUCHE,CENTRE,DROITE,DROITE,16.08,1.14,52.11,30.68,16.74,18409.0,50.7,12.2,33.0,2772,2801,DROITE,0,LE PEN
59390,00390,Masny,2017,2767,639,2128,2059,23.09,LE PEN,MÉLENCHON,MACRON,FILLON,HAMON,36.33,29.24,14.38,8.69,3.98,DROITE,GAUCHE,CENTRE,DROITE,GAUCHE,14.38,2.09,48.52,35.02,29.07,16362.0,52.34,23.23,96.0,4056,4083,DROITE,0,LE PEN
59391,00391,Mastaing,2017,679,94,585,572,13.84,LE PEN,MÉLENCHON,MACRON,FILLON,DUPONT-AIGNAN,38.99,17.48,15.73,15.21,5.24,DROITE,GAUCHE,CENTRE,DROITE,DROITE,15.73,1.75,59.44,23.08,13.92,21217.0,49.93,0.0,0.0,889,894,DROITE,0,LE PEN
59392,00392,Maubeuge,2017,18953,6260,12693,12385,33.03,LE PEN,MÉLENCHON,MACRON,FILLON,HAMON,31.17,26.8,16.34,12.17,6.49,DROITE,GAUCHE,CENTRE,DROITE,GAUCHE,16.34,1.66,46.8,35.2,34.22,14920.0,57.84,64.32,1909.0,29066,29344,DROITE,0,LE PEN
59393,00393,Maulde,2017,835,209,626,622,25.03,LE PEN,FILLON,MACRON,MÉLENCHON,DUPONT-AIGNAN,34.89,20.74,17.36,14.47,5.63,DROITE,DROITE,CENTRE,GAUCHE,DROITE,17.36,1.77,61.25,19.61,15.31,21069.0,56.91,0.0,0.0,981,994,DROITE,0,LE PEN
59394,00394,Maurois,2017,240,57,183,182,23.75,LE PEN,MACRON,MÉLENCHON,FILLON,DUPONT-AIGNAN,55.49,13.74,11.54,9.34,6.04,DROITE,CENTRE,GAUCHE,DROITE,DROITE,13.74,1.1,70.88,14.29,23.03,17707.0,53.62,0.0,0.0,406,408,DROITE,0,LE PEN
59395,00395,Mazinghien,2017,246,55,191,185,22.36,LE PEN,FILLON,MACRON,MÉLENCHON,DUPONT-AIGNAN,42.7,17.3,15.68,12.43,6.49,DROITE,DROITE,CENTRE,GAUCHE,DROITE,15.68,2.16,66.49,15.68,14.29,19410.0,58.59,0.0,0.0,288,293,DROITE,0,LE PEN
59396,00396,Mecquignies,2017,452,64,388,378,14.16,LE PEN,MÉLENCHON,MACRON,FILLON,DUPONT-AIGNAN,38.62,16.4,16.14,14.02,7.14,DROITE,GAUCHE,CENTRE,DROITE,DROITE,16.14,1.59,59.79,22.49,10.17,21739.0,55.24,0.0,0.0,705,716,DROITE,0,LE PEN
59397,00397,Merckeghem,2017,491,76,415,403,15.48,LE PEN,FILLON,MACRON,MÉLENCHON,DUPONT-AIGNAN,33.75,20.84,17.12,14.64,5.21,DROITE,DROITE,CENTRE,GAUCHE,DROITE,17.12,2.23,59.8,20.84,6.9,22474.0,48.39,0.0,0.0,614,626,DROITE,0,LE PEN
59398,00398,Mérignies,2017,2344,260,2084,2045,11.09,FILLON,MACRON,LE PEN,MÉLENCHON,DUPONT-AIGNAN,40.83,25.97,13.01,10.95,3.62,DROITE,CENTRE,DROITE,GAUCHE,DROITE,25.97,1.56,57.46,15.01,8.14,32015.0,68.35,28.69,86.0,3360,3499,DROITE,0,FILLON
59399,00399,Merris,2017,814,125,689,678,15.36,LE PEN,FILLON,MÉLENCHON,MACRON,DUPONT-AIGNAN,28.17,25.81,17.55,14.6,7.37,DROITE,DROITE,GAUCHE,CENTRE,DROITE,14.6,1.03,61.36,23.01,4.3,23385.0,57.7,0.0,0.0,1049,1081,DROITE,0,LE PEN
59400,00400,Merville,2017,7187,1593,5594,5432,22.17,LE PEN,MÉLENCHON,MACRON,FILLON,DUPONT-AIGNAN,37.76,20.67,14.4,13.48,5.39,DROITE,GAUCHE,CENTRE,DROITE,DROITE,14.4,1.25,56.63,27.72,14.22,18437.0,52.54,37.7,371.0,9652,9740,DROITE,0,LE PEN
59401,00401,Méteren,2017,1716,239,1477,1429,13.93,LE PEN,FILLON,MACRON,MÉLENCHON,DUPONT-AIGNAN,26.87,23.79,18.19,14.84,6.3,DROITE,DROITE,CENTRE,GAUCHE,DROITE,18.19,2.66,56.96,22.18,11.21,22408.0,57.36,13.6,31.0,2256,2287,DROITE,0,LE PEN
59402,00402,Millam,2017,622,93,529,510,14.95,LE PEN,FILLON,MACRON,MÉLENCHON,DUPONT-AIGNAN,34.12,19.22,17.84,14.9,8.04,DROITE,DROITE,CENTRE,GAUCHE,DROITE,17.84,0.78,61.37,20.0,10.0,20911.0,53.09,0.0,0.0,848,868,DROITE,0,LE PEN
59403,00403,Millonfosse,2017,568,92,476,466,16.2,LE PEN,MÉLENCHON,MACRON,FILLON,DUPONT-AIGNAN,33.69,19.31,16.95,14.59,8.8,DROITE,GAUCHE,CENTRE,DROITE,DROITE,16.95,0.43,57.08,25.54,7.14,22864.0,51.34,0.0,0.0,711,718,DROITE,0,LE PEN
59405,00405,Moeuvres,2017,345,51,294,290,14.78,LE PEN,MACRON,FILLON,MÉLENCHON,DUPONT-AIGNAN,53.1,15.86,10.34,8.62,4.48,DROITE,CENTRE,DROITE,GAUCHE,DROITE,15.86,1.38,67.93,14.83,14.29,19322.0,53.7,0.0,0.0,489,492,DROITE,0,LE PEN
59406,00406,Monceau-Saint-Waast,2017,330,58,272,264,17.58,LE PEN,FILLON,MÉLENCHON,MACRON,DUPONT-AIGNAN,35.61,22.73,16.29,14.77,6.44,DROITE,DROITE,GAUCHE,CENTRE,DROITE,14.77,1.14,64.77,19.32,11.73,21159.0,52.66,0.0,0.0,429,435,DROITE,0,LE PEN
59407,00407,Monchaux-sur-Ecaillon,2017,454,44,410,401,9.69,LE PEN,FILLON,MACRON,MÉLENCHON,DUPONT-AIGNAN,31.42,22.94,21.7,11.97,5.24,DROITE,DROITE,CENTRE,GAUCHE,DROITE,21.7,1.75,59.6,16.96,1.69,24192.0,58.72,0.0,0.0,561,570,DROITE,0,LE PEN
59408,00408,Moncheaux,2017,1210,183,1027,1003,15.12,MACRON,LE PEN,FILLON,MÉLENCHON,DUPONT-AIGNAN,26.52,25.32,18.84,14.66,6.38,CENTRE,DROITE,DROITE,GAUCHE,DROITE,26.52,1.89,50.55,21.04,7.09,24740.0,58.56,17.21,26.0,1703,1729,CENTRE,1,MACRON
59409,00409,Monchecourt,2017,1788,354,1434,1395,19.8,LE PEN,MÉLENCHON,MACRON,FILLON,DUPONT-AIGNAN,40.36,24.3,13.84,9.39,4.52,DROITE,GAUCHE,CENTRE,DROITE,DROITE,13.84,1.51,54.27,30.39,17.23,18564.0,53.29,15.24,38.0,2501,2520,DROITE,0,LE PEN
59410,00410,Mons-en-Baroeul,2017,13286,3519,9767,9527,26.49,MÉLENCHON,MACRON,LE PEN,FILLON,HAMON,28.71,23.37,19.75,12.98,8.06,GAUCHE,CENTRE,DROITE,DROITE,GAUCHE,23.37,2.02,36.22,38.4,20.37,17438.0,64.46,46.46,969.0,21467,21600,GAUCHE,1,MÉLENCHON
59411,00411,Mons-en-Pévèle,2017,1737,309,1428,1395,17.79,FILLON,MACRON,LE PEN,MÉLENCHON,HAMON,25.38,22.29,20.93,15.2,6.67,DROITE,CENTRE,DROITE,GAUCHE,GAUCHE,22.29,1.51,52.33,23.87,7.18,25197.0,62.47,8.94,19.0,2089,2127,DROITE,0,FILLON
59412,00412,Montay,2017,226,41,185,184,18.14,LE PEN,MÉLENCHON,FILLON,MACRON,DUPONT-AIGNAN,42.39,20.65,14.13,10.33,3.26,DROITE,GAUCHE,DROITE,CENTRE,DROITE,10.33,3.26,59.78,26.63,13.64,17661.0,54.24,0.0,0.0,274,277,DROITE,0,LE PEN
59413,00413,Montigny-en-Cambrésis,2017,472,81,391,387,17.16,LE PEN,MACRON,FILLON,MÉLENCHON,DUPONT-AIGNAN,41.34,19.38,14.73,10.85,5.17,DROITE,CENTRE,DROITE,GAUCHE,DROITE,19.38,2.33,61.24,17.05,12.5,19791.0,57.63,0.0,0.0,554,561,DROITE,0,LE PEN
59414,00414,Montigny-en-Ostrevent,2017,3404,814,2590,2518,23.91,LE PEN,MÉLENCHON,MACRON,FILLON,HAMON,35.42,25.34,15.49,9.33,5.6,DROITE,GAUCHE,CENTRE,DROITE,GAUCHE,15.49,1.59,49.52,33.4,20.89,17638.0,54.69,20.89,100.0,4681,4735,DROITE,0,LE PEN
59415,00415,Montrécourt,2017,193,40,153,149,20.73,LE PEN,FILLON,MÉLENCHON,MACRON,DUPONT-AIGNAN,34.23,18.79,17.45,12.08,6.71,DROITE,DROITE,GAUCHE,CENTRE,DROITE,12.08,4.03,59.73,24.16,12.73,22173.0,52.73,0.0,0.0,225,227,DROITE,0,LE PEN
59416,00416,Morbecque,2017,2088,341,1747,1705,16.33,LE PEN,FILLON,MACRON,MÉLENCHON,DUPONT-AIGNAN,26.98,20.65,20.0,18.06,6.69,DROITE,DROITE,CENTRE,GAUCHE,DROITE,20.0,1.64,54.31,24.05,12.64,21652.0,56.23,15.65,40.0,2509,2551,DROITE,0,LE PEN
59418,00418,Mortagne-du-Nord,2017,1073,349,724,712,32.53,LE PEN,MÉLENCHON,MACRON,FILLON,DUPONT-AIGNAN,41.43,22.89,15.31,9.97,3.51,DROITE,GAUCHE,CENTRE,DROITE,DROITE,15.31,1.54,54.92,28.23,24.44,17280.0,62.85,34.1,56.0,1584,1591,DROITE,0,LE PEN
59419,00419,Mouchin,2017,1095,162,933,915,14.79,FILLON,LE PEN,MACRON,MÉLENCHON,DUPONT-AIGNAN,26.78,22.08,21.42,16.5,6.34,DROITE,DROITE,CENTRE,GAUCHE,DROITE,21.42,2.08,55.19,21.31,10.22,25207.0,57.01,5.01,7.0,1441,1462,DROITE,0,FILLON
59420,00420,Moustier-en-Fagne,2017,34,6,28,28,17.65,MACRON,MÉLENCHON,LE PEN,HAMON,FILLON,25.0,25.0,17.86,10.71,10.71,CENTRE,GAUCHE,DROITE,GAUCHE,DROITE,25.0,0.0,35.71,39.29,12.73,20770.0,66.66,0.0,0.0,60,62,CENTRE,1,MACRON
59421,00421,Mouvaux,2017,10525,1904,8621,8501,18.09,FILLON,MACRON,LE PEN,MÉLENCHON,DUPONT-AIGNAN,42.01,23.34,13.9,10.55,4.49,DROITE,CENTRE,DROITE,GAUCHE,DROITE,23.34,1.07,60.4,15.19,11.21,25906.0,69.2,36.7,489.0,13173,13362,DROITE,0,FILLON
59422,00422,Naves,2017,513,101,412,398,19.69,LE PEN,MÉLENCHON,MACRON,FILLON,DUPONT-AIGNAN,31.91,18.34,17.84,17.34,8.04,DROITE,GAUCHE,CENTRE,DROITE,DROITE,17.84,1.01,57.29,23.87,18.52,20325.0,54.91,0.0,0.0,626,638,DROITE,0,LE PEN
59423,00423,Neuf-Berquin,2017,944,133,811,780,14.09,LE PEN,MACRON,MÉLENCHON,FILLON,DUPONT-AIGNAN,31.15,20.26,17.69,16.03,7.44,DROITE,CENTRE,GAUCHE,DROITE,DROITE,20.26,1.67,54.62,23.46,10.28,21246.0,53.09,0.0,0.0,1403,1424,DROITE,0,LE PEN
59424,00424,Neuf-Mesnil,2017,873,174,699,673,19.93,LE PEN,MÉLENCHON,MACRON,FILLON,HAMON,43.09,22.73,12.93,9.06,5.2,DROITE,GAUCHE,CENTRE,DROITE,GAUCHE,12.93,0.45,55.57,31.05,23.15,17096.0,48.19,0.0,0.0,1305,1311,DROITE,0,LE PEN
59425,00425,Neuville-en-Avesnois,2017,241,24,217,214,9.96,LE PEN,MACRON,FILLON,MÉLENCHON,DUPONT-AIGNAN,25.23,22.43,20.56,15.42,7.48,DROITE,CENTRE,DROITE,GAUCHE,DROITE,22.43,0.47,53.27,23.83,11.11,23291.0,54.16,0.0,0.0,302,310,DROITE,0,LE PEN
59426,00426,Neuville-en-Ferrain,2017,8390,1806,6584,6430,21.53,LE PEN,MACRON,FILLON,MÉLENCHON,DUPONT-AIGNAN,27.03,23.17,21.28,15.46,6.19,DROITE,CENTRE,DROITE,GAUCHE,DROITE,23.17,1.31,54.49,21.03,10.39,22743.0,56.3,37.22,386.0,10160,10228,DROITE,0,LE PEN
59427,00427,La Neuville,2017,541,82,459,452,15.16,FILLON,MACRON,LE PEN,MÉLENCHON,DUPONT-AIGNAN,26.33,24.34,23.01,12.17,7.3,DROITE,CENTRE,DROITE,GAUCHE,DROITE,24.34,2.21,56.64,16.81,3.57,26524.0,60.37,0.0,0.0,620,632,DROITE,0,FILLON
59428,00428,Neuville-Saint-Rémy,2017,2828,710,2118,2052,25.11,LE PEN,MÉLENCHON,MACRON,FILLON,DUPONT-AIGNAN,35.72,18.91,17.11,14.47,6.29,DROITE,GAUCHE,CENTRE,DROITE,DROITE,17.11,1.56,56.48,24.85,21.03,18193.0,57.16,11.03,42.0,3912,3951,DROITE,0,LE PEN
59429,00429,Neuville-sur-Escaut,2017,1849,347,1502,1457,18.77,LE PEN,MÉLENCHON,MACRON,FILLON,HAMON,42.9,27.45,12.01,6.73,4.26,DROITE,GAUCHE,CENTRE,DROITE,GAUCHE,12.01,1.03,53.4,33.56,14.57,18006.0,51.75,17.03,46.0,2757,2771,DROITE,0,LE PEN
59430,00430,Neuvilly,2017,727,139,588,572,19.12,LE PEN,FILLON,MÉLENCHON,MACRON,DUPONT-AIGNAN,45.98,17.83,16.26,12.41,2.8,DROITE,DROITE,GAUCHE,CENTRE,DROITE,12.41,0.7,66.61,20.28,18.79,17284.0,52.46,4.44,5.0,1093,1104,DROITE,0,LE PEN
59431,00431,Nieppe,2017,6288,1389,4899,4794,22.09,LE PEN,MACRON,FILLON,MÉLENCHON,DUPONT-AIGNAN,28.18,20.0,19.5,18.46,5.57,DROITE,CENTRE,DROITE,GAUCHE,DROITE,20.0,1.54,53.25,25.2,12.52,21279.0,56.61,44.84,334.0,7606,7686,DROITE,0,LE PEN
59432,00432,Niergnies,2017,433,58,375,369,13.39,FILLON,LE PEN,MACRON,MÉLENCHON,HAMON,29.27,23.85,20.87,9.76,7.05,DROITE,DROITE,CENTRE,GAUCHE,GAUCHE,20.87,1.63,59.89,17.62,3.7,23342.0,53.71,0.0,0.0,512,519,DROITE,0,FILLON
59433,00433,Nieurlet,2017,729,128,601,587,17.56,LE PEN,MACRON,MÉLENCHON,FILLON,DUPONT-AIGNAN,41.23,17.89,16.52,10.73,5.79,DROITE,CENTRE,GAUCHE,DROITE,DROITE,17.89,0.51,57.75,23.85,7.14,17470.0,52.64,0.0,0.0,903,915,DROITE,0,LE PEN
59434,00434,Nivelle,2017,1024,158,866,844,15.43,LE PEN,FILLON,MACRON,MÉLENCHON,DUPONT-AIGNAN,31.4,20.38,18.72,15.64,7.11,DROITE,DROITE,CENTRE,GAUCHE,DROITE,18.72,1.07,58.89,21.33,9.34,23651.0,60.33,0.0,0.0,1379,1397,DROITE,0,LE PEN
59435,00435,Nomain,2017,2101,346,1755,1720,16.47,FILLON,MACRON,LE PEN,MÉLENCHON,DUPONT-AIGNAN,28.02,22.97,22.44,14.07,5.47,DROITE,CENTRE,DROITE,GAUCHE,DROITE,22.97,1.16,55.93,19.94,8.63,24834.0,58.89,13.22,33.0,2585,2621,DROITE,0,FILLON
59436,00436,Noordpeene,2017,635,71,564,549,11.18,LE PEN,FILLON,MACRON,MÉLENCHON,DUPONT-AIGNAN,31.69,19.85,14.94,14.57,9.11,DROITE,DROITE,CENTRE,GAUCHE,DROITE,14.94,3.46,60.66,20.95,10.13,18380.0,51.91,0.0,0.0,800,813,DROITE,0,LE PEN
59437,00437,Noyelles-lès-Seclin,2017,686,86,600,593,12.54,MACRON,FILLON,LE PEN,MÉLENCHON,HAMON,25.97,23.78,19.22,15.85,6.41,CENTRE,DROITE,DROITE,GAUCHE,GAUCHE,25.97,1.35,48.9,23.78,5.88,25430.0,62.71,6.83,6.0,845,860,CENTRE,1,MACRON
59438,00438,Noyelles-sur-Escaut,2017,561,65,496,487,11.59,LE PEN,MACRON,MÉLENCHON,FILLON,DUPONT-AIGNAN,34.7,19.51,17.25,14.78,6.98,DROITE,CENTRE,GAUCHE,DROITE,DROITE,19.51,1.85,56.47,22.18,16.9,20748.0,48.95,0.0,0.0,814,832,DROITE,0,LE PEN
59439,00439,Noyelles-sur-Sambre,2017,230,39,191,187,16.96,LE PEN,MACRON,FILLON,MÉLENCHON,DUPONT-AIGNAN,31.55,21.39,20.86,13.37,4.81,DROITE,CENTRE,DROITE,GAUCHE,DROITE,21.39,1.07,57.22,20.32,3.23,20590.0,52.1,0.0,0.0,278,284,DROITE,0,LE PEN
59440,00440,Noyelles-sur-Selle,2017,552,74,478,470,13.41,LE PEN,MÉLENCHON,FILLON,MACRON,DUPONT-AIGNAN,41.49,20.0,14.68,14.47,3.62,DROITE,GAUCHE,DROITE,CENTRE,DROITE,14.47,1.28,59.79,24.47,7.69,20015.0,46.36,0.0,0.0,673,684,DROITE,0,LE PEN
59441,00441,Obies,2017,520,89,431,425,17.12,LE PEN,FILLON,MACRON,MÉLENCHON,DUPONT-AIGNAN,28.24,22.59,21.41,12.71,6.59,DROITE,DROITE,CENTRE,GAUCHE,DROITE,21.41,1.41,57.41,19.76,12.73,22323.0,55.04,0.0,0.0,649,655,DROITE,0,LE PEN
59442,00442,Obrechies,2017,231,34,197,193,14.72,LE PEN,MACRON,FILLON,MÉLENCHON,HAMON,38.86,19.69,18.13,11.92,5.7,DROITE,CENTRE,DROITE,GAUCHE,GAUCHE,19.69,0.52,61.66,18.13,19.18,23234.0,51.28,0.0,0.0,273,279,DROITE,0,LE PEN
59443,00443,Ochtezeele,2017,285,29,256,247,10.18,LE PEN,MACRON,FILLON,MÉLENCHON,DUPONT-AIGNAN,26.32,23.08,21.46,12.55,8.5,DROITE,CENTRE,DROITE,GAUCHE,DROITE,23.08,3.64,56.28,17.0,6.45,22752.0,59.0,0.0,0.0,375,376,DROITE,0,LE PEN
59444,00444,Odomez,2017,639,131,508,497,20.5,LE PEN,MÉLENCHON,MACRON,FILLON,DUPONT-AIGNAN,40.44,17.51,15.69,11.87,5.84,DROITE,GAUCHE,CENTRE,DROITE,DROITE,15.69,2.41,58.15,23.74,13.16,19360.0,57.8,0.0,0.0,927,936,DROITE,0,LE PEN
59445,00445,Ohain,2017,908,217,691,671,23.9,LE PEN,MÉLENCHON,MACRON,FILLON,DUPONT-AIGNAN,42.18,16.54,14.61,14.61,6.11,DROITE,GAUCHE,CENTRE,DROITE,DROITE,14.61,1.79,62.89,20.72,14.16,18479.0,54.91,10.8,13.0,1188,1206,DROITE,0,LE PEN
59446,00446,Oisy,2017,432,68,364,352,15.74,LE PEN,FILLON,MACRON,MÉLENCHON,DUPONT-AIGNAN,25.28,21.88,21.31,19.32,6.25,DROITE,DROITE,CENTRE,GAUCHE,DROITE,21.31,0.85,53.41,24.43,5.18,24791.0,56.68,0.0,0.0,690,698,DROITE,0,LE PEN
59447,00447,Onnaing,2017,6225,1647,4578,4455,26.46,LE PEN,MÉLENCHON,MACRON,FILLON,DUPONT-AIGNAN,38.47,24.38,14.01,10.48,4.69,DROITE,GAUCHE,CENTRE,DROITE,DROITE,14.01,1.75,53.65,30.59,20.89,16910.0,50.75,51.13,449.0,8719,8785,DROITE,0,LE PEN
59448,00448,Oost-Cappel,2017,348,71,277,268,20.4,LE PEN,FILLON,MACRON,MÉLENCHON,DUPONT-AIGNAN,37.69,19.78,19.03,10.07,7.84,DROITE,DROITE,CENTRE,GAUCHE,DROITE,19.03,1.87,65.3,13.81,5.22,18992.0,47.38,0.0,0.0,472,477,DROITE,0,LE PEN
59449,00449,Orchies,2017,6641,1362,5279,5129,20.51,LE PEN,MACRON,MÉLENCHON,FILLON,HAMON,29.34,21.08,19.95,14.56,6.14,DROITE,CENTRE,GAUCHE,DROITE,GAUCHE,21.08,1.31,49.19,28.43,15.48,20510.0,58.76,53.51,462.0,8455,8596,DROITE,0,LE PEN
59450,00450,Ors,2017,501,93,408,398,18.56,LE PEN,MÉLENCHON,FILLON,MACRON,DUPONT-AIGNAN,40.45,18.84,15.83,13.57,4.77,DROITE,GAUCHE,DROITE,CENTRE,DROITE,13.57,2.26,61.06,23.12,18.87,19634.0,48.6,0.0,0.0,638,646,DROITE,0,LE PEN
59451,00451,Orsinval,2017,426,52,374,371,12.21,LE PEN,FILLON,MACRON,MÉLENCHON,DUPONT-AIGNAN,27.76,25.07,21.56,13.75,5.93,DROITE,DROITE,CENTRE,GAUCHE,DROITE,21.56,2.7,58.76,16.98,8.62,24737.0,56.1,0.0,0.0,558,568,DROITE,0,LE PEN
59452,00452,Ostricourt,2017,3940,1120,2820,2749,28.43,LE PEN,MÉLENCHON,MACRON,FILLON,HAMON,31.61,25.83,15.28,11.31,6.18,DROITE,GAUCHE,CENTRE,DROITE,GAUCHE,15.28,2.11,48.42,34.19,21.33,17126.0,55.22,55.63,299.0,5829,5859,DROITE,0,LE PEN
59453,00453,Oudezeele,2017,507,81,426,415,15.98,LE PEN,MACRON,FILLON,MÉLENCHON,DUPONT-AIGNAN,30.84,18.31,17.11,16.87,8.92,DROITE,CENTRE,DROITE,GAUCHE,DROITE,18.31,2.17,56.87,22.65,8.32,20660.0,56.58,0.0,0.0,684,698,DROITE,0,LE PEN
59454,00454,Oxelaëre,2017,385,32,353,346,8.31,FILLON,LE PEN,MACRON,MÉLENCHON,DUPONT-AIGNAN,34.97,24.28,16.47,13.01,4.05,DROITE,DROITE,CENTRE,GAUCHE,DROITE,16.47,3.76,63.29,16.47,9.26,20798.0,56.77,0.0,0.0,528,533,DROITE,0,FILLON
59455,00455,Paillencourt,2017,757,116,641,631,15.32,LE PEN,MÉLENCHON,MACRON,FILLON,DUPONT-AIGNAN,36.29,18.7,15.85,15.06,7.45,DROITE,GAUCHE,CENTRE,DROITE,DROITE,15.85,1.27,58.8,24.09,13.25,20767.0,51.49,0.0,0.0,1015,1028,DROITE,0,LE PEN
59456,00456,Pecquencourt,2017,4360,1250,3110,3035,28.67,LE PEN,MÉLENCHON,MACRON,FILLON,DUPONT-AIGNAN,40.76,25.17,14.23,8.17,3.76,DROITE,GAUCHE,CENTRE,DROITE,DROITE,14.23,1.61,52.69,31.47,25.29,16734.0,52.14,42.86,256.0,6232,6498,DROITE,0,LE PEN
59457,00457,Pérenchies,2017,6163,1318,4845,4711,21.39,LE PEN,MACRON,MÉLENCHON,FILLON,DUPONT-AIGNAN,27.53,20.29,19.06,17.19,6.11,DROITE,CENTRE,GAUCHE,DROITE,DROITE,20.29,1.61,50.84,27.26,11.43,21236.0,60.97,34.78,291.0,8519,8582,DROITE,0,LE PEN
59458,00458,Péronne-en-Mélantois,2017,645,45,600,590,6.98,FILLON,MACRON,LE PEN,MÉLENCHON,HAMON,30.17,22.2,21.36,14.41,4.92,DROITE,CENTRE,DROITE,GAUCHE,GAUCHE,22.2,1.86,55.76,20.17,5.31,28066.0,64.62,9.97,9.0,1004,1026,DROITE,0,FILLON
59459,00459,Petite-Forêt,2017,3823,803,3020,2965,21.0,LE PEN,MÉLENCHON,MACRON,FILLON,DUPONT-AIGNAN,40.98,22.6,15.99,9.41,4.18,DROITE,GAUCHE,CENTRE,DROITE,DROITE,15.99,1.21,54.57,28.23,16.99,19119.0,52.73,70.9,347.0,5058,5097,DROITE,0,LE PEN
59461,00461,Petit-Fayt,2017,231,33,198,196,14.29,LE PEN,FILLON,MACRON,MÉLENCHON,DUPONT-AIGNAN,38.78,23.47,14.8,10.71,8.16,DROITE,DROITE,CENTRE,GAUCHE,DROITE,14.8,1.02,70.41,13.78,23.33,20578.0,51.57,0.0,0.0,294,300,DROITE,0,LE PEN
59462,00462,Phalempin,2017,3715,565,3150,3078,15.21,MACRON,FILLON,LE PEN,MÉLENCHON,DUPONT-AIGNAN,24.82,24.46,20.96,16.18,5.62,CENTRE,DROITE,DROITE,GAUCHE,DROITE,24.82,1.3,51.04,22.84,9.96,24339.0,62.14,45.2,215.0,4849,4899,CENTRE,1,MACRON
59463,00463,Pitgam,2017,727,92,635,620,12.65,LE PEN,FILLON,MACRON,MÉLENCHON,DUPONT-AIGNAN,36.94,24.68,13.71,13.71,4.84,DROITE,DROITE,CENTRE,GAUCHE,DROITE,13.71,2.74,66.45,17.1,13.0,21158.0,53.08,0.0,0.0,976,988,DROITE,0,LE PEN
59464,00464,Poix-du-Nord,2017,1556,372,1184,1155,23.91,LE PEN,MÉLENCHON,MACRON,FILLON,HAMON,44.85,15.06,13.16,12.9,5.45,DROITE,GAUCHE,CENTRE,DROITE,GAUCHE,13.16,1.56,62.51,22.77,21.35,16413.0,56.26,7.28,16.0,2185,2198,DROITE,0,LE PEN
59465,00465,Pommereuil,2017,517,81,436,417,15.67,LE PEN,FILLON,MÉLENCHON,MACRON,DUPONT-AIGNAN,47.24,16.79,14.63,10.07,5.76,DROITE,DROITE,GAUCHE,CENTRE,DROITE,10.07,0.72,69.78,19.42,15.29,18253.0,53.57,0.0,0.0,792,795,DROITE,0,LE PEN
59466,00466,Pont-à-Marcq,2017,2055,319,1736,1700,15.52,MACRON,LE PEN,FILLON,MÉLENCHON,HAMON,25.41,24.76,18.47,16.65,6.12,CENTRE,DROITE,DROITE,GAUCHE,GAUCHE,25.41,1.41,49.29,23.88,7.53,23731.0,63.21,22.45,65.0,2883,2971,CENTRE,1,MACRON
59467,00467,Pont-sur-Sambre,2017,1813,411,1402,1355,22.67,LE PEN,MÉLENCHON,MACRON,FILLON,DUPONT-AIGNAN,33.87,19.34,17.93,13.65,7.08,DROITE,GAUCHE,CENTRE,DROITE,DROITE,17.93,2.21,54.61,25.24,18.5,18242.0,50.59,15.34,39.0,2410,2437,DROITE,0,LE PEN
59468,00468,Potelle,2017,325,60,265,257,18.46,FILLON,LE PEN,MACRON,MÉLENCHON,HAMON,28.4,24.9,17.51,15.95,7.0,DROITE,DROITE,CENTRE,GAUCHE,GAUCHE,17.51,1.56,57.98,22.96,3.23,24521.0,55.48,0.0,0.0,441,446,DROITE,0,FILLON
59469,00469,Pradelles,2017,282,36,246,234,12.77,LE PEN,MACRON,FILLON,MÉLENCHON,DUPONT-AIGNAN,37.18,21.79,18.8,9.83,8.12,DROITE,CENTRE,DROITE,GAUCHE,DROITE,21.79,2.99,64.1,11.11,2.56,23502.0,57.81,0.0,0.0,410,420,DROITE,0,LE PEN
59470,00470,Prémesques,2017,1616,212,1404,1380,13.12,FILLON,MACRON,LE PEN,MÉLENCHON,DUPONT-AIGNAN,27.32,23.84,21.74,12.32,6.88,DROITE,CENTRE,DROITE,GAUCHE,DROITE,23.84,1.23,55.94,18.99,7.35,25162.0,63.67,25.72,55.0,2060,2091,DROITE,0,FILLON
59471,00471,Préseau,2017,1524,290,1234,1208,19.03,LE PEN,MACRON,MÉLENCHON,FILLON,DUPONT-AIGNAN,25.83,23.43,18.71,18.71,6.95,DROITE,CENTRE,GAUCHE,DROITE,DROITE,23.43,1.82,51.49,23.26,10.31,22941.0,56.97,10.42,20.0,2065,2086,DROITE,0,LE PEN
59472,00472,Preux-au-Bois,2017,647,135,512,503,20.87,LE PEN,MÉLENCHON,MACRON,FILLON,DUPONT-AIGNAN,31.21,21.07,20.08,12.13,6.16,DROITE,GAUCHE,CENTRE,DROITE,DROITE,20.08,2.58,49.5,27.83,13.69,18284.0,56.94,0.0,0.0,838,846,DROITE,0,LE PEN
59473,00473,Preux-au-Sart,2017,212,41,171,169,19.34,LE PEN,FILLON,MÉLENCHON,MACRON,DUPONT-AIGNAN,29.59,26.04,17.16,16.57,5.92,DROITE,DROITE,GAUCHE,CENTRE,DROITE,16.57,1.78,61.54,20.12,11.43,22127.0,60.19,0.0,0.0,304,309,DROITE,0,LE PEN
59474,00474,Prisches,2017,826,192,634,618,23.24,LE PEN,FILLON,MÉLENCHON,MACRON,DUPONT-AIGNAN,33.98,20.87,15.86,15.53,7.44,DROITE,DROITE,GAUCHE,CENTRE,DROITE,15.53,1.94,62.3,20.23,3.94,17410.0,58.53,0.0,0.0,1043,1063,DROITE,0,LE PEN
59475,00475,Prouvy,2017,1736,336,1400,1347,19.35,LE PEN,MÉLENCHON,MACRON,FILLON,DUPONT-AIGNAN,39.05,24.42,15.44,9.06,5.35,DROITE,GAUCHE,CENTRE,DROITE,DROITE,15.44,1.34,53.45,29.77,16.27,19512.0,52.65,43.67,100.0,2173,2192,DROITE,0,LE PEN
59476,00476,Proville,2017,2774,560,2214,2165,20.19,LE PEN,FILLON,MACRON,MÉLENCHON,DUPONT-AIGNAN,28.68,22.77,21.39,13.3,6.33,DROITE,DROITE,CENTRE,GAUCHE,DROITE,21.39,1.39,57.78,19.45,19.18,21303.0,53.87,23.38,74.0,3128,3182,DROITE,0,LE PEN
59477,00477,Provin,2017,3179,555,2624,2541,17.46,LE PEN,MACRON,MÉLENCHON,FILLON,DUPONT-AIGNAN,35.93,18.69,18.61,11.53,6.45,DROITE,CENTRE,GAUCHE,DROITE,DROITE,18.69,1.42,53.92,25.97,11.33,20488.0,55.46,16.74,71.0,4469,4512,DROITE,0,LE PEN
59478,00478,Quaëdypre,2017,944,163,781,767,17.27,LE PEN,FILLON,MACRON,MÉLENCHON,DUPONT-AIGNAN,33.9,27.77,16.43,8.08,7.17,DROITE,DROITE,CENTRE,GAUCHE,DROITE,16.43,0.78,68.84,13.95,7.91,22526.0,51.73,10.2,11.0,1121,1147,DROITE,0,LE PEN
59479,00479,Quarouble,2017,2521,674,1847,1817,26.74,LE PEN,MÉLENCHON,MACRON,FILLON,DUPONT-AIGNAN,37.97,18.05,15.69,13.92,6.6,DROITE,GAUCHE,CENTRE,DROITE,DROITE,15.69,2.04,58.5,23.78,14.69,19762.0,49.49,21.23,64.0,3131,3159,DROITE,0,LE PEN
59480,00480,Quérénaing,2017,708,105,603,588,14.83,LE PEN,MACRON,FILLON,MÉLENCHON,DUPONT-AIGNAN,28.06,21.6,18.88,16.84,8.16,DROITE,CENTRE,DROITE,GAUCHE,DROITE,21.6,2.04,55.1,21.26,12.79,23759.0,56.33,0.0,0.0,861,871,DROITE,0,LE PEN
59481,00481,Le Quesnoy,2017,3580,911,2669,2595,25.45,LE PEN,MÉLENCHON,MACRON,FILLON,HAMON,31.95,18.5,17.23,15.07,7.78,DROITE,GAUCHE,CENTRE,DROITE,GAUCHE,17.23,1.5,53.1,28.17,19.42,17500.0,62.78,56.44,283.0,4852,4970,DROITE,0,LE PEN
59482,00482,Quesnoy-sur-Deûle,2017,5240,1072,4168,4078,20.46,FILLON,MACRON,LE PEN,MÉLENCHON,DUPONT-AIGNAN,24.57,23.69,22.66,15.84,5.57,DROITE,CENTRE,DROITE,GAUCHE,DROITE,23.69,1.54,52.8,21.97,9.12,23323.0,61.77,28.91,196.0,6920,6979,DROITE,0,FILLON
59483,00483,Quiévelon,2017,124,20,104,103,16.13,LE PEN,FILLON,MACRON,MÉLENCHON,POUTOU,33.01,29.13,13.59,9.71,7.77,DROITE,DROITE,CENTRE,GAUCHE,GAUCHE,13.59,2.91,63.11,20.39,47.37,21329.0,50.94,0.0,0.0,137,139,DROITE,0,LE PEN
59484,00484,Quiévrechain,2017,3845,1168,2677,2608,30.38,LE PEN,MÉLENCHON,MACRON,FILLON,HAMON,37.15,28.57,13.04,10.16,4.33,DROITE,GAUCHE,CENTRE,DROITE,GAUCHE,13.04,1.99,50.42,34.55,31.17,14945.0,52.36,56.62,360.0,6208,6251,DROITE,0,LE PEN
59485,00485,Quiévy,2017,1353,323,1030,990,23.87,LE PEN,MÉLENCHON,MACRON,FILLON,DUPONT-AIGNAN,43.54,16.36,15.56,10.81,6.77,DROITE,GAUCHE,CENTRE,DROITE,DROITE,15.56,1.31,61.11,22.02,22.88,18615.0,54.71,4.53,8.0,1801,1821,DROITE,0,LE PEN
59486,00486,Râches,2017,1958,347,1611,1582,17.72,LE PEN,MÉLENCHON,MACRON,FILLON,HAMON,35.21,19.85,17.32,14.73,5.06,DROITE,GAUCHE,CENTRE,DROITE,GAUCHE,17.32,1.14,54.68,26.86,13.86,19793.0,54.32,18.26,50.0,2660,2702,DROITE,0,LE PEN
59487,00487,Radinghem-en-Weppes,2017,1174,126,1048,1028,10.73,FILLON,MACRON,LE PEN,MÉLENCHON,DUPONT-AIGNAN,35.02,27.53,16.05,10.02,6.32,DROITE,CENTRE,DROITE,GAUCHE,DROITE,27.53,0.88,57.39,14.2,7.05,28835.0,64.15,10.99,15.0,1393,1413,DROITE,0,FILLON
59488,00488,Raillencourt-Sainte-Olle,2017,1741,274,1467,1435,15.74,LE PEN,MACRON,FILLON,MÉLENCHON,DUPONT-AIGNAN,32.75,20.91,17.56,14.84,7.46,DROITE,CENTRE,DROITE,GAUCHE,DROITE,20.91,1.05,57.77,20.28,20.82,20519.0,55.51,15.43,35.0,2128,2167,DROITE,0,LE PEN
59489,00489,Raimbeaucourt,2017,3140,565,2575,2519,17.99,LE PEN,MACRON,MÉLENCHON,FILLON,HAMON,33.27,18.58,18.06,15.84,5.6,DROITE,CENTRE,GAUCHE,DROITE,GAUCHE,18.58,1.51,54.59,25.33,12.34,21494.0,55.14,21.7,88.0,4015,4070,DROITE,0,LE PEN
59490,00490,Rainsars,2017,164,23,141,140,14.02,LE PEN,FILLON,MACRON,DUPONT-AIGNAN,MÉLENCHON,38.57,23.57,14.29,9.29,8.57,DROITE,DROITE,CENTRE,DROITE,GAUCHE,14.29,0.0,71.43,14.29,13.33,20875.0,44.76,0.0,0.0,188,189,DROITE,0,LE PEN
59491,00491,Raismes,2017,9627,2896,6731,6552,30.08,LE PEN,MÉLENCHON,MACRON,FILLON,DUPONT-AIGNAN,39.53,26.53,13.87,8.04,4.35,DROITE,GAUCHE,CENTRE,DROITE,DROITE,13.87,1.27,51.92,32.94,27.79,15916.0,54.16,54.9,694.0,12055,12108,DROITE,0,LE PEN
59492,00492,Ramillies,2017,445,58,387,379,13.03,LE PEN,MACRON,FILLON,MÉLENCHON,HAMON,38.79,17.94,15.57,15.3,5.01,DROITE,CENTRE,DROITE,GAUCHE,GAUCHE,17.94,1.32,58.05,22.69,19.64,19593.0,47.51,0.0,0.0,596,603,DROITE,0,LE PEN
59493,00493,Ramousies,2017,184,42,142,140,22.83,LE PEN,MACRON,FILLON,MÉLENCHON,DUPONT-AIGNAN,30.71,21.43,21.43,10.71,7.14,DROITE,CENTRE,DROITE,GAUCHE,DROITE,21.43,2.14,59.29,17.14,11.11,18066.0,43.93,0.0,0.0,227,228,DROITE,0,LE PEN
59494,00494,Raucourt-au-Bois,2017,121,29,92,91,23.97,LE PEN,MÉLENCHON,MACRON,FILLON,DUPONT-AIGNAN,40.66,19.78,13.19,9.89,8.79,DROITE,GAUCHE,CENTRE,DROITE,DROITE,13.19,1.1,59.34,26.37,17.65,20920.0,50.77,0.0,0.0,154,155,DROITE,0,LE PEN
59495,00495,Recquignies,2017,1710,554,1156,1135,32.4,LE PEN,MÉLENCHON,MACRON,FILLON,DUPONT-AIGNAN,43.96,22.29,13.3,8.72,4.49,DROITE,GAUCHE,CENTRE,DROITE,DROITE,13.3,1.94,57.18,27.58,29.25,16768.0,52.45,9.16,22.0,2420,2436,DROITE,0,LE PEN
59496,00496,Rejet-de-Beaulieu,2017,185,24,161,155,12.97,LE PEN,FILLON,MÉLENCHON,MACRON,HAMON,54.84,20.65,10.97,8.39,1.94,DROITE,DROITE,GAUCHE,CENTRE,GAUCHE,8.39,1.29,76.77,13.55,9.09,18068.0,57.15,0.0,0.0,232,234,DROITE,0,LE PEN
59497,00497,Renescure,2017,1745,356,1389,1362,20.4,LE PEN,MACRON,FILLON,MÉLENCHON,DUPONT-AIGNAN,30.54,21.15,18.5,15.2,5.95,DROITE,CENTRE,DROITE,GAUCHE,DROITE,21.15,1.76,54.99,22.1,7.79,20960.0,57.98,4.31,9.0,2128,2157,DROITE,0,LE PEN
59498,00498,Reumont,2017,251,40,211,207,15.94,LE PEN,FILLON,MACRON,MÉLENCHON,DUPONT-AIGNAN,33.82,21.74,19.32,13.53,4.83,DROITE,DROITE,CENTRE,GAUCHE,DROITE,19.32,0.97,60.39,19.32,21.29,18083.0,52.22,0.0,0.0,343,353,DROITE,0,LE PEN
59499,00499,Rexpoëde,2017,1459,254,1205,1176,17.41,LE PEN,FILLON,MACRON,MÉLENCHON,DUPONT-AIGNAN,33.08,19.22,16.92,16.58,5.78,DROITE,DROITE,CENTRE,GAUCHE,DROITE,16.92,1.87,58.08,23.13,8.52,20286.0,53.39,3.45,7.0,1992,2022,DROITE,0,LE PEN
59500,00500,Ribécourt-la-Tour,2017,312,45,267,261,14.42,LE PEN,FILLON,MÉLENCHON,MACRON,DUPONT-AIGNAN,41.76,21.46,13.03,12.26,6.13,DROITE,DROITE,GAUCHE,CENTRE,DROITE,12.26,1.15,69.35,17.24,17.14,19832.0,56.84,0.0,0.0,376,381,DROITE,0,LE PEN
59501,00501,Rieulay,2017,1070,219,851,831,20.47,LE PEN,MÉLENCHON,MACRON,FILLON,DUPONT-AIGNAN,32.37,23.1,19.98,13.24,4.09,DROITE,GAUCHE,CENTRE,DROITE,DROITE,19.98,1.56,49.7,28.76,10.79,20079.0,58.47,17.65,24.0,1243,1268,DROITE,0,LE PEN
59502,00502,Rieux-en-Cambrésis,2017,1035,170,865,837,16.43,LE PEN,MÉLENCHON,MACRON,FILLON,DUPONT-AIGNAN,35.48,23.54,15.05,13.02,5.97,DROITE,GAUCHE,CENTRE,DROITE,DROITE,15.05,1.91,54.48,28.55,19.49,18125.0,51.04,4.79,7.0,1438,1448,DROITE,0,LE PEN
59503,00503,Robersart,2017,136,10,126,123,7.35,LE PEN,MACRON,FILLON,MÉLENCHON,DUPONT-AIGNAN,37.4,18.7,14.63,13.82,12.2,DROITE,CENTRE,DROITE,GAUCHE,DROITE,18.7,0.0,64.23,17.07,12.73,21087.0,57.04,0.0,0.0,204,206,DROITE,0,LE PEN
59504,00504,Roeulx,2017,2592,497,2095,2047,19.17,LE PEN,MÉLENCHON,MACRON,FILLON,HAMON,43.14,27.36,11.82,8.16,4.1,DROITE,GAUCHE,CENTRE,DROITE,GAUCHE,11.82,0.98,54.42,32.78,21.24,17073.0,50.36,27.42,105.0,3779,3796,DROITE,0,LE PEN
59505,00505,Rombies-et-Marchipont,2017,569,79,490,471,13.88,LE PEN,FILLON,MACRON,MÉLENCHON,DUPONT-AIGNAN,31.63,19.96,19.75,13.8,7.64,DROITE,DROITE,CENTRE,GAUCHE,DROITE,19.75,1.91,59.24,19.11,9.46,24178.0,59.4,0.0,0.0,750,757,DROITE,0,LE PEN
59506,00506,Romeries,2017,339,48,291,284,14.16,LE PEN,FILLON,MACRON,MÉLENCHON,DUPONT-AIGNAN,27.46,25.7,22.18,15.49,4.23,DROITE,DROITE,CENTRE,GAUCHE,DROITE,22.18,0.7,57.39,19.72,13.12,21014.0,60.24,0.0,0.0,476,483,DROITE,0,LE PEN
59507,00507,Ronchin,2017,12536,2785,9751,9518,22.22,MÉLENCHON,MACRON,LE PEN,FILLON,HAMON,25.4,23.02,22.14,12.83,8.65,GAUCHE,CENTRE,DROITE,DROITE,GAUCHE,23.02,1.63,39.61,35.74,16.12,20178.0,63.72,51.85,989.0,19437,19573,GAUCHE,1,MÉLENCHON
59508,00508,Roncq,2017,10890,2381,8509,8320,21.86,FILLON,LE PEN,MACRON,MÉLENCHON,DUPONT-AIGNAN,27.22,23.35,21.94,14.59,5.65,DROITE,DROITE,CENTRE,GAUCHE,DROITE,21.94,1.66,56.23,20.18,11.03,22928.0,59.92,55.21,744.0,13784,13897,DROITE,0,FILLON
59509,00509,Roost-Warendin,2017,4676,1062,3614,3511,22.71,LE PEN,MÉLENCHON,MACRON,FILLON,DUPONT-AIGNAN,39.59,23.16,15.15,10.23,4.56,DROITE,GAUCHE,CENTRE,DROITE,DROITE,15.15,1.51,54.37,28.97,17.71,18962.0,53.66,23.58,146.0,5976,6027,DROITE,0,LE PEN
59511,00511,Rosult,2017,1489,201,1288,1262,13.5,LE PEN,MACRON,FILLON,MÉLENCHON,DUPONT-AIGNAN,25.59,23.53,19.89,18.15,6.18,DROITE,CENTRE,DROITE,GAUCHE,DROITE,23.53,1.11,51.66,23.69,5.21,24600.0,59.28,7.34,14.0,1973,2008,DROITE,0,LE PEN
59512,00512,Roubaix,2017,46335,17328,29007,28259,37.4,MÉLENCHON,MACRON,LE PEN,FILLON,HAMON,35.85,20.72,16.94,11.75,7.88,GAUCHE,CENTRE,DROITE,DROITE,GAUCHE,20.72,2.48,31.37,45.43,31.79,13298.0,64.97,83.4,8041.0,98892,99314,GAUCHE,1,MÉLENCHON
59513,00513,Roucourt,2017,345,45,300,295,13.04,LE PEN,FILLON,MÉLENCHON,MACRON,HAMON,30.51,20.68,19.32,18.31,5.42,DROITE,DROITE,GAUCHE,CENTRE,GAUCHE,18.31,1.69,53.9,26.1,8.7,23749.0,50.9,0.0,0.0,457,463,DROITE,0,LE PEN
59514,00514,Rousies,2017,2836,543,2293,2237,19.15,LE PEN,MÉLENCHON,FILLON,MACRON,HAMON,37.42,17.39,15.65,15.2,5.36,DROITE,GAUCHE,DROITE,CENTRE,GAUCHE,15.2,1.92,58.29,24.59,19.56,19213.0,53.31,27.4,110.0,4043,4095,DROITE,0,LE PEN
59515,00515,Rouvignies,2017,491,93,398,392,18.94,LE PEN,MÉLENCHON,MACRON,FILLON,DUPONT-AIGNAN,41.58,20.92,17.35,7.4,6.12,DROITE,GAUCHE,CENTRE,DROITE,DROITE,17.35,1.02,55.1,26.53,19.68,19280.0,48.15,27.27,18.0,657,663,DROITE,0,LE PEN
59516,00516,Rubrouck,2017,683,82,601,584,12.01,FILLON,LE PEN,MÉLENCHON,MACRON,DUPONT-AIGNAN,28.08,25.51,14.73,14.21,7.36,DROITE,DROITE,GAUCHE,CENTRE,DROITE,14.21,2.57,60.96,22.26,9.18,20951.0,52.11,0.0,0.0,919,941,DROITE,0,FILLON
59517,00517,Les Rues-des-Vignes,2017,640,124,516,504,19.38,LE PEN,FILLON,MACRON,MÉLENCHON,DUPONT-AIGNAN,34.13,18.45,15.48,14.09,10.32,DROITE,DROITE,CENTRE,GAUCHE,DROITE,15.48,1.19,62.9,20.44,8.94,21333.0,51.65,0.0,0.0,748,762,DROITE,0,LE PEN
59518,00518,Ruesnes,2017,350,59,291,288,16.86,LE PEN,FILLON,MACRON,MÉLENCHON,DUPONT-AIGNAN,30.56,20.83,19.44,14.58,6.25,DROITE,DROITE,CENTRE,GAUCHE,DROITE,19.44,2.08,57.64,20.83,6.52,22156.0,53.89,0.0,0.0,455,461,DROITE,0,LE PEN
59519,00519,Rumegies,2017,1315,259,1056,1023,19.7,LE PEN,FILLON,MACRON,MÉLENCHON,DUPONT-AIGNAN,29.42,21.51,18.77,16.81,7.53,DROITE,DROITE,CENTRE,GAUCHE,DROITE,18.77,1.27,58.46,21.51,10.81,22786.0,54.54,6.81,12.0,1740,1773,DROITE,0,LE PEN
59520,00520,Rumilly-en-Cambrésis,2017,1144,220,924,895,19.23,LE PEN,MACRON,MÉLENCHON,FILLON,DUPONT-AIGNAN,27.93,20.34,18.99,13.97,8.72,DROITE,CENTRE,GAUCHE,DROITE,DROITE,20.34,1.45,50.61,27.6,15.77,19991.0,50.15,4.1,6.0,1429,1455,DROITE,0,LE PEN
59521,00521,Sailly-lez-Cambrai,2017,325,59,266,260,18.15,LE PEN,FILLON,MÉLENCHON,MACRON,DUPONT-AIGNAN,32.69,20.38,17.31,16.15,8.85,DROITE,DROITE,GAUCHE,CENTRE,DROITE,16.15,0.38,61.92,21.54,13.96,20542.0,57.03,0.0,0.0,422,430,DROITE,0,LE PEN
59522,00522,Sailly-lez-Lannoy,2017,1488,234,1254,1235,15.73,FILLON,MACRON,LE PEN,MÉLENCHON,DUPONT-AIGNAN,38.46,27.04,13.12,11.01,4.13,DROITE,CENTRE,DROITE,GAUCHE,DROITE,27.04,1.38,55.71,15.87,5.38,27867.0,67.42,19.74,35.0,1949,1988,DROITE,0,FILLON
59523,00523,Sainghin-en-Mélantois,2017,2187,262,1925,1889,11.98,FILLON,MACRON,LE PEN,MÉLENCHON,DUPONT-AIGNAN,32.5,26.84,15.3,14.08,4.66,DROITE,CENTRE,DROITE,GAUCHE,DROITE,26.84,1.22,52.46,19.48,8.79,28058.0,71.0,39.82,107.0,2848,2886,DROITE,0,FILLON
59524,00524,Sainghin-en-Weppes,2017,4343,749,3594,3503,17.25,LE PEN,MACRON,MÉLENCHON,FILLON,DUPONT-AIGNAN,26.52,22.5,20.15,16.19,6.25,DROITE,CENTRE,GAUCHE,DROITE,DROITE,22.5,1.14,48.96,27.41,9.5,22481.0,59.29,26.06,147.0,5641,5693,DROITE,0,LE PEN
59525,00525,Sains-du-Nord,2017,1952,416,1536,1489,21.31,LE PEN,MÉLENCHON,MACRON,FILLON,HAMON,41.57,16.86,14.37,12.56,4.9,DROITE,GAUCHE,CENTRE,DROITE,GAUCHE,14.37,1.95,58.9,24.78,21.56,17258.0,56.12,20.42,60.0,2779,2805,DROITE,0,LE PEN
59526,00526,Saint-Amand-les-Eaux,2017,12724,3456,9268,9027,27.16,LE PEN,MÉLENCHON,MACRON,FILLON,DUPONT-AIGNAN,31.2,23.3,17.91,13.64,5.27,DROITE,GAUCHE,CENTRE,DROITE,DROITE,17.91,1.65,50.11,30.33,17.54,18617.0,58.0,55.06,889.0,15980,16160,DROITE,0,LE PEN
59527,00527,Saint-André-lez-Lille,2017,8194,1684,6510,6375,20.55,MACRON,MÉLENCHON,LE PEN,FILLON,HAMON,27.95,19.4,18.79,18.31,7.73,CENTRE,GAUCHE,DROITE,DROITE,GAUCHE,27.95,1.84,41.69,28.52,11.22,21954.0,65.17,38.64,475.0,12942,13053,CENTRE,1,MACRON
59528,00528,Saint-Aubert,2017,1164,238,926,910,20.45,LE PEN,MÉLENCHON,FILLON,MACRON,DUPONT-AIGNAN,40.88,19.45,13.52,13.19,5.49,DROITE,GAUCHE,DROITE,CENTRE,DROITE,13.19,1.21,59.89,25.71,9.93,18971.0,51.6,8.29,13.0,1561,1578,DROITE,0,LE PEN
59529,00529,Saint-Aubin,2017,289,36,253,248,12.46,LE PEN,FILLON,MÉLENCHON,MACRON,DUPONT-AIGNAN,32.66,25.4,16.94,14.11,4.84,DROITE,DROITE,GAUCHE,CENTRE,DROITE,14.11,2.82,62.9,20.16,5.88,22054.0,53.31,0.0,0.0,347,355,DROITE,0,LE PEN
59530,00530,Saint-Aybert,2017,287,53,234,230,18.47,LE PEN,FILLON,MÉLENCHON,MACRON,DUPONT-AIGNAN,34.78,19.13,16.09,14.78,5.65,DROITE,DROITE,GAUCHE,CENTRE,DROITE,14.78,3.04,59.57,22.61,18.94,20884.0,49.02,18.77,7.0,332,333,DROITE,0,LE PEN
59531,00531,Saint-Benin,2017,262,38,224,220,14.5,LE PEN,MÉLENCHON,MACRON,FILLON,LASSALLE,49.09,19.09,11.36,9.55,3.64,DROITE,GAUCHE,CENTRE,DROITE,DIVERS,11.36,4.55,60.91,23.18,13.79,18102.0,47.15,0.0,0.0,339,344,DROITE,0,LE PEN
59532,00532,Saint-Georges-sur-l'Aa,2017,226,36,190,183,15.93,LE PEN,FILLON,MACRON,MÉLENCHON,DUPONT-AIGNAN,37.16,17.49,13.66,13.66,9.84,DROITE,DROITE,CENTRE,GAUCHE,DROITE,13.66,4.37,64.48,17.49,11.11,20825.0,51.47,0.0,0.0,296,299,DROITE,0,LE PEN
59533,00533,Saint-Hilaire-lez-Cambrai,2017,1167,196,971,955,16.8,LE PEN,MÉLENCHON,MACRON,FILLON,DUPONT-AIGNAN,36.86,21.88,15.08,14.14,5.86,DROITE,GAUCHE,CENTRE,DROITE,DROITE,15.08,1.47,56.86,26.6,15.83,19010.0,54.84,12.27,20.0,1555,1572,DROITE,0,LE PEN
59534,00534,Saint-Hilaire-sur-Helpe,2017,629,103,526,516,16.38,LE PEN,MÉLENCHON,MACRON,FILLON,DUPONT-AIGNAN,34.11,18.41,16.86,15.5,6.01,DROITE,GAUCHE,CENTRE,DROITE,DROITE,16.86,1.94,55.62,25.58,13.33,19674.0,51.61,0.0,0.0,800,823,DROITE,0,LE PEN
59535,00535,Saint-Jans-Cappel,2017,1394,172,1222,1180,12.34,LE PEN,MACRON,FILLON,MÉLENCHON,DUPONT-AIGNAN,24.41,24.41,23.64,14.66,4.66,DROITE,CENTRE,DROITE,GAUCHE,DROITE,24.41,2.12,52.71,20.76,13.64,23661.0,59.34,5.78,10.0,1642,1689,DROITE,0,LE PEN
59536,00536,Sainte-Marie-Cappel,2017,689,65,624,612,9.43,MACRON,LE PEN,FILLON,MÉLENCHON,DUPONT-AIGNAN,25.98,24.02,22.71,14.05,5.07,CENTRE,DROITE,DROITE,GAUCHE,DROITE,25.98,1.8,51.8,20.42,10.34,23226.0,57.17,0.0,0.0,857,882,CENTRE,1,MACRON
59537,00537,Saint-Martin-sur-Ecaillon,2017,411,70,341,335,17.03,LE PEN,MÉLENCHON,MACRON,FILLON,DUPONT-AIGNAN,28.36,21.49,19.4,17.01,6.87,DROITE,GAUCHE,CENTRE,DROITE,DROITE,19.4,1.19,52.24,27.16,10.87,21849.0,55.56,0.0,0.0,500,509,DROITE,0,LE PEN
59538,00538,Saint-Momelin,2017,312,60,252,243,19.23,LE PEN,MÉLENCHON,FILLON,MACRON,DUPONT-AIGNAN,32.92,20.16,15.64,13.58,8.64,DROITE,GAUCHE,DROITE,CENTRE,DROITE,13.58,3.7,57.2,25.51,19.05,17249.0,54.37,0.0,0.0,418,429,DROITE,0,LE PEN
59539,00539,Saint-Pierre-Brouck,2017,750,123,627,615,16.4,LE PEN,MÉLENCHON,MACRON,FILLON,DUPONT-AIGNAN,27.48,19.19,17.07,17.07,10.57,DROITE,GAUCHE,CENTRE,DROITE,DROITE,17.07,2.44,55.12,25.37,14.89,20756.0,46.68,0.0,0.0,984,1000,DROITE,0,LE PEN
59541,00541,Saint-Python,2017,777,160,617,598,20.59,LE PEN,MÉLENCHON,MACRON,FILLON,HAMON,38.63,23.41,13.88,12.71,4.68,DROITE,GAUCHE,CENTRE,DROITE,GAUCHE,13.88,1.51,54.68,29.93,18.39,18251.0,50.13,10.87,11.0,999,1007,DROITE,0,LE PEN
59542,00542,Saint-Remy-Chaussée,2017,385,91,294,286,23.64,LE PEN,MACRON,MÉLENCHON,FILLON,DUPONT-AIGNAN,41.61,17.83,14.69,13.99,4.9,DROITE,CENTRE,GAUCHE,DROITE,DROITE,17.83,2.8,60.49,18.88,13.33,20578.0,46.48,0.0,0.0,486,494,DROITE,0,LE PEN
59543,00543,Saint-Remy-du-Nord,2017,900,197,703,682,21.89,LE PEN,FILLON,MACRON,MÉLENCHON,DUPONT-AIGNAN,38.27,18.77,17.89,12.02,5.57,DROITE,DROITE,CENTRE,GAUCHE,DROITE,17.89,1.47,62.61,18.04,11.11,19234.0,42.91,8.03,9.0,1070,1081,DROITE,0,LE PEN
59544,00544,Saint-Saulve,2017,8232,1689,6543,6372,20.52,LE PEN,FILLON,MACRON,MÉLENCHON,DUPONT-AIGNAN,27.84,20.97,20.12,17.86,5.54,DROITE,DROITE,CENTRE,GAUCHE,DROITE,20.12,1.51,54.35,24.03,15.89,20258.0,56.86,42.38,473.0,11117,11268,DROITE,0,LE PEN
59545,00545,Saint-Souplet,2017,944,193,751,736,20.44,LE PEN,MÉLENCHON,FILLON,MACRON,DUPONT-AIGNAN,43.75,15.49,15.35,13.18,5.98,DROITE,GAUCHE,DROITE,CENTRE,DROITE,13.18,1.36,65.08,20.38,23.15,17142.0,51.36,9.73,12.0,1203,1228,DROITE,0,LE PEN
59546,00546,Saint-Sylvestre-Cappel,2017,934,118,816,791,12.63,LE PEN,FILLON,MACRON,MÉLENCHON,HAMON,31.61,22.25,17.57,13.4,5.69,DROITE,DROITE,CENTRE,GAUCHE,GAUCHE,17.57,1.77,59.17,21.49,10.18,21373.0,53.35,0.0,0.0,1154,1184,DROITE,0,LE PEN
59547,00547,Saint-Vaast-en-Cambrésis,2017,640,120,520,503,18.75,LE PEN,MÉLENCHON,MACRON,FILLON,DUPONT-AIGNAN,36.98,24.65,15.71,11.73,3.58,DROITE,GAUCHE,CENTRE,DROITE,DROITE,15.71,1.79,52.29,30.22,15.51,18743.0,58.23,0.0,0.0,860,868,DROITE,0,LE PEN
59548,00548,Saint-Waast,2017,481,74,407,397,15.38,LE PEN,MÉLENCHON,MACRON,FILLON,DUPONT-AIGNAN,34.76,19.14,16.37,16.12,7.56,DROITE,GAUCHE,CENTRE,DROITE,DROITE,16.37,2.02,58.44,23.17,3.33,21404.0,54.13,0.0,0.0,658,668,DROITE,0,LE PEN
59549,00549,Salesches,2017,260,49,211,209,18.85,LE PEN,FILLON,MÉLENCHON,MACRON,HAMON,27.27,23.44,20.57,14.35,7.18,DROITE,DROITE,GAUCHE,CENTRE,GAUCHE,14.35,2.87,52.63,30.14,15.63,19656.0,52.56,0.0,0.0,329,332,DROITE,0,LE PEN
59550,00550,Salomé,2017,2251,462,1789,1743,20.52,LE PEN,MÉLENCHON,MACRON,FILLON,DUPONT-AIGNAN,34.48,21.17,19.28,10.21,6.43,DROITE,GAUCHE,CENTRE,DROITE,DROITE,19.28,1.61,51.12,28.0,12.29,20222.0,53.01,14.15,42.0,3051,3083,DROITE,0,LE PEN
59551,00551,Saméon,2017,1250,172,1078,1047,13.76,LE PEN,FILLON,MACRON,MÉLENCHON,HAMON,24.55,23.88,23.59,14.8,6.11,DROITE,DROITE,CENTRE,GAUCHE,GAUCHE,23.59,1.24,52.91,22.25,6.04,26149.0,66.47,13.41,22.0,1738,1762,DROITE,0,LE PEN
59552,00552,Sancourt,2017,153,21,132,129,13.73,LE PEN,FILLON,MACRON,MÉLENCHON,DUPONT-AIGNAN,48.84,15.5,10.85,10.08,6.2,DROITE,DROITE,CENTRE,GAUCHE,DROITE,10.85,1.55,70.54,17.05,4.55,21087.0,57.52,0.0,0.0,194,200,DROITE,0,LE PEN
59553,00553,Santes,2017,4697,797,3900,3818,16.97,MACRON,LE PEN,FILLON,MÉLENCHON,DUPONT-AIGNAN,24.07,23.94,21.45,15.87,6.34,CENTRE,DROITE,DROITE,GAUCHE,DROITE,24.07,1.34,51.73,22.87,7.34,24230.0,61.11,17.68,102.0,5660,5720,CENTRE,1,MACRON
59554,00554,Sars-et-Rosières,2017,441,56,385,373,12.7,LE PEN,MACRON,FILLON,MÉLENCHON,DUPONT-AIGNAN,26.01,22.52,21.18,17.69,4.83,DROITE,CENTRE,DROITE,GAUCHE,DROITE,22.52,1.61,52.01,23.86,1.82,25852.0,65.43,0.0,0.0,617,632,DROITE,0,LE PEN
59555,00555,Sars-Poteries,2017,983,230,753,729,23.4,LE PEN,MÉLENCHON,MACRON,FILLON,DUPONT-AIGNAN,41.15,18.11,16.05,12.35,4.25,DROITE,GAUCHE,CENTRE,DROITE,DROITE,16.05,1.37,57.75,24.83,20.95,16385.0,50.05,12.99,19.0,1420,1434,DROITE,0,LE PEN
59556,00556,Sassegnies,2017,224,43,181,173,19.2,LE PEN,MÉLENCHON,FILLON,MACRON,DUPONT-AIGNAN,42.2,16.18,15.61,10.98,5.78,DROITE,GAUCHE,DROITE,CENTRE,DROITE,10.98,1.16,63.58,24.28,17.77,20683.0,53.54,0.0,0.0,260,263,DROITE,0,LE PEN
59557,00557,Saultain,2017,1752,333,1419,1376,19.01,LE PEN,MÉLENCHON,MACRON,FILLON,DUPONT-AIGNAN,29.51,21.88,21.22,12.5,6.76,DROITE,GAUCHE,CENTRE,DROITE,DROITE,21.22,2.47,48.76,27.54,10.43,21941.0,55.74,23.09,54.0,2553,2584,DROITE,0,LE PEN
59558,00558,Saulzoir,2017,1379,243,1136,1106,17.62,LE PEN,MÉLENCHON,FILLON,MACRON,DUPONT-AIGNAN,32.73,20.89,16.0,15.28,6.96,DROITE,GAUCHE,DROITE,CENTRE,DROITE,15.28,1.63,55.7,27.4,9.3,19672.0,54.22,5.6,10.0,1679,1697,DROITE,0,LE PEN
59559,00559,Sebourg,2017,1547,262,1285,1264,16.94,FILLON,MACRON,LE PEN,MÉLENCHON,DUPONT-AIGNAN,27.77,22.94,22.71,13.21,7.44,DROITE,CENTRE,DROITE,GAUCHE,DROITE,22.94,2.14,57.91,17.01,4.74,27921.0,66.73,3.05,6.0,1977,2019,DROITE,0,FILLON
59560,00560,Seclin,2017,8871,1834,7037,6868,20.67,LE PEN,MÉLENCHON,MACRON,FILLON,HAMON,27.36,24.34,19.47,14.68,6.44,DROITE,GAUCHE,CENTRE,DROITE,GAUCHE,19.47,1.5,46.56,32.47,14.65,20479.0,61.94,86.42,1077.0,12834,12928,DROITE,0,LE PEN
59562,00562,Sémeries,2017,418,86,332,325,20.57,LE PEN,MÉLENCHON,MACRON,FILLON,DUPONT-AIGNAN,31.69,20.31,18.77,17.85,4.0,DROITE,GAUCHE,CENTRE,DROITE,DROITE,18.77,2.77,53.54,24.92,5.66,20013.0,46.91,0.0,0.0,533,540,DROITE,0,LE PEN
59563,00563,Semousies,2017,197,39,158,156,19.8,LE PEN,FILLON,MÉLENCHON,MACRON,DUPONT-AIGNAN,35.26,28.21,16.03,13.46,3.85,DROITE,DROITE,GAUCHE,CENTRE,DROITE,13.46,0.64,67.31,18.59,4.35,22551.0,50.56,0.0,0.0,232,238,DROITE,0,LE PEN
59564,00564,La Sentinelle,2017,2097,512,1585,1547,24.42,LE PEN,MÉLENCHON,MACRON,FILLON,DUPONT-AIGNAN,39.63,24.69,14.35,8.21,4.85,DROITE,GAUCHE,CENTRE,DROITE,DROITE,14.35,1.29,52.68,31.67,21.62,16963.0,56.6,56.54,178.0,3143,3159,DROITE,0,LE PEN
59565,00565,Sepmeries,2017,501,69,432,418,13.77,LE PEN,MACRON,FILLON,MÉLENCHON,DUPONT-AIGNAN,30.14,23.44,18.42,14.11,5.5,DROITE,CENTRE,DROITE,GAUCHE,DROITE,23.44,4.07,54.07,18.42,16.13,22651.0,57.14,0.0,0.0,649,660,DROITE,0,LE PEN
59566,00566,Sequedin,2017,3164,577,2587,2542,18.24,LE PEN,MACRON,FILLON,MÉLENCHON,DUPONT-AIGNAN,27.18,24.47,18.88,15.26,6.41,DROITE,CENTRE,DROITE,GAUCHE,DROITE,24.47,0.94,52.48,22.11,6.69,23206.0,56.94,43.19,203.0,4762,4800,DROITE,0,LE PEN
59567,00567,Séranvillers-Forenville,2017,295,46,249,247,15.59,LE PEN,FILLON,MACRON,MÉLENCHON,DUPONT-AIGNAN,33.2,20.65,14.98,13.77,11.34,DROITE,DROITE,CENTRE,GAUCHE,DROITE,14.98,1.62,65.18,18.22,14.24,21865.0,58.24,0.0,0.0,415,421,DROITE,0,LE PEN
59568,00568,Sercus,2017,325,43,282,275,13.23,FILLON,LE PEN,MACRON,MÉLENCHON,DUPONT-AIGNAN,26.55,25.09,17.45,15.27,8.36,DROITE,DROITE,CENTRE,GAUCHE,DROITE,17.45,1.45,60.0,21.09,2.22,21369.0,56.99,0.0,0.0,484,492,DROITE,0,FILLON
59569,00569,Sin-le-Noble,2017,10741,2879,7862,7617,26.8,LE PEN,MÉLENCHON,MACRON,FILLON,HAMON,35.8,26.77,14.85,9.9,4.88,DROITE,GAUCHE,CENTRE,DROITE,GAUCHE,14.85,1.56,49.51,34.08,22.91,16698.0,54.25,60.02,927.0,15603,15705,DROITE,0,LE PEN
59570,00570,Socx,2017,801,110,691,678,13.73,FILLON,MACRON,LE PEN,MÉLENCHON,DUPONT-AIGNAN,38.35,18.88,17.7,11.65,7.67,DROITE,CENTRE,DROITE,GAUCHE,DROITE,18.88,0.88,63.72,16.52,8.05,26423.0,57.2,0.0,0.0,890,908,DROITE,0,FILLON
59571,00571,Solesmes,2017,3353,798,2555,2494,23.8,LE PEN,MÉLENCHON,FILLON,MACRON,DUPONT-AIGNAN,41.94,18.44,15.08,13.35,5.09,DROITE,GAUCHE,DROITE,CENTRE,DROITE,13.35,0.96,62.11,23.58,27.43,17066.0,51.12,36.24,159.0,4249,4351,DROITE,0,LE PEN
59572,00572,Solre-le-Château,2017,1368,318,1050,1024,23.25,LE PEN,MACRON,FILLON,MÉLENCHON,DUPONT-AIGNAN,30.76,19.34,17.97,17.58,5.96,DROITE,CENTRE,DROITE,GAUCHE,DROITE,19.34,1.37,54.69,24.61,18.91,18719.0,57.08,24.02,44.0,1776,1796,DROITE,0,LE PEN
59573,00573,Solrinnes,2017,97,18,79,75,18.56,LE PEN,FILLON,MACRON,MÉLENCHON,HAMON,42.67,25.33,10.67,10.67,4.0,DROITE,DROITE,CENTRE,GAUCHE,GAUCHE,10.67,4.0,70.67,14.67,30.77,20161.0,46.53,0.0,0.0,143,146,DROITE,0,LE PEN
59574,00574,Somain,2017,8777,2251,6526,6357,25.65,LE PEN,MÉLENCHON,MACRON,FILLON,HAMON,38.29,28.57,12.74,7.98,4.69,DROITE,GAUCHE,CENTRE,DROITE,GAUCHE,12.74,1.48,50.39,35.39,22.74,17000.0,52.38,51.89,648.0,11790,11881,DROITE,0,LE PEN
59575,00575,Sommaing,2017,327,39,288,282,11.93,LE PEN,MACRON,FILLON,MÉLENCHON,DUPONT-AIGNAN,30.14,25.53,17.38,13.48,6.74,DROITE,CENTRE,DROITE,GAUCHE,DROITE,25.53,2.48,54.26,17.73,6.98,23706.0,60.81,0.0,0.0,398,402,DROITE,0,LE PEN
59576,00576,Spycker,2017,1387,182,1205,1162,13.12,LE PEN,MÉLENCHON,MACRON,FILLON,DUPONT-AIGNAN,38.12,19.79,16.87,11.88,6.54,DROITE,GAUCHE,CENTRE,DROITE,DROITE,16.87,0.95,56.54,25.65,7.14,22558.0,52.14,0.0,0.0,1752,1788,DROITE,0,LE PEN
59577,00577,Staple,2017,503,72,431,421,14.31,LE PEN,FILLON,MACRON,MÉLENCHON,DUPONT-AIGNAN,29.93,24.7,20.19,12.83,6.18,DROITE,DROITE,CENTRE,GAUCHE,DROITE,20.19,2.14,60.81,16.86,6.85,19853.0,55.0,0.0,0.0,693,697,DROITE,0,LE PEN
59578,00578,Steenbecque,2017,1303,186,1117,1089,14.27,LE PEN,MACRON,FILLON,MÉLENCHON,DUPONT-AIGNAN,26.63,22.31,20.2,17.81,5.88,DROITE,CENTRE,DROITE,GAUCHE,DROITE,22.31,1.1,52.71,23.88,9.09,20635.0,55.39,0.0,0.0,1650,1679,DROITE,0,LE PEN
59579,00579,Steene,2017,1054,151,903,872,14.33,LE PEN,MACRON,FILLON,MÉLENCHON,DUPONT-AIGNAN,34.75,18.35,16.51,15.48,7.11,DROITE,CENTRE,DROITE,GAUCHE,DROITE,18.35,2.52,58.37,20.76,7.52,21812.0,51.5,0.0,0.0,1365,1390,DROITE,0,LE PEN
59580,00580,Steenvoorde,2017,3236,481,2755,2679,14.86,LE PEN,FILLON,MACRON,MÉLENCHON,DUPONT-AIGNAN,29.12,24.0,19.15,14.71,5.75,DROITE,DROITE,CENTRE,GAUCHE,DROITE,19.15,1.64,58.87,20.34,9.93,20916.0,59.19,16.34,71.0,4324,4394,DROITE,0,LE PEN
59581,00581,Steenwerck,2017,2739,452,2287,2219,16.5,LE PEN,FILLON,MACRON,MÉLENCHON,DUPONT-AIGNAN,28.71,20.46,19.11,15.28,6.85,DROITE,DROITE,CENTRE,GAUCHE,DROITE,19.11,2.03,56.02,22.85,10.42,21998.0,55.68,18.21,66.0,3540,3596,DROITE,0,LE PEN
59582,00582,Strazeele,2017,655,109,546,532,16.64,LE PEN,MACRON,MÉLENCHON,FILLON,DUPONT-AIGNAN,30.83,20.11,18.23,17.11,7.52,DROITE,CENTRE,GAUCHE,DROITE,DROITE,20.11,1.13,55.45,23.31,8.6,22437.0,53.88,8.41,8.0,946,968,DROITE,0,LE PEN
59583,00583,Taisnières-en-Thiérache,2017,405,92,313,306,22.72,LE PEN,MACRON,MÉLENCHON,FILLON,DUPONT-AIGNAN,42.16,16.01,13.73,11.76,8.5,DROITE,CENTRE,GAUCHE,DROITE,DROITE,16.01,2.94,62.42,18.63,12.9,19683.0,52.46,0.0,0.0,476,480,DROITE,0,LE PEN
59584,00584,Taisnières-sur-Hon,2017,588,126,462,455,21.43,LE PEN,FILLON,MACRON,MÉLENCHON,DUPONT-AIGNAN,37.58,31.21,10.99,10.99,3.3,DROITE,DROITE,CENTRE,GAUCHE,DROITE,10.99,1.98,72.09,14.95,2.19,23728.0,56.22,6.13,6.0,962,974,DROITE,0,LE PEN
59585,00585,Templemars,2017,2677,506,2171,2118,18.9,MACRON,LE PEN,FILLON,MÉLENCHON,HAMON,26.63,24.5,17.28,16.81,7.41,CENTRE,DROITE,DROITE,GAUCHE,GAUCHE,26.63,1.84,46.03,25.5,8.16,24681.0,63.08,47.08,158.0,3635,3671,CENTRE,1,MACRON
59586,00586,Templeuve-en-Pévèle,2017,4977,856,4121,4014,17.2,MACRON,LE PEN,FILLON,MÉLENCHON,DUPONT-AIGNAN,25.19,22.52,21.38,16.82,6.2,CENTRE,DROITE,DROITE,GAUCHE,DROITE,25.19,1.22,50.1,23.49,8.53,24117.0,61.38,28.84,171.0,6705,6803,CENTRE,1,MACRON
59587,00587,Terdeghem,2017,463,70,393,384,15.12,FILLON,LE PEN,MACRON,MÉLENCHON,DUPONT-AIGNAN,26.82,25.52,20.83,10.42,6.25,DROITE,DROITE,CENTRE,GAUCHE,DROITE,20.83,2.6,58.59,17.97,14.58,22303.0,59.28,0.0,0.0,518,530,DROITE,0,FILLON
59588,00588,Téteghem-Coudekerque-Village,2017,6830,1180,5650,5529,17.28,LE PEN,FILLON,MACRON,MÉLENCHON,DUPONT-AIGNAN,24.54,24.15,22.81,14.87,6.26,DROITE,DROITE,CENTRE,GAUCHE,DROITE,22.81,1.57,54.95,20.67,13.66,24112.0,56.91,22.93,186.0,8384,8608,DROITE,0,LE PEN
59589,00589,Thiant,2017,2017,415,1602,1562,20.58,LE PEN,MÉLENCHON,MACRON,FILLON,DUPONT-AIGNAN,40.91,20.49,16.52,9.41,5.44,DROITE,GAUCHE,CENTRE,DROITE,DROITE,16.52,1.79,55.76,25.93,17.12,19279.0,49.68,13.04,37.0,3011,3036,DROITE,0,LE PEN
59590,00590,Thiennes,2017,668,84,584,574,12.57,LE PEN,MÉLENCHON,FILLON,MACRON,DUPONT-AIGNAN,34.32,17.94,14.98,12.89,8.36,DROITE,GAUCHE,DROITE,CENTRE,DROITE,12.89,3.66,57.67,25.78,14.29,18925.0,48.75,0.0,0.0,916,931,DROITE,0,LE PEN
59591,00591,Thivencelle,2017,620,144,476,461,23.23,LE PEN,MÉLENCHON,MACRON,FILLON,DUPONT-AIGNAN,48.81,13.45,13.23,10.63,5.64,DROITE,GAUCHE,CENTRE,DROITE,DROITE,13.23,1.95,65.08,19.74,33.75,16662.0,46.42,29.34,25.0,824,830,DROITE,0,LE PEN
59592,00592,Thumeries,2017,3055,566,2489,2424,18.53,LE PEN,MACRON,FILLON,MÉLENCHON,HAMON,34.28,21.86,16.09,14.77,5.12,DROITE,CENTRE,DROITE,GAUCHE,GAUCHE,21.86,1.61,55.4,21.12,7.75,22508.0,59.57,21.71,85.0,4029,4078,DROITE,0,LE PEN
59593,00593,Thun-l'Evêque,2017,553,93,460,450,16.82,LE PEN,MACRON,FILLON,MÉLENCHON,DUPONT-AIGNAN,38.44,16.67,16.22,14.89,7.78,DROITE,CENTRE,DROITE,GAUCHE,DROITE,16.67,1.33,62.44,19.56,7.04,21784.0,51.11,0.0,0.0,767,777,DROITE,0,LE PEN
59594,00594,Thun-Saint-Amand,2017,798,149,649,630,18.67,LE PEN,MÉLENCHON,FILLON,MACRON,DUPONT-AIGNAN,31.75,21.43,16.03,15.56,7.14,DROITE,GAUCHE,DROITE,CENTRE,DROITE,15.56,1.11,54.92,28.41,19.19,20145.0,56.33,11.49,13.0,1110,1123,DROITE,0,LE PEN
59595,00595,Thun-Saint-Martin,2017,381,46,335,326,12.07,LE PEN,MACRON,FILLON,MÉLENCHON,DUPONT-AIGNAN,31.6,20.55,19.94,14.72,7.36,DROITE,CENTRE,DROITE,GAUCHE,DROITE,20.55,1.84,58.9,18.71,11.36,22806.0,58.53,0.0,0.0,541,554,DROITE,0,LE PEN
59596,00596,Tilloy-lez-Marchiennes,2017,434,62,372,361,14.29,MACRON,LE PEN,FILLON,MÉLENCHON,DUPONT-AIGNAN,25.21,23.27,22.99,13.57,7.76,CENTRE,DROITE,DROITE,GAUCHE,DROITE,25.21,1.66,54.02,19.11,10.17,26000.0,62.99,0.0,0.0,528,549,CENTRE,1,MACRON
59597,00597,Tilloy-lez-Cambrai,2017,479,49,430,415,10.23,LE PEN,FILLON,MACRON,MÉLENCHON,DUPONT-AIGNAN,25.54,24.34,22.41,14.22,7.47,DROITE,DROITE,CENTRE,GAUCHE,DROITE,22.41,0.72,57.35,19.52,11.86,24400.0,58.01,0.0,0.0,696,719,DROITE,0,LE PEN
59598,00598,Toufflers,2017,3343,606,2737,2676,18.13,LE PEN,MACRON,FILLON,MÉLENCHON,DUPONT-AIGNAN,28.77,22.5,19.17,16.41,5.94,DROITE,CENTRE,DROITE,GAUCHE,DROITE,22.5,1.57,53.89,22.05,11.99,22918.0,57.39,45.88,180.0,3910,3945,DROITE,0,LE PEN
59599,00599,Tourcoing,2017,63076,21372,41704,40676,33.88,MÉLENCHON,LE PEN,MACRON,FILLON,HAMON,27.95,25.08,19.4,13.06,6.68,GAUCHE,DROITE,CENTRE,DROITE,GAUCHE,19.4,2.15,41.88,36.56,23.84,16548.0,58.46,58.14,5667.0,99011,99679,GAUCHE,1,MÉLENCHON
59600,00600,Tourmignies,2017,630,42,588,577,6.67,MACRON,FILLON,LE PEN,MÉLENCHON,HAMON,28.77,28.77,18.54,11.27,5.72,CENTRE,DROITE,DROITE,GAUCHE,GAUCHE,28.77,1.56,52.17,17.5,5.44,27263.0,62.07,0.0,0.0,947,963,CENTRE,1,MACRON
59601,00601,Trélon,2017,1909,533,1376,1334,27.92,LE PEN,MÉLENCHON,MACRON,FILLON,DUPONT-AIGNAN,43.55,17.99,15.14,12.07,3.9,DROITE,GAUCHE,CENTRE,DROITE,DROITE,15.14,2.32,59.52,23.01,16.89,16825.0,56.62,13.72,40.0,2679,2746,DROITE,0,LE PEN
59602,00602,Tressin,2017,1117,174,943,922,15.58,FILLON,MACRON,MÉLENCHON,LE PEN,HAMON,29.72,28.42,15.18,13.67,5.31,DROITE,CENTRE,GAUCHE,DROITE,GAUCHE,28.42,1.74,48.16,21.69,6.77,26512.0,62.26,20.61,29.0,1395,1434,DROITE,0,FILLON
59603,00603,Trith-Saint-Léger,2017,4947,1202,3745,3669,24.3,LE PEN,MÉLENCHON,MACRON,FILLON,DUPONT-AIGNAN,41.84,27.61,12.7,6.57,3.6,DROITE,GAUCHE,CENTRE,DROITE,DROITE,12.7,1.42,52.0,33.88,19.86,17525.0,49.73,33.38,209.0,6124,6210,DROITE,0,LE PEN
59604,00604,Troisvilles,2017,562,104,458,449,18.51,LE PEN,MÉLENCHON,MACRON,FILLON,DUPONT-AIGNAN,38.75,19.15,16.7,14.48,5.79,DROITE,GAUCHE,CENTRE,DROITE,DROITE,16.7,0.67,59.02,23.61,18.98,18412.0,51.93,0.0,0.0,809,817,DROITE,0,LE PEN
59605,00605,Uxem,2017,1049,117,932,898,11.15,LE PEN,MACRON,FILLON,MÉLENCHON,DUPONT-AIGNAN,27.62,23.83,16.93,15.81,8.13,DROITE,CENTRE,DROITE,GAUCHE,DROITE,23.83,2.12,52.67,21.38,9.86,23801.0,55.44,0.0,0.0,1497,1525,DROITE,0,LE PEN
59606,00606,Valenciennes,2017,25838,7121,18717,18340,27.56,LE PEN,MACRON,FILLON,MÉLENCHON,HAMON,23.53,22.33,21.0,20.63,5.24,DROITE,CENTRE,DROITE,GAUCHE,GAUCHE,22.33,1.7,48.57,27.4,21.86,17978.0,61.63,82.81,3617.0,42991,43467,DROITE,0,LE PEN
59607,00607,Vendegies-au-Bois,2017,377,68,309,298,18.04,LE PEN,FILLON,MÉLENCHON,MACRON,DUPONT-AIGNAN,31.54,19.13,18.12,16.11,6.71,DROITE,DROITE,GAUCHE,CENTRE,DROITE,16.11,1.01,57.38,25.5,3.62,21231.0,56.29,0.0,0.0,484,489,DROITE,0,LE PEN
59608,00608,Vendegies-sur-Ecaillon,2017,845,101,744,725,11.95,LE PEN,MACRON,FILLON,MÉLENCHON,DUPONT-AIGNAN,30.07,21.93,19.86,15.72,6.76,DROITE,CENTRE,DROITE,GAUCHE,DROITE,21.93,1.24,56.69,20.14,8.63,24422.0,59.43,0.0,0.0,1118,1140,DROITE,0,LE PEN
59609,00609,Vendeville,2017,1396,250,1146,1129,17.91,MACRON,FILLON,LE PEN,MÉLENCHON,HAMON,26.84,25.07,21.17,14.61,5.49,CENTRE,DROITE,DROITE,GAUCHE,GAUCHE,26.84,1.95,50.13,21.08,6.67,26184.0,62.69,52.86,86.0,1546,1568,CENTRE,1,MACRON
59610,00610,Verchain-Maugré,2017,761,101,660,640,13.27,LE PEN,MACRON,FILLON,MÉLENCHON,DUPONT-AIGNAN,30.47,20.31,17.97,15.78,7.03,DROITE,CENTRE,DROITE,GAUCHE,DROITE,20.31,1.72,55.47,22.5,13.86,21917.0,55.51,0.0,0.0,1102,1111,DROITE,0,LE PEN
59611,00611,Verlinghem,2017,1934,199,1735,1698,10.29,FILLON,MACRON,LE PEN,MÉLENCHON,DUPONT-AIGNAN,39.1,23.32,14.72,10.54,5.24,DROITE,CENTRE,DROITE,GAUCHE,DROITE,23.32,1.77,59.07,15.84,6.14,28054.0,67.56,31.08,76.0,2673,2732,DROITE,0,FILLON
59612,00612,Vertain,2017,407,64,343,334,15.72,LE PEN,FILLON,MÉLENCHON,MACRON,DUPONT-AIGNAN,31.44,21.86,19.46,16.17,5.39,DROITE,DROITE,GAUCHE,CENTRE,DROITE,16.17,1.5,58.68,23.65,19.23,21894.0,56.87,0.0,0.0,513,522,DROITE,0,LE PEN
59613,00613,Vicq,2017,984,202,782,768,20.53,LE PEN,MÉLENCHON,MACRON,FILLON,DUPONT-AIGNAN,42.58,20.83,14.06,10.55,6.12,DROITE,GAUCHE,CENTRE,DROITE,DROITE,14.06,1.69,59.24,25.0,10.08,19486.0,52.14,23.24,35.0,1473,1487,DROITE,0,LE PEN
59614,00614,Viesly,2017,1185,264,921,899,22.28,LE PEN,MÉLENCHON,FILLON,MACRON,DUPONT-AIGNAN,41.71,21.47,13.13,12.57,5.9,DROITE,GAUCHE,DROITE,CENTRE,DROITE,12.57,0.78,60.73,25.92,15.02,18065.0,57.22,4.51,7.0,1379,1396,DROITE,0,LE PEN
59615,00615,Vieux-Berquin,2017,1859,290,1569,1540,15.6,LE PEN,FILLON,MACRON,MÉLENCHON,DUPONT-AIGNAN,28.64,24.03,18.7,14.48,6.56,DROITE,DROITE,CENTRE,GAUCHE,DROITE,18.7,2.21,59.22,19.87,8.54,22756.0,52.12,3.18,8.0,2649,2693,DROITE,0,LE PEN
59616,00616,Vieux-Condé,2017,7586,2316,5270,5117,30.53,LE PEN,MÉLENCHON,MACRON,FILLON,DUPONT-AIGNAN,41.39,23.49,12.47,9.44,4.71,DROITE,GAUCHE,CENTRE,DROITE,DROITE,12.47,1.76,55.54,30.23,20.25,16507.0,54.76,35.31,367.0,10446,10504,DROITE,0,LE PEN
59617,00617,Vieux-Mesnil,2017,417,50,367,359,11.99,LE PEN,MACRON,FILLON,MÉLENCHON,DUPONT-AIGNAN,38.16,18.66,16.71,14.48,4.46,DROITE,CENTRE,DROITE,GAUCHE,DROITE,18.66,2.23,59.33,19.78,9.33,21149.0,52.87,0.0,0.0,637,644,DROITE,0,LE PEN
59618,00618,Vieux-Reng,2017,517,96,421,414,18.57,LE PEN,FILLON,MACRON,MÉLENCHON,DUPONT-AIGNAN,50.0,17.39,13.04,12.32,3.14,DROITE,DROITE,CENTRE,GAUCHE,DROITE,13.04,1.21,70.53,15.22,15.55,21007.0,50.66,0.0,0.0,907,913,DROITE,0,LE PEN
59619,00619,Villereau,2017,753,150,603,595,19.92,LE PEN,MACRON,FILLON,MÉLENCHON,DUPONT-AIGNAN,29.75,22.18,16.81,14.29,6.72,DROITE,CENTRE,DROITE,GAUCHE,DROITE,22.18,1.85,53.28,22.69,15.12,23520.0,61.66,0.0,0.0,1057,1072,DROITE,0,LE PEN
59620,00620,Villers-au-Tertre,2017,471,46,425,405,9.77,LE PEN,MÉLENCHON,MACRON,FILLON,HAMON,33.83,20.0,18.77,10.86,5.19,DROITE,GAUCHE,CENTRE,DROITE,GAUCHE,18.77,3.21,49.38,28.64,12.07,22096.0,49.02,0.0,0.0,667,676,DROITE,0,LE PEN
59622,00622,Villers-en-Cauchies,2017,912,168,744,731,18.42,LE PEN,MÉLENCHON,MACRON,FILLON,DUPONT-AIGNAN,43.09,15.73,15.6,14.64,5.34,DROITE,GAUCHE,CENTRE,DROITE,DROITE,15.6,1.23,63.06,20.11,16.91,20032.0,52.31,7.04,9.0,1161,1177,DROITE,0,LE PEN
59623,00623,Villers-Guislain,2017,553,68,485,477,12.3,LE PEN,FILLON,MACRON,MÉLENCHON,DUPONT-AIGNAN,46.75,15.93,11.74,11.74,6.5,DROITE,DROITE,CENTRE,GAUCHE,DROITE,11.74,1.89,69.18,17.19,17.91,18605.0,49.42,0.0,0.0,680,684,DROITE,0,LE PEN
59624,00624,Villers-Outréaux,2017,1460,274,1186,1163,18.77,LE PEN,FILLON,MACRON,MÉLENCHON,DUPONT-AIGNAN,37.83,25.02,13.76,10.58,5.42,DROITE,DROITE,CENTRE,GAUCHE,DROITE,13.76,2.67,68.27,15.31,20.59,16908.0,60.04,18.65,39.0,2156,2179,DROITE,0,LE PEN
59625,00625,Villers-Plouich,2017,299,45,254,247,15.05,LE PEN,FILLON,MÉLENCHON,MACRON,HAMON,32.79,19.03,16.6,14.17,6.48,DROITE,DROITE,GAUCHE,CENTRE,GAUCHE,14.17,2.83,57.89,25.1,13.64,20781.0,53.56,0.0,0.0,389,394,DROITE,0,LE PEN
59626,00626,Villers-Pol,2017,932,131,801,796,14.06,FILLON,LE PEN,MACRON,MÉLENCHON,DUPONT-AIGNAN,27.39,23.74,20.98,15.08,6.03,DROITE,DROITE,CENTRE,GAUCHE,DROITE,20.98,1.26,57.16,20.6,11.97,23484.0,58.69,3.97,5.0,1262,1284,DROITE,0,FILLON
59627,00627,Villers-Sire-Nicole,2017,774,204,570,554,26.36,LE PEN,FILLON,MÉLENCHON,MACRON,DUPONT-AIGNAN,40.97,17.51,14.98,14.62,5.96,DROITE,DROITE,GAUCHE,CENTRE,DROITE,14.62,0.72,64.44,20.22,7.06,21129.0,48.87,0.0,0.0,1006,1016,DROITE,0,LE PEN
59628,00628,Volckerinckhove,2017,428,50,378,370,11.68,LE PEN,FILLON,MACRON,DUPONT-AIGNAN,MÉLENCHON,29.46,23.24,21.35,8.92,8.92,DROITE,DROITE,CENTRE,DROITE,GAUCHE,21.35,3.24,61.62,13.78,12.28,21650.0,56.23,0.0,0.0,560,565,DROITE,0,LE PEN
59629,00629,Vred,2017,1046,142,904,889,13.58,LE PEN,MACRON,MÉLENCHON,FILLON,DUPONT-AIGNAN,34.65,21.26,17.1,11.7,7.09,DROITE,CENTRE,GAUCHE,DROITE,DROITE,21.26,1.24,53.43,24.07,10.64,21858.0,52.65,0.0,0.0,1311,1334,DROITE,0,LE PEN
59630,00630,Wahagnies,2017,1906,416,1490,1448,21.83,LE PEN,MACRON,MÉLENCHON,FILLON,DUPONT-AIGNAN,29.97,23.07,18.51,13.05,6.56,DROITE,CENTRE,GAUCHE,DROITE,DROITE,23.07,1.04,49.59,26.31,13.52,21150.0,56.73,37.61,98.0,2605,2655,DROITE,0,LE PEN
59631,00631,Walincourt-Selvigny,2017,1596,404,1192,1170,25.31,LE PEN,FILLON,MACRON,MÉLENCHON,DUPONT-AIGNAN,40.85,16.07,14.96,13.5,7.35,DROITE,DROITE,CENTRE,GAUCHE,DROITE,14.96,1.28,64.27,19.49,18.48,18070.0,58.22,13.11,28.0,2112,2132,DROITE,0,LE PEN
59632,00632,Wallers,2017,4097,912,3185,3096,22.26,LE PEN,MÉLENCHON,MACRON,FILLON,DUPONT-AIGNAN,38.79,17.51,15.73,14.44,5.49,DROITE,GAUCHE,CENTRE,DROITE,DROITE,15.73,1.78,58.72,23.77,19.41,18321.0,53.14,30.58,168.0,5598,5634,DROITE,0,LE PEN
59633,00633,Wallers-en-Fagne,2017,192,43,149,146,22.4,LE PEN,FILLON,MACRON,MÉLENCHON,DUPONT-AIGNAN,36.3,17.12,14.38,13.7,4.79,DROITE,DROITE,CENTRE,GAUCHE,DROITE,14.38,5.48,58.22,21.92,10.0,17901.0,50.47,0.0,0.0,280,287,DROITE,0,LE PEN
59634,00634,Wallon-Cappel,2017,661,61,600,586,9.23,FILLON,MACRON,LE PEN,MÉLENCHON,DUPONT-AIGNAN,32.08,20.99,19.45,13.99,5.63,DROITE,CENTRE,DROITE,GAUCHE,DROITE,20.99,1.71,57.17,20.14,10.39,22609.0,52.79,0.0,0.0,788,807,DROITE,0,FILLON
59635,00635,Wambaix,2017,276,41,235,230,14.86,FILLON,MACRON,LE PEN,MÉLENCHON,DUPONT-AIGNAN,27.39,21.74,20.0,19.57,6.52,DROITE,CENTRE,DROITE,GAUCHE,DROITE,21.74,0.43,53.91,23.91,10.2,22709.0,49.13,0.0,0.0,368,374,DROITE,0,FILLON
59636,00636,Wambrechies,2017,8047,1576,6471,6290,19.58,FILLON,MACRON,LE PEN,MÉLENCHON,DUPONT-AIGNAN,27.71,24.83,20.27,14.17,5.44,DROITE,CENTRE,DROITE,GAUCHE,DROITE,24.83,1.37,53.42,20.38,9.11,23672.0,63.29,44.6,470.0,10798,10912,DROITE,0,FILLON
59637,00637,Wandignies-Hamage,2017,917,117,800,782,12.76,LE PEN,MACRON,MÉLENCHON,FILLON,DUPONT-AIGNAN,35.55,23.91,17.14,12.66,5.12,DROITE,CENTRE,GAUCHE,DROITE,DROITE,23.91,1.53,53.32,21.23,12.5,22768.0,57.33,0.0,0.0,1318,1336,DROITE,0,LE PEN
59638,00638,Wannehain,2017,862,83,779,762,9.63,LE PEN,MACRON,MÉLENCHON,FILLON,HAMON,25.72,24.8,19.42,18.9,4.99,DROITE,CENTRE,GAUCHE,DROITE,GAUCHE,24.8,0.52,49.34,25.33,6.25,23513.0,58.6,0.0,0.0,1331,1344,DROITE,0,LE PEN
59639,00639,Wargnies-le-Grand,2017,788,94,694,675,11.93,LE PEN,MACRON,FILLON,MÉLENCHON,DUPONT-AIGNAN,29.04,23.7,18.96,13.93,9.04,DROITE,CENTRE,DROITE,GAUCHE,DROITE,23.7,1.63,57.04,17.63,8.85,23606.0,57.07,5.5,6.0,1101,1124,DROITE,0,LE PEN
59640,00640,Wargnies-le-Petit,2017,559,90,469,463,16.1,LE PEN,FILLON,MACRON,MÉLENCHON,DUPONT-AIGNAN,37.37,18.79,18.57,11.45,7.78,DROITE,DROITE,CENTRE,GAUCHE,DROITE,18.57,1.3,63.93,16.2,6.12,23870.0,62.5,0.0,0.0,780,791,DROITE,0,LE PEN
59641,00641,Warhem,2017,1718,323,1395,1356,18.8,LE PEN,FILLON,MACRON,MÉLENCHON,DUPONT-AIGNAN,31.64,20.58,18.44,16.37,5.97,DROITE,DROITE,CENTRE,GAUCHE,DROITE,18.44,1.92,58.19,21.46,10.65,21985.0,52.2,2.44,5.0,2022,2059,DROITE,0,LE PEN
59642,00642,Warlaing,2017,412,32,380,361,7.77,LE PEN,MACRON,MÉLENCHON,FILLON,DUPONT-AIGNAN,27.42,22.71,18.84,13.57,9.7,DROITE,CENTRE,GAUCHE,DROITE,DROITE,22.71,2.22,50.69,24.38,10.71,22718.0,56.12,0.0,0.0,594,607,DROITE,0,LE PEN
59643,00643,Warneton,2017,204,38,166,164,18.63,FILLON,LE PEN,MACRON,MÉLENCHON,DUPONT-AIGNAN,31.71,29.27,14.02,10.37,7.93,DROITE,DROITE,CENTRE,GAUCHE,DROITE,14.02,0.0,68.9,17.07,9.09,21032.0,46.15,0.0,0.0,234,239,DROITE,0,FILLON
59645,00645,Wasnes-au-Bac,2017,457,63,394,383,13.79,LE PEN,FILLON,MÉLENCHON,MACRON,DUPONT-AIGNAN,39.16,18.8,14.62,14.1,7.57,DROITE,DROITE,GAUCHE,CENTRE,DROITE,14.1,1.04,65.54,19.32,20.69,19068.0,51.69,0.0,0.0,587,591,DROITE,0,LE PEN
59646,00646,Wasquehal,2017,15193,3001,12192,11948,19.75,FILLON,MACRON,MÉLENCHON,LE PEN,HAMON,26.78,25.36,17.81,17.43,5.34,DROITE,CENTRE,GAUCHE,DROITE,GAUCHE,25.36,1.47,48.84,24.32,12.01,23082.0,66.82,66.98,1388.0,20836,21062,DROITE,0,FILLON
59647,00647,Watten,2017,1959,388,1571,1521,19.81,LE PEN,MÉLENCHON,MACRON,FILLON,DUPONT-AIGNAN,43.06,19.59,14.14,9.99,5.33,DROITE,GAUCHE,CENTRE,DROITE,DROITE,14.14,1.64,58.38,25.84,16.54,17349.0,54.33,8.2,21.0,2577,2599,DROITE,0,LE PEN
59648,00648,Wattignies,2017,9479,2020,7459,7280,21.31,MACRON,MÉLENCHON,LE PEN,FILLON,HAMON,23.38,21.54,21.44,18.93,7.16,CENTRE,GAUCHE,DROITE,DROITE,GAUCHE,23.38,2.03,44.63,29.96,16.26,19913.0,61.2,56.61,820.0,15531,15735,CENTRE,1,MACRON
59649,00649,Wattignies-la-Victoire,2017,193,30,163,160,15.54,LE PEN,FILLON,MACRON,DUPONT-AIGNAN,MÉLENCHON,30.0,28.13,14.38,10.63,8.75,DROITE,DROITE,CENTRE,DROITE,GAUCHE,14.37,3.12,68.75,13.75,17.86,22665.0,49.71,0.0,0.0,241,246,DROITE,0,LE PEN
59650,00650,Wattrelos,2017,28763,7714,21049,20458,26.82,LE PEN,MÉLENCHON,MACRON,FILLON,HAMON,33.92,23.28,20.12,9.17,5.47,DROITE,GAUCHE,CENTRE,DROITE,GAUCHE,20.12,1.62,47.5,30.76,19.82,17772.0,55.99,54.3,2245.0,40836,41024,DROITE,0,LE PEN
59651,00651,Wavrechain-sous-Denain,2017,1006,219,787,760,21.77,LE PEN,MÉLENCHON,MACRON,FILLON,HAMON,45.13,25.13,13.29,5.92,3.82,DROITE,GAUCHE,CENTRE,DROITE,GAUCHE,13.29,2.37,53.95,30.39,25.0,15514.0,49.24,13.91,23.0,1616,1627,DROITE,0,LE PEN
59652,00652,Wavrechain-sous-Faulx,2017,280,38,242,240,13.57,LE PEN,MÉLENCHON,FILLON,MACRON,DUPONT-AIGNAN,42.92,18.33,15.42,12.5,6.67,DROITE,GAUCHE,DROITE,CENTRE,DROITE,12.5,0.83,65.0,21.67,8.33,21545.0,50.35,0.0,0.0,424,425,DROITE,0,LE PEN
59653,00653,Wavrin,2017,5974,1174,4800,4669,19.65,LE PEN,MACRON,MÉLENCHON,FILLON,HAMON,29.66,21.27,18.89,14.41,6.53,DROITE,CENTRE,GAUCHE,DROITE,GAUCHE,21.27,2.01,49.5,27.22,13.03,21463.0,58.59,31.07,237.0,7773,7829,DROITE,0,LE PEN
59654,00654,Waziers,2017,4867,1286,3581,3476,26.42,MÉLENCHON,LE PEN,MACRON,FILLON,HAMON,38.09,35.16,11.51,5.18,3.51,GAUCHE,DROITE,CENTRE,DROITE,GAUCHE,11.51,1.64,43.21,43.64,28.1,15205.0,56.25,39.32,294.0,7354,7418,GAUCHE,1,MÉLENCHON
59655,00655,Wemaers-Cappel,2017,180,32,148,144,17.78,LE PEN,FILLON,MACRON,MÉLENCHON,DUPONT-AIGNAN,37.5,22.92,16.67,13.19,2.78,DROITE,DROITE,CENTRE,GAUCHE,DROITE,16.67,2.78,63.19,17.36,4.17,20762.0,59.01,0.0,0.0,237,241,DROITE,0,LE PEN
59656,00656,Wervicq-Sud,2017,3433,703,2730,2674,20.48,LE PEN,FILLON,MACRON,MÉLENCHON,DUPONT-AIGNAN,25.84,24.64,19.75,16.9,5.39,DROITE,DROITE,CENTRE,GAUCHE,DROITE,19.75,1.61,55.87,22.77,16.11,21083.0,61.08,27.9,151.0,5299,5349,DROITE,0,LE PEN
59657,00657,West-Cappel,2017,467,49,418,411,10.49,LE PEN,FILLON,MACRON,MÉLENCHON,DUPONT-AIGNAN,34.06,19.95,19.22,13.63,5.35,DROITE,DROITE,CENTRE,GAUCHE,DROITE,19.22,3.16,59.37,18.25,12.12,22167.0,49.44,0.0,0.0,636,646,DROITE,0,LE PEN
59658,00658,Wicres,2017,327,27,300,293,8.26,FILLON,LE PEN,MACRON,MÉLENCHON,DUPONT-AIGNAN,28.33,23.55,21.16,13.65,5.8,DROITE,DROITE,CENTRE,GAUCHE,DROITE,21.16,2.39,57.68,18.77,11.54,24158.0,63.02,0.0,0.0,544,551,DROITE,0,FILLON
59659,00659,Wignehies,2017,2063,518,1545,1503,25.11,LE PEN,MÉLENCHON,MACRON,FILLON,DUPONT-AIGNAN,43.51,16.7,15.3,11.84,5.26,DROITE,GAUCHE,CENTRE,DROITE,DROITE,15.3,0.6,60.61,23.49,30.5,15987.0,57.27,24.53,72.0,2821,2839,DROITE,0,LE PEN
59660,00660,Willems,2017,2288,355,1933,1885,15.52,FILLON,LE PEN,MACRON,MÉLENCHON,HAMON,24.99,23.45,21.38,15.76,6.21,DROITE,DROITE,CENTRE,GAUCHE,GAUCHE,21.38,1.22,53.74,23.66,9.13,22502.0,60.93,31.52,95.0,2996,3026,DROITE,0,FILLON
59661,00661,Willies,2017,101,20,81,81,19.8,MÉLENCHON,LE PEN,FILLON,MACRON,HAMON,30.86,20.99,19.75,11.11,8.64,GAUCHE,DROITE,DROITE,CENTRE,GAUCHE,11.11,1.23,44.44,43.21,38.46,20806.0,50.46,0.0,0.0,131,133,GAUCHE,1,MÉLENCHON
59662,00662,Winnezeele,2017,927,121,806,783,13.05,LE PEN,FILLON,MACRON,MÉLENCHON,DUPONT-AIGNAN,29.5,21.33,17.88,16.6,6.26,DROITE,DROITE,CENTRE,GAUCHE,DROITE,17.88,1.53,57.09,23.5,9.77,21198.0,55.67,5.47,7.0,1300,1331,DROITE,0,LE PEN
59663,00663,Wormhout,2017,4558,857,3701,3606,18.8,LE PEN,FILLON,MACRON,MÉLENCHON,DUPONT-AIGNAN,30.31,21.27,19.22,15.36,6.3,DROITE,DROITE,CENTRE,GAUCHE,DROITE,19.22,1.72,57.88,21.19,7.91,20671.0,54.17,18.76,105.0,5705,5790,DROITE,0,LE PEN
59664,00664,Wulverdinghe,2017,228,27,201,195,11.84,LE PEN,MÉLENCHON,FILLON,MACRON,DUPONT-AIGNAN,36.41,24.1,14.36,12.82,6.67,DROITE,GAUCHE,DROITE,CENTRE,DROITE,12.82,0.0,57.44,29.74,12.73,18247.0,49.5,0.0,0.0,327,335,DROITE,0,LE PEN
59665,00665,Wylder,2017,212,29,183,177,13.68,LE PEN,MÉLENCHON,FILLON,DUPONT-AIGNAN,HAMON,40.11,20.9,15.82,6.78,6.78,DROITE,GAUCHE,DROITE,DROITE,GAUCHE,5.65,2.26,62.71,29.38,3.7,20002.0,51.3,0.0,0.0,301,307,DROITE,0,LE PEN
59666,00666,Zegerscappel,2017,1147,171,976,942,14.91,LE PEN,FILLON,MACRON,MÉLENCHON,DUPONT-AIGNAN,36.62,20.06,15.18,12.53,7.96,DROITE,DROITE,CENTRE,GAUCHE,DROITE,15.18,1.59,64.65,18.58,13.21,20176.0,54.59,0.0,0.0,1536,1562,DROITE,0,LE PEN
59667,00667,Zermezeele,2017,162,11,151,147,6.79,LE PEN,FILLON,MACRON,DUPONT-AIGNAN,MÉLENCHON,25.17,24.49,22.45,12.24,10.88,DROITE,DROITE,CENTRE,DROITE,GAUCHE,22.45,1.36,61.9,14.29,12.73,21414.0,55.77,0.0,0.0,238,243,DROITE,0,LE PEN
59668,00668,Zuydcoote,2017,1175,148,1027,997,12.6,LE PEN,MACRON,MÉLENCHON,FILLON,HAMON,27.18,21.06,16.15,14.64,7.72,DROITE,CENTRE,GAUCHE,DROITE,GAUCHE,21.06,2.71,49.35,26.88,9.47,22548.0,52.08,10.93,19.0,1580,1640,DROITE,0,LE PEN
59669,00669,Zuytpeene,2017,423,47,376,367,11.11,LE PEN,FILLON,MACRON,MÉLENCHON,DUPONT-AIGNAN,25.34,20.16,19.89,16.35,9.26,DROITE,DROITE,CENTRE,GAUCHE,DROITE,19.89,1.09,54.77,24.25,5.26,19724.0,51.42,0.0,0.0,527,536,DROITE,0,LE PEN
59670,00670,Don,2017,976,112,864,839,11.48,LE PEN,MACRON,FILLON,MÉLENCHON,DUPONT-AIGNAN,26.7,22.65,17.76,17.4,5.72,DROITE,CENTRE,DROITE,GAUCHE,DROITE,22.65,1.19,50.18,25.98,9.27,22679.0,56.47,6.89,9.0,1412,1425,DROITE,0,LE PEN
59220,00220,Faches-Thumesnil,2022,12224,3322,8902,8740,27.18,MÉLENCHON,MACRON,LE PEN,ZEMMOUR,JADOT,33.89,27.46,18.75,5.02,4.55,GAUCHE,CENTRE,DROITE,DROITE,GAUCHE,27.46,1.51,27.4,43.63,10.97,22280.0,63.05,51.61,945.0,18110,18227,GAUCHE,1,MÉLENCHON
59350,00350,Lille,2022,38543,11101,27442,27035,28.8,MÉLENCHON,MÉLENCHON,MACRON,MACRON,MÉLENCHON,47.4,36.61,25.39,24.06,44.51,GAUCHE,GAUCHE,CENTRE,CENTRE,GAUCHE,83.86,3.78,64.67,174.4,15.26,20520.0,73.11,134.33,32065.0,236710,238542,GAUCHE,1,MÉLENCHON
59360,00360,Loos,2022,12746,4145,8601,8469,32.52,MÉLENCHON,LE PEN,MACRON,ZEMMOUR,JADOT,32.0,24.12,23.08,4.85,4.0,GAUCHE,DROITE,CENTRE,DROITE,GAUCHE,23.08,1.52,32.94,42.45,14.52,19610.0,60.49,46.98,1078.0,23013,23271,GAUCHE,1,MÉLENCHON
59009,00009,Villeneuve-d'Ascq,2022,39567,11086,28481,27984,28.02,MÉLENCHON,MACRON,LE PEN,JADOT,ZEMMOUR,34.2,29.46,14.35,5.91,4.82,GAUCHE,CENTRE,DROITE,GAUCHE,DROITE,29.46,1.32,23.7,45.52,15.37,22000.0,68.9,74.75,4660.0,62067,62700,GAUCHE,1,MÉLENCHON
59346,00346,Lezennes,2022,2527,570,1957,1916,22.56,MÉLENCHON,MACRON,LE PEN,JADOT,HIDALGO,28.13,25.42,18.79,6.68,5.01,GAUCHE,CENTRE,DROITE,GAUCHE,GAUCHE,25.42,1.72,26.67,46.19,11.66,25880.0,67.66,65.07,193.0,3019,3038,GAUCHE,1,MÉLENCHON
59410,00410,Mons-en-Baroeul,2022,12718,3713,9005,8843,29.19,MÉLENCHON,MACRON,LE PEN,JADOT,ZEMMOUR,38.62,24.71,17.17,5.19,4.18,GAUCHE,CENTRE,DROITE,GAUCHE,DROITE,24.71,1.11,25.2,48.99,14.86,19570.0,66.8,45.68,976.0,21467,21600,GAUCHE,1,MÉLENCHON
59507,00507,Ronchin,2022,12249,3229,9020,8845,26.36,MÉLENCHON,MACRON,LE PEN,JADOT,ZEMMOUR,31.48,27.13,19.8,4.74,4.28,GAUCHE,CENTRE,DROITE,GAUCHE,DROITE,27.13,1.5,28.08,43.28,11.76,22130.0,63.77,43.68,849.0,19437,19573,GAUCHE,1,MÉLENCHON
59003,00003,Aibes,2022,248,47,201,200,18.95,LE PEN,MACRON,MÉLENCHON,ZEMMOUR,DUPONT-AIGNAN,41.0,19.0,13.0,9.5,7.0,DROITE,CENTRE,GAUCHE,DROITE,DROITE,19.0,3.5,60.0,17.5,12.13,22970.0,44.65,0.0,0.0,364,371,DROITE,0,LE PEN
59006,00006,Amfroipret,2022,193,51,142,137,26.42,LE PEN,MACRON,MÉLENCHON,LASSALLE,ZEMMOUR,39.42,27.01,13.14,5.11,5.11,DROITE,CENTRE,GAUCHE,DIVERS,DROITE,27.01,5.11,49.64,18.25,3.17,27530.0,58.39,0.0,0.0,223,227,DROITE,0,LE PEN
59012,00012,Anor,2022,2304,762,1542,1515,33.07,LE PEN,MACRON,MÉLENCHON,ZEMMOUR,ROUSSEL,42.77,19.14,18.02,6.6,2.9,DROITE,CENTRE,GAUCHE,DROITE,GAUCHE,19.14,1.91,53.2,25.74,21.53,18490.0,53.16,14.91,47.0,3204,3240,DROITE,0,LE PEN
59021,00021,Assevent,2022,1245,285,960,941,22.89,LE PEN,MACRON,MÉLENCHON,ZEMMOUR,ROUSSEL,41.87,21.47,18.49,5.31,2.98,DROITE,CENTRE,GAUCHE,DROITE,GAUCHE,21.47,1.91,51.65,24.97,15.37,21460.0,49.66,11.22,20.0,1796,1811,DROITE,0,LE PEN
59031,00031,Audignies,2022,292,64,228,224,21.92,LE PEN,MACRON,ZEMMOUR,MÉLENCHON,PÉCRESSE,41.07,18.75,11.61,9.82,7.14,DROITE,CENTRE,DROITE,GAUCHE,DROITE,18.75,4.02,62.05,15.18,0.0,26730.0,53.17,0.0,0.0,369,375,DROITE,0,LE PEN
59036,00036,Avesnes-sur-Helpe,2022,1143,436,707,693,38.15,LE PEN,MACRON,MÉLENCHON,LE PEN,MACRON,33.3,25.18,21.4,32.18,24.1,DROITE,CENTRE,GAUCHE,DROITE,CENTRE,63.49,5.05,111.54,76.33,36.93,15750.0,57.05,60.18,246.0,4118,4254,DROITE,0,LE PEN
59045,00045,Baives,2022,100,41,59,57,41.0,LE PEN,MACRON,ZEMMOUR,LASSALLE,DUPONT-AIGNAN,38.6,29.82,7.02,5.26,3.51,DROITE,CENTRE,DROITE,DIVERS,DROITE,29.82,5.26,52.63,12.28,7.69,19690.0,52.1,0.0,0.0,163,168,DROITE,0,LE PEN
59050,00050,Bas-Lieu,2022,237,38,199,192,16.03,LE PEN,MACRON,MÉLENCHON,PÉCRESSE,ZEMMOUR,35.94,31.77,10.94,6.77,3.65,DROITE,CENTRE,GAUCHE,DROITE,DROITE,31.77,3.12,47.4,17.71,3.3,24480.0,48.32,0.0,0.0,339,347,DROITE,0,LE PEN
59053,00053,Bavay,2022,2285,636,1649,1605,27.83,LE PEN,MACRON,MÉLENCHON,ZEMMOUR,PÉCRESSE,38.38,25.3,13.83,8.54,4.36,DROITE,CENTRE,GAUCHE,DROITE,DROITE,25.3,2.18,52.71,19.81,17.34,20510.0,55.55,34.88,113.0,3246,3306,DROITE,0,LE PEN
59062,00062,Beaurieux,2022,103,16,87,85,15.53,LE PEN,MACRON,MÉLENCHON,ZEMMOUR,JADOT,32.94,30.59,11.76,5.88,4.71,DROITE,CENTRE,GAUCHE,DROITE,GAUCHE,30.59,1.18,45.88,22.35,7.69,22770.0,54.31,0.0,0.0,164,171,DROITE,0,LE PEN
59065,00065,Bellignies,2022,618,167,451,444,27.02,LE PEN,MACRON,MÉLENCHON,ZEMMOUR,ROUSSEL,37.61,25.9,16.22,5.86,4.28,DROITE,CENTRE,GAUCHE,DROITE,GAUCHE,25.9,1.35,48.65,24.1,14.47,23270.0,49.92,0.0,0.0,809,827,DROITE,0,LE PEN
59066,00066,Bérelles,2022,118,26,92,90,22.03,LE PEN,ZEMMOUR,MACRON,MÉLENCHON,LASSALLE,42.22,18.89,16.67,7.78,5.56,DROITE,DROITE,CENTRE,GAUCHE,DIVERS,16.67,5.56,64.44,13.33,0.0,23480.0,43.44,0.0,0.0,162,167,DROITE,0,LE PEN
59070,00070,Bermeries,2022,271,68,203,200,25.09,LE PEN,MACRON,MÉLENCHON,ZEMMOUR,PÉCRESSE,33.0,20.5,14.0,8.5,6.5,DROITE,CENTRE,GAUCHE,DROITE,DROITE,20.5,5.5,51.0,23.0,9.88,24140.0,53.95,3.24,5.0,378,381,DROITE,0,LE PEN
59072,00072,Bersillies,2022,178,39,139,136,21.91,MACRON,LE PEN,MÉLENCHON,ZEMMOUR,PÉCRESSE,34.56,33.82,13.24,4.41,2.94,CENTRE,DROITE,GAUCHE,DROITE,DROITE,34.56,2.21,42.65,20.59,9.85,26420.0,45.13,0.0,0.0,250,252,CENTRE,1,MACRON
59076,00076,Bettignies,2022,211,48,163,159,22.75,LE PEN,MACRON,MÉLENCHON,DUPONT-AIGNAN,ZEMMOUR,41.51,24.53,15.09,6.29,3.14,DROITE,CENTRE,GAUCHE,DROITE,DROITE,24.53,2.52,53.46,19.5,22.56,20020.0,40.82,0.0,0.0,309,314,DROITE,0,LE PEN
59077,00077,Bettrechies,2022,183,38,145,145,20.77,LE PEN,MACRON,MÉLENCHON,LASSALLE,PÉCRESSE,35.86,22.07,13.79,7.59,5.52,DROITE,CENTRE,GAUCHE,DIVERS,DROITE,22.07,7.59,48.28,22.07,8.0,21650.0,60.44,0.0,0.0,258,264,DROITE,0,LE PEN
59078,00078,Beugnies,2022,452,100,352,347,22.12,LE PEN,MACRON,MÉLENCHON,ZEMMOUR,ROUSSEL,36.02,27.38,14.12,5.48,3.75,DROITE,CENTRE,GAUCHE,DROITE,GAUCHE,27.38,2.02,46.11,24.5,19.99,22250.0,53.07,0.0,0.0,611,617,DROITE,0,LE PEN
59101,00101,Bousignies-sur-Roc,2022,214,68,146,145,31.78,LE PEN,MACRON,MÉLENCHON,ZEMMOUR,DUPONT-AIGNAN,33.79,19.31,11.72,11.03,6.21,DROITE,CENTRE,GAUCHE,DROITE,DROITE,19.31,2.07,55.17,23.45,19.0,21990.0,46.97,0.0,0.0,376,387,DROITE,0,LE PEN
59104,00104,Boussois,2022,2080,526,1554,1529,25.29,LE PEN,MÉLENCHON,MACRON,ROUSSEL,ZEMMOUR,45.72,19.69,16.68,5.82,3.79,DROITE,GAUCHE,CENTRE,GAUCHE,DROITE,16.68,1.31,52.52,29.5,16.67,19240.0,48.23,10.51,33.0,3157,3181,DROITE,0,LE PEN
59142,00142,Cerfontaine,2022,533,155,378,376,29.08,LE PEN,MACRON,MÉLENCHON,ZEMMOUR,PÉCRESSE,43.88,23.67,11.7,7.18,5.32,DROITE,CENTRE,GAUCHE,DROITE,DROITE,23.67,0.8,57.98,17.55,9.37,24510.0,48.61,0.0,0.0,688,698,DROITE,0,LE PEN
59147,00147,Choisies,2022,50,11,39,38,22.0,LE PEN,MACRON,MÉLENCHON,ZEMMOUR,LASSALLE,28.95,28.95,10.53,10.53,7.89,DROITE,CENTRE,GAUCHE,DROITE,DIVERS,28.95,7.89,52.63,10.53,11.11,23030.0,60.47,0.0,0.0,46,48,DROITE,0,LE PEN
59148,00148,Clairfayts,2022,245,82,163,162,33.47,LE PEN,MACRON,MÉLENCHON,PÉCRESSE,ZEMMOUR,44.44,16.05,14.2,7.41,4.94,DROITE,CENTRE,GAUCHE,DROITE,DROITE,16.05,2.47,58.64,22.84,17.86,22640.0,53.14,0.0,0.0,363,364,DROITE,0,LE PEN
59151,00151,Colleret,2022,1206,353,853,834,29.27,LE PEN,MACRON,MÉLENCHON,ZEMMOUR,PÉCRESSE,46.04,20.74,10.91,8.27,2.76,DROITE,CENTRE,GAUCHE,DROITE,DROITE,20.74,2.52,59.35,17.39,6.67,22560.0,48.86,0.0,0.0,1573,1595,DROITE,0,LE PEN
59157,00157,Cousolre,2022,1443,416,1027,1002,28.83,LE PEN,MACRON,MÉLENCHON,ZEMMOUR,PÉCRESSE,42.32,21.86,13.17,7.58,4.69,DROITE,CENTRE,GAUCHE,DROITE,DROITE,21.86,1.6,57.39,19.16,17.73,20440.0,48.68,15.28,33.0,2169,2188,DROITE,0,LE PEN
59169,00169,Damousies,2022,162,35,127,123,21.6,LE PEN,MACRON,ZEMMOUR,PÉCRESSE,MÉLENCHON,39.02,30.08,8.13,7.32,5.69,DROITE,CENTRE,DROITE,DROITE,GAUCHE,30.08,4.07,56.1,9.76,15.79,19920.0,49.7,0.0,0.0,206,211,DROITE,0,LE PEN
59174,00174,Dimechaux,2022,246,60,186,182,24.39,LE PEN,MACRON,MÉLENCHON,ZEMMOUR,JADOT,35.16,27.47,8.79,7.69,7.14,DROITE,CENTRE,GAUCHE,DROITE,GAUCHE,27.47,3.85,51.1,17.58,0.0,24080.0,52.59,0.0,0.0,326,340,DROITE,0,LE PEN
59175,00175,Dimont,2022,242,51,191,190,21.07,MACRON,LE PEN,MÉLENCHON,PÉCRESSE,ZEMMOUR,33.68,26.32,13.16,7.89,5.79,CENTRE,DROITE,GAUCHE,DROITE,DROITE,33.68,3.16,43.16,20.0,11.23,23760.0,49.57,0.0,0.0,303,314,CENTRE,1,MACRON
59177,00177,Dompierre-sur-Helpe,2022,655,182,473,462,27.79,LE PEN,MACRON,MÉLENCHON,ZEMMOUR,PÉCRESSE,38.31,22.73,15.15,5.41,4.76,DROITE,CENTRE,GAUCHE,DROITE,DROITE,22.73,3.46,50.87,22.94,8.31,21650.0,51.65,0.0,0.0,859,873,DROITE,0,LE PEN
59181,00181,Dourlers,2022,411,84,327,321,20.44,LE PEN,MACRON,ZEMMOUR,MÉLENCHON,PÉCRESSE,33.96,29.28,8.72,8.1,5.61,DROITE,CENTRE,DROITE,GAUCHE,DROITE,29.28,2.8,52.65,15.26,8.14,24490.0,55.59,0.0,0.0,539,545,DROITE,0,LE PEN
59186,00186,Eccles,2022,64,15,49,49,23.44,LE PEN,MACRON,MÉLENCHON,LASSALLE,PÉCRESSE,26.53,16.33,12.24,10.2,10.2,DROITE,CENTRE,GAUCHE,DIVERS,DROITE,16.33,10.2,53.06,20.41,0.0,23030.0,47.37,0.0,0.0,88,90,DROITE,0,LE PEN
59190,00190,Elesmes,2022,738,135,603,583,18.29,LE PEN,MACRON,MÉLENCHON,ZEMMOUR,PÉCRESSE,37.39,25.04,13.38,8.4,4.29,DROITE,CENTRE,GAUCHE,DROITE,DROITE,25.04,2.4,51.29,21.27,7.6,26150.0,51.89,0.0,0.0,992,1006,DROITE,0,LE PEN
59198,00198,Eppe-Sauvage,2022,149,49,100,98,32.89,LE PEN,MÉLENCHON,MACRON,PÉCRESSE,ZEMMOUR,28.57,21.43,19.39,7.14,7.14,DROITE,GAUCHE,CENTRE,DROITE,DROITE,19.39,1.02,44.9,34.69,15.91,23030.0,56.6,0.0,0.0,234,234,DROITE,0,LE PEN
59225,00225,Feignies,2022,4554,1399,3155,3105,30.72,LE PEN,MÉLENCHON,MACRON,ZEMMOUR,ROUSSEL,40.71,22.48,18.39,5.73,3.09,DROITE,GAUCHE,CENTRE,DROITE,GAUCHE,18.39,2.16,49.95,29.5,20.89,19550.0,51.51,32.85,221.0,6752,6820,DROITE,0,LE PEN
59226,00226,Felleries,2022,927,224,703,693,24.16,LE PEN,MACRON,MÉLENCHON,ZEMMOUR,ROUSSEL,37.95,24.1,14.86,5.48,4.04,DROITE,CENTRE,GAUCHE,DROITE,GAUCHE,24.1,3.03,49.49,23.38,16.87,21730.0,58.53,0.0,0.0,1455,1469,DROITE,0,LE PEN
59229,00229,Féron,2022,429,87,342,331,20.28,MACRON,LE PEN,MÉLENCHON,ZEMMOUR,PÉCRESSE,31.12,30.51,17.22,4.83,4.23,CENTRE,DROITE,GAUCHE,DROITE,DROITE,31.12,2.11,43.2,23.56,9.31,22470.0,56.12,0.0,0.0,527,546,CENTRE,1,MACRON
59230,00230,Ferrière-la-Grande,2022,3743,1122,2621,2579,29.98,LE PEN,MACRON,MÉLENCHON,ZEMMOUR,ROUSSEL,46.57,19.74,15.86,5.39,2.75,DROITE,CENTRE,GAUCHE,DROITE,GAUCHE,19.74,1.47,56.34,22.45,18.91,19240.0,50.94,26.71,138.0,5202,5254,DROITE,0,LE PEN
59231,00231,Ferrière-la-Petite,2022,776,207,569,561,26.68,LE PEN,MACRON,MÉLENCHON,ZEMMOUR,ROUSSEL,40.82,17.11,16.4,8.38,3.74,DROITE,CENTRE,GAUCHE,DROITE,GAUCHE,17.11,2.85,53.83,26.2,20.01,20640.0,50.42,4.79,5.0,1062,1066,DROITE,0,LE PEN
59232,00232,La Flamengrie,2022,317,52,265,258,16.4,LE PEN,MACRON,MÉLENCHON,JADOT,DUPONT-AIGNAN,32.56,27.91,13.57,5.81,4.26,DROITE,CENTRE,GAUCHE,GAUCHE,DROITE,27.91,3.49,43.41,25.19,12.65,25620.0,56.81,0.0,0.0,435,443,DROITE,0,LE PEN
59233,00233,Flaumont-Waudrechies,2022,270,73,197,195,27.04,LE PEN,MACRON,MÉLENCHON,PÉCRESSE,LASSALLE,43.08,21.54,18.46,4.1,3.08,DROITE,CENTRE,GAUCHE,DROITE,DIVERS,21.54,3.08,51.28,24.1,24.18,20600.0,49.24,0.0,0.0,351,354,DROITE,0,LE PEN
59240,00240,Floursies,2022,107,16,91,90,14.95,LE PEN,MACRON,MÉLENCHON,LASSALLE,JADOT,36.67,23.33,14.44,8.89,5.56,DROITE,CENTRE,GAUCHE,DIVERS,GAUCHE,23.33,8.89,43.33,24.44,13.33,24000.0,57.89,0.0,0.0,127,130,DROITE,0,LE PEN
59249,00249,Fourmies,2022,8516,3079,5437,5342,36.16,LE PEN,MACRON,MÉLENCHON,ZEMMOUR,ROUSSEL,45.21,20.76,15.39,4.74,3.2,DROITE,CENTRE,GAUCHE,DROITE,GAUCHE,20.76,1.89,53.93,23.42,28.18,16810.0,53.99,48.66,561.0,11456,11632,DROITE,0,LE PEN
59261,00261,Glageon,2022,1103,295,808,787,26.75,LE PEN,MACRON,MÉLENCHON,ZEMMOUR,PÉCRESSE,45.74,22.74,12.58,5.59,3.81,DROITE,CENTRE,GAUCHE,DROITE,DROITE,22.74,2.54,56.8,17.92,23.55,18450.0,50.28,12.7,22.0,1739,1769,DROITE,0,LE PEN
59264,00264,Gognies-Chaussée,2022,558,203,355,353,36.38,LE PEN,MACRON,MÉLENCHON,ZEMMOUR,DUPONT-AIGNAN,35.98,26.91,14.73,8.5,3.4,DROITE,CENTRE,GAUCHE,DROITE,DROITE,26.91,2.27,49.29,21.53,3.03,23430.0,51.33,0.0,0.0,727,738,DROITE,0,LE PEN
59277,00277,Gussignies,2022,176,49,127,127,27.84,MACRON,LE PEN,MÉLENCHON,ZEMMOUR,JADOT,37.01,25.2,15.75,5.51,3.94,CENTRE,DROITE,GAUCHE,DROITE,GAUCHE,37.01,2.36,33.86,26.77,19.23,25410.0,50.58,0.0,0.0,347,350,CENTRE,1,MACRON
59306,00306,Hestrud,2022,187,60,127,124,32.09,LE PEN,MACRON,MÉLENCHON,ZEMMOUR,LASSALLE,28.23,27.42,12.9,8.06,5.65,DROITE,CENTRE,GAUCHE,DROITE,DIVERS,27.42,5.65,45.97,20.97,15.93,21660.0,49.41,0.0,0.0,296,299,DROITE,0,LE PEN
59310,00310,Hon-Hergies,2022,470,108,362,355,22.98,LE PEN,MACRON,MÉLENCHON,ZEMMOUR,DUPONT-AIGNAN,37.18,24.51,14.08,6.76,5.07,DROITE,CENTRE,GAUCHE,DROITE,DROITE,24.51,2.82,53.24,19.44,7.89,26090.0,56.88,5.69,5.0,866,876,DROITE,0,LE PEN
59315,00315,Houdain-lez-Bavay,2022,657,197,460,446,29.98,LE PEN,MACRON,MÉLENCHON,ZEMMOUR,ROUSSEL,36.55,23.09,13.68,8.52,3.59,DROITE,CENTRE,GAUCHE,DROITE,GAUCHE,23.09,2.69,51.57,22.65,10.09,23570.0,55.09,0.0,0.0,901,913,DROITE,0,LE PEN
59324,00324,Jeumont,2022,6590,2607,3983,3922,39.56,LE PEN,MÉLENCHON,MACRON,ZEMMOUR,ROUSSEL,40.13,25.91,17.49,5.02,2.37,DROITE,GAUCHE,CENTRE,DROITE,GAUCHE,17.49,1.27,48.73,32.51,29.29,16910.0,48.67,45.36,466.0,10342,10433,DROITE,0,LE PEN
59342,00342,Lez-Fontaine,2022,162,20,142,141,12.35,MACRON,LE PEN,MÉLENCHON,ZEMMOUR,LASSALLE,29.08,25.53,20.57,10.64,4.26,CENTRE,DROITE,GAUCHE,DROITE,DIVERS,29.08,4.26,42.55,24.11,0.0,23880.0,52.6,0.0,0.0,227,233,CENTRE,1,MACRON
59347,00347,Liessies,2022,394,95,299,293,24.11,LE PEN,MÉLENCHON,MACRON,JADOT,ROUSSEL,36.18,19.8,19.45,5.12,3.75,DROITE,GAUCHE,CENTRE,GAUCHE,GAUCHE,19.45,2.73,45.39,32.42,9.62,23010.0,50.68,0.0,0.0,531,547,DROITE,0,LE PEN
59357,00357,La Longueville,2022,1580,406,1174,1157,25.7,LE PEN,MACRON,MÉLENCHON,ZEMMOUR,PÉCRESSE,37.17,24.37,13.74,8.3,3.8,DROITE,CENTRE,GAUCHE,DROITE,DROITE,24.37,3.37,50.99,21.26,7.17,22690.0,53.39,12.13,25.0,2065,2092,DROITE,0,LE PEN
59365,00365,Louvroil,2022,3623,1246,2377,2346,34.39,MÉLENCHON,LE PEN,MACRON,ZEMMOUR,ROUSSEL,40.75,32.65,12.36,4.35,3.92,GAUCHE,DROITE,CENTRE,DROITE,GAUCHE,12.36,1.15,39.6,46.89,23.49,15180.0,54.63,68.05,431.0,6357,6397,GAUCHE,1,MÉLENCHON
59370,00370,Mairieux,2022,524,143,381,374,27.29,LE PEN,MACRON,MÉLENCHON,ZEMMOUR,PÉCRESSE,36.1,30.48,11.23,7.49,5.35,DROITE,CENTRE,GAUCHE,DROITE,DROITE,30.48,1.34,50.53,17.65,8.46,26820.0,53.51,0.0,0.0,699,710,DROITE,0,LE PEN
59385,00385,Marpent,2022,1669,535,1134,1120,32.06,LE PEN,MACRON,MÉLENCHON,ZEMMOUR,ROUSSEL,45.62,17.68,17.23,6.07,3.66,DROITE,CENTRE,GAUCHE,DROITE,GAUCHE,17.68,1.61,55.36,25.36,17.74,19210.0,45.53,20.01,53.0,2654,2676,DROITE,0,LE PEN
59392,00392,Maubeuge,2022,18354,6801,11553,11389,37.05,MÉLENCHON,LE PEN,MACRON,ZEMMOUR,PÉCRESSE,34.77,31.26,18.54,5.16,2.11,GAUCHE,DROITE,CENTRE,DROITE,DROITE,18.54,1.25,39.66,40.55,27.75,16320.0,56.69,65.69,1897.0,29066,29344,GAUCHE,1,MÉLENCHON
59396,00396,Mecquignies,2022,477,81,396,389,16.98,LE PEN,MACRON,MÉLENCHON,ZEMMOUR,PÉCRESSE,41.13,22.37,11.31,8.48,5.66,DROITE,CENTRE,GAUCHE,DROITE,DROITE,22.37,2.57,57.84,17.22,5.63,24280.0,57.98,0.0,0.0,705,716,DROITE,0,LE PEN
59420,00420,Moustier-en-Fagne,2022,38,7,31,30,18.42,MÉLENCHON,MACRON,LE PEN,JADOT,PÉCRESSE,30.0,23.33,16.67,10.0,6.67,GAUCHE,CENTRE,DROITE,GAUCHE,DROITE,23.33,3.33,30.0,43.33,0.0,23030.0,67.35,0.0,0.0,60,62,GAUCHE,1,MÉLENCHON
59441,00441,Obies,2022,534,133,401,394,24.91,MACRON,LE PEN,MÉLENCHON,ZEMMOUR,PÉCRESSE,32.74,30.96,10.91,8.12,4.82,CENTRE,DROITE,GAUCHE,DROITE,DROITE,32.74,1.78,46.7,18.78,4.35,24980.0,52.78,0.0,0.0,649,655,CENTRE,1,MACRON
59442,00442,Obrechies,2022,245,46,199,196,18.78,LE PEN,MACRON,MÉLENCHON,ZEMMOUR,ROUSSEL,41.84,26.53,10.71,6.63,3.06,DROITE,CENTRE,GAUCHE,DROITE,GAUCHE,26.53,2.55,53.06,17.86,0.0,26620.0,52.82,0.0,0.0,273,279,DROITE,0,LE PEN
59445,00445,Ohain,2022,918,281,637,622,30.61,LE PEN,MACRON,MÉLENCHON,ZEMMOUR,LASSALLE,45.66,19.29,15.59,5.47,3.22,DROITE,CENTRE,GAUCHE,DROITE,DIVERS,19.29,3.22,55.63,21.86,17.66,20620.0,53.01,0.0,0.0,1188,1206,DROITE,0,LE PEN
59483,00483,Quiévelon,2022,114,30,84,81,26.32,LE PEN,MACRON,ZEMMOUR,PÉCRESSE,MÉLENCHON,34.57,30.86,13.58,7.41,6.17,DROITE,CENTRE,DROITE,DROITE,GAUCHE,30.86,2.47,59.26,7.41,15.38,23170.0,51.96,0.0,0.0,137,139,DROITE,0,LE PEN
59493,00493,Ramousies,2022,176,41,135,127,23.3,LE PEN,MACRON,MÉLENCHON,ZEMMOUR,ROUSSEL,45.67,25.2,12.6,6.3,3.94,DROITE,CENTRE,GAUCHE,DROITE,GAUCHE,25.2,1.57,55.12,18.11,5.26,20630.0,48.52,0.0,0.0,227,228,DROITE,0,LE PEN
59495,00495,Recquignies,2022,1720,637,1083,1064,37.03,LE PEN,MÉLENCHON,MACRON,ZEMMOUR,ROUSSEL,48.03,17.29,14.94,7.05,4.51,DROITE,GAUCHE,CENTRE,DROITE,GAUCHE,14.94,2.16,58.55,24.34,16.58,18560.0,48.22,12.61,30.0,2420,2436,DROITE,0,LE PEN
59514,00514,Rousies,2022,2789,646,2143,2107,23.16,LE PEN,MACRON,MÉLENCHON,ZEMMOUR,ROUSSEL,39.91,20.65,15.9,8.31,3.37,DROITE,CENTRE,GAUCHE,DROITE,GAUCHE,20.65,1.99,53.39,23.97,14.74,21260.0,52.77,33.12,133.0,4043,4095,DROITE,0,LE PEN
59529,00529,Saint-Aubin,2022,252,59,193,188,23.41,LE PEN,MACRON,MÉLENCHON,ZEMMOUR,LASSALLE,32.98,24.47,14.36,9.57,5.32,DROITE,CENTRE,GAUCHE,DROITE,DIVERS,24.47,5.32,48.94,21.28,3.38,25130.0,53.7,0.0,0.0,347,355,DROITE,0,LE PEN
59534,00534,Saint-Hilaire-sur-Helpe,2022,558,126,432,420,22.58,LE PEN,MACRON,MÉLENCHON,ZEMMOUR,JADOT,33.57,23.57,17.14,5.95,3.81,DROITE,CENTRE,GAUCHE,DROITE,GAUCHE,23.57,3.1,45.48,27.86,10.31,21320.0,54.87,0.0,0.0,800,823,DROITE,0,LE PEN
59548,00548,Saint-Waast,2022,505,97,408,396,19.21,LE PEN,MACRON,MÉLENCHON,ZEMMOUR,LASSALLE,35.1,22.73,16.67,11.36,4.04,DROITE,CENTRE,GAUCHE,DROITE,DIVERS,22.73,4.04,51.01,22.22,5.84,24400.0,51.49,0.0,0.0,658,668,DROITE,0,LE PEN
59555,00555,Sars-Poteries,2022,997,346,651,635,34.7,LE PEN,MACRON,MÉLENCHON,ZEMMOUR,PÉCRESSE,42.2,23.15,16.06,5.2,2.52,DROITE,CENTRE,GAUCHE,DROITE,DROITE,23.15,2.2,51.97,22.68,18.08,18120.0,50.35,8.5,12.0,1420,1434,DROITE,0,LE PEN
59562,00562,Sémeries,2022,427,87,340,334,20.37,LE PEN,MACRON,MÉLENCHON,ZEMMOUR,ROUSSEL,36.83,24.55,12.28,6.29,5.09,DROITE,CENTRE,GAUCHE,DROITE,GAUCHE,24.55,3.89,47.9,23.65,11.32,22490.0,49.16,0.0,0.0,533,540,DROITE,0,LE PEN
59563,00563,Semousies,2022,204,52,152,148,25.49,LE PEN,MACRON,MÉLENCHON,ZEMMOUR,PÉCRESSE,39.86,29.73,11.49,6.76,5.41,DROITE,CENTRE,GAUCHE,DROITE,DROITE,29.73,2.03,53.38,14.86,5.0,26140.0,49.7,0.0,0.0,232,238,DROITE,0,LE PEN
59572,00572,Solre-le-Château,2022,1281,395,886,866,30.84,LE PEN,MACRON,MÉLENCHON,ZEMMOUR,PÉCRESSE,35.1,28.98,15.82,5.31,4.97,DROITE,CENTRE,GAUCHE,DROITE,DROITE,28.98,1.39,46.65,22.98,20.06,20420.0,53.2,7.26,13.0,1776,1796,DROITE,0,LE PEN
59573,00573,Solrinnes,2022,91,22,69,68,24.18,LE PEN,MACRON,MÉLENCHON,ZEMMOUR,JADOT,42.65,22.06,10.29,8.82,5.88,DROITE,CENTRE,GAUCHE,DROITE,GAUCHE,22.06,1.47,58.82,17.65,7.69,24580.0,50.49,0.0,0.0,143,146,DROITE,0,LE PEN
59583,00583,Taisnières-en-Thiérache,2022,377,101,276,269,26.79,LE PEN,MACRON,MÉLENCHON,ZEMMOUR,LASSALLE,44.61,15.61,11.15,8.55,6.32,DROITE,CENTRE,GAUCHE,DROITE,DIVERS,15.61,6.32,57.99,20.07,7.15,22420.0,53.62,0.0,0.0,476,480,DROITE,0,LE PEN
59584,00584,Taisnières-sur-Hon,2022,595,172,423,417,28.91,LE PEN,MACRON,MÉLENCHON,ZEMMOUR,PÉCRESSE,35.25,28.78,12.47,11.03,3.36,DROITE,CENTRE,GAUCHE,DROITE,DROITE,28.78,2.16,50.12,18.94,4.73,26230.0,55.2,0.0,0.0,962,974,DROITE,0,LE PEN
59601,00601,Trélon,2022,1857,622,1235,1215,33.49,LE PEN,MACRON,MÉLENCHON,ZEMMOUR,PÉCRESSE,47.65,22.96,12.18,5.51,2.39,DROITE,CENTRE,GAUCHE,DROITE,DROITE,22.96,2.22,56.79,18.02,14.46,19420.0,56.93,21.2,56.0,2679,2746,DROITE,0,LE PEN
59618,00618,Vieux-Reng,2022,539,124,415,413,23.01,LE PEN,MACRON,MÉLENCHON,ZEMMOUR,DUPONT-AIGNAN,47.94,18.16,14.04,7.99,2.66,DROITE,CENTRE,GAUCHE,DROITE,DROITE,18.16,0.48,61.02,20.34,12.72,21470.0,45.1,0.0,0.0,907,913,DROITE,0,LE PEN
59627,00627,Villers-Sire-Nicole,2022,713,213,500,487,29.87,LE PEN,MACRON,MÉLENCHON,ZEMMOUR,PÉCRESSE,47.23,20.53,10.06,6.78,5.34,DROITE,CENTRE,GAUCHE,DROITE,DROITE,20.53,1.64,61.6,16.22,12.76,22460.0,46.73,0.0,0.0,1006,1016,DROITE,0,LE PEN
59633,00633,Wallers-en-Fagne,2022,199,37,162,157,18.59,LE PEN,MACRON,ZEMMOUR,MÉLENCHON,JADOT,47.13,22.29,8.28,7.01,3.82,DROITE,CENTRE,DROITE,GAUCHE,GAUCHE,22.29,2.55,60.51,14.65,11.06,23110.0,48.86,0.0,0.0,280,287,DROITE,0,LE PEN
59649,00649,Wattignies-la-Victoire,2022,208,28,180,177,13.46,MACRON,LE PEN,PÉCRESSE,MÉLENCHON,LASSALLE,33.9,28.81,10.17,7.91,5.08,CENTRE,DROITE,DROITE,GAUCHE,DIVERS,33.9,5.08,45.2,15.82,15.63,24550.0,48.84,0.0,0.0,241,246,CENTRE,1,MACRON
59659,00659,Wignehies,2022,2038,681,1357,1325,33.42,LE PEN,MACRON,MÉLENCHON,ZEMMOUR,ROUSSEL,45.58,18.34,16.0,4.98,4.08,DROITE,CENTRE,GAUCHE,DROITE,GAUCHE,18.34,2.42,55.32,23.92,23.97,17480.0,54.46,25.24,71.0,2821,2839,DROITE,0,LE PEN
59661,00661,Willies,2022,91,16,75,74,17.58,LE PEN,MÉLENCHON,MACRON,ZEMMOUR,DUPONT-AIGNAN,28.38,27.03,18.92,6.76,4.05,DROITE,GAUCHE,CENTRE,DROITE,DROITE,18.92,1.35,40.54,39.19,20.0,17550.0,50.0,0.0,0.0,131,133,DROITE,0,LE PEN
59152,00152,Comines,2022,9744,3206,6538,6413,32.9,LE PEN,MACRON,MÉLENCHON,ZEMMOUR,PÉCRESSE,31.56,27.79,18.4,6.22,4.15,DROITE,CENTRE,GAUCHE,DROITE,DROITE,27.79,1.72,43.85,26.65,11.52,22310.0,56.71,30.52,386.0,12671,12751,DROITE,0,LE PEN
59173,00173,Deûlémont,2022,1501,353,1148,1122,23.52,MACRON,LE PEN,MÉLENCHON,ZEMMOUR,PÉCRESSE,35.74,27.45,13.19,6.42,4.9,CENTRE,DROITE,GAUCHE,DROITE,DROITE,35.74,1.96,41.98,20.32,7.85,26320.0,56.84,3.33,6.0,1819,1844,CENTRE,1,MACRON
59328,00328,Lambersart,2022,20485,4967,15518,15268,24.25,MACRON,MÉLENCHON,LE PEN,JADOT,ZEMMOUR,39.74,21.28,11.68,7.78,6.34,CENTRE,GAUCHE,DROITE,GAUCHE,DROITE,39.74,1.39,24.88,34.0,9.06,28160.0,71.47,36.08,978.0,27121,27563,CENTRE,1,MACRON
59356,00356,Lompret,2022,1779,300,1479,1454,16.86,MACRON,LE PEN,MÉLENCHON,ZEMMOUR,PÉCRESSE,45.05,12.59,12.59,8.32,7.77,CENTRE,DROITE,GAUCHE,DROITE,DROITE,45.05,1.03,30.61,23.31,9.28,34540.0,70.99,18.43,40.0,2182,2227,CENTRE,1,MACRON
59368,00368,La Madeleine,2022,15739,4179,11560,11368,26.55,MACRON,MÉLENCHON,LE PEN,JADOT,ZEMMOUR,36.2,24.87,13.33,7.42,6.18,CENTRE,GAUCHE,DROITE,GAUCHE,DROITE,36.2,1.44,25.35,37.01,11.95,25270.0,73.65,46.3,1026.0,22488,22665,CENTRE,1,MACRON
59386,00386,Marquette-lez-Lille,2022,7854,2069,5785,5672,26.34,MACRON,LE PEN,MÉLENCHON,JADOT,ZEMMOUR,34.17,24.28,20.08,5.04,5.01,CENTRE,DROITE,GAUCHE,GAUCHE,DROITE,34.17,1.3,33.8,30.73,8.77,24500.0,63.99,39.71,465.0,11213,11277,CENTRE,1,MACRON
59457,00457,Pérenchies,2022,6337,1873,4464,4353,29.56,MACRON,LE PEN,MÉLENCHON,ZEMMOUR,JADOT,29.54,28.12,18.61,5.74,5.17,CENTRE,DROITE,GAUCHE,DROITE,GAUCHE,29.54,1.91,38.71,29.84,8.87,23810.0,62.14,31.22,265.0,8519,8582,CENTRE,1,MACRON
59482,00482,Quesnoy-sur-Deûle,2022,5247,1287,3960,3885,24.53,MACRON,LE PEN,MÉLENCHON,ZEMMOUR,JADOT,35.65,24.84,14.72,5.92,5.12,CENTRE,DROITE,GAUCHE,DROITE,GAUCHE,35.65,2.24,36.89,25.23,8.29,25610.0,63.21,23.31,160.0,6920,6979,CENTRE,1,MACRON
59527,00527,Saint-André-lez-Lille,2022,8662,2233,6429,6329,25.78,MACRON,MÉLENCHON,LE PEN,JADOT,ZEMMOUR,35.16,22.45,17.85,6.9,5.25,CENTRE,GAUCHE,DROITE,GAUCHE,DROITE,35.16,1.9,27.79,35.16,9.46,24610.0,66.45,39.2,506.0,12942,13053,CENTRE,1,MACRON
59611,00611,Verlinghem,2022,1987,305,1682,1651,15.35,MACRON,LE PEN,MÉLENCHON,PÉCRESSE,ZEMMOUR,44.28,15.81,11.63,7.69,6.84,CENTRE,DROITE,GAUCHE,DROITE,DROITE,44.28,3.03,31.98,20.71,4.9,30870.0,69.76,14.19,38.0,2673,2732,CENTRE,1,MACRON
59636,00636,Wambrechies,2022,8502,2126,6376,6260,25.01,MACRON,LE PEN,MÉLENCHON,ZEMMOUR,JADOT,39.3,19.63,14.58,7.86,5.89,CENTRE,DROITE,GAUCHE,DROITE,GAUCHE,39.3,1.65,34.28,24.78,8.69,26900.0,66.14,40.15,441.0,10798,10912,CENTRE,1,MACRON
59643,00643,Warneton,2022,194,39,155,154,20.1,MACRON,LE PEN,PÉCRESSE,MÉLENCHON,JADOT,33.77,26.62,11.04,9.09,5.19,CENTRE,DROITE,DROITE,GAUCHE,GAUCHE,33.77,3.9,42.86,19.48,0.0,23690.0,52.1,0.0,0.0,234,239,CENTRE,1,MACRON
59656,00656,Wervicq-Sud,2022,3624,1036,2588,2546,28.59,MACRON,LE PEN,MÉLENCHON,ZEMMOUR,JADOT,33.62,28.16,15.75,6.87,4.2,CENTRE,DROITE,GAUCHE,DROITE,GAUCHE,33.62,1.45,40.97,23.96,12.5,23810.0,58.78,22.95,125.0,5299,5349,CENTRE,1,MACRON
59005,00005,Allennes-les-Marais,2022,2962,668,2294,2246,22.55,LE PEN,MACRON,MÉLENCHON,ZEMMOUR,ROUSSEL,29.43,28.45,15.63,6.54,5.08,DROITE,CENTRE,GAUCHE,DROITE,GAUCHE,28.45,2.36,41.01,28.18,6.64,26280.0,56.85,10.99,39.0,3567,3627,DROITE,0,LE PEN
59011,00011,Annoeullin,2022,7572,2089,5483,5330,27.59,LE PEN,MACRON,MÉLENCHON,ZEMMOUR,JADOT,32.36,29.06,15.82,5.85,4.03,DROITE,CENTRE,GAUCHE,DROITE,GAUCHE,29.06,1.59,43.06,26.29,10.73,23710.0,57.61,44.46,484.0,10780,10879,DROITE,0,LE PEN
59025,00025,Aubers,2022,1485,292,1193,1176,19.66,MACRON,LE PEN,MÉLENCHON,ZEMMOUR,JADOT,35.88,22.96,11.9,7.91,5.61,CENTRE,DROITE,GAUCHE,DROITE,GAUCHE,35.88,2.21,38.78,23.13,4.38,29920.0,66.75,5.15,9.0,1722,1752,CENTRE,1,MACRON
59051,00051,La Bassée,2022,4491,1303,3188,3117,29.01,LE PEN,MACRON,MÉLENCHON,ZEMMOUR,JADOT,37.6,26.37,15.82,5.65,3.3,DROITE,CENTRE,GAUCHE,DROITE,GAUCHE,26.37,1.44,47.42,24.77,10.69,20670.0,57.01,42.83,286.0,6622,6660,DROITE,0,LE PEN
59052,00052,Bauvin,2022,4072,1101,2971,2906,27.04,LE PEN,MACRON,MÉLENCHON,ZEMMOUR,JADOT,40.26,21.37,17.96,4.27,3.3,DROITE,CENTRE,GAUCHE,DROITE,GAUCHE,21.37,2.0,49.04,27.6,11.28,22360.0,53.08,23.81,122.0,4999,5042,DROITE,0,LE PEN
59123,00123,Camphin-en-Carembault,2022,1378,259,1119,1093,18.8,MACRON,LE PEN,MÉLENCHON,ZEMMOUR,JADOT,34.4,26.53,15.0,5.49,5.4,CENTRE,DROITE,GAUCHE,DROITE,GAUCHE,34.4,1.65,39.43,24.52,4.46,26920.0,61.4,8.7,15.0,1714,1730,CENTRE,1,MACRON
59133,00133,Carnin,2022,833,122,711,700,14.65,MACRON,LE PEN,MÉLENCHON,JADOT,ZEMMOUR,33.57,30.57,12.71,6.14,5.57,CENTRE,DROITE,GAUCHE,GAUCHE,DROITE,33.57,2.0,41.29,23.14,7.14,27100.0,64.62,4.56,5.0,1076,1090,CENTRE,1,MACRON
59145,00145,Chemy,2022,636,106,530,522,16.67,MACRON,LE PEN,MÉLENCHON,ZEMMOUR,JADOT,37.36,20.69,17.82,7.28,4.98,CENTRE,DROITE,GAUCHE,DROITE,GAUCHE,37.36,1.15,34.67,26.82,3.81,29310.0,62.48,0.0,0.0,780,792,CENTRE,1,MACRON
59193,00193,Emmerin,2022,2457,548,1909,1882,22.3,MACRON,LE PEN,MÉLENCHON,JADOT,ZEMMOUR,34.06,21.15,20.94,6.27,6.22,CENTRE,DROITE,GAUCHE,GAUCHE,DROITE,34.06,1.54,32.73,31.67,9.13,27020.0,62.75,21.15,64.0,3053,3077,CENTRE,1,MACRON
59250,00250,Fournes-en-Weppes,2022,1801,400,1401,1382,22.21,MACRON,LE PEN,MÉLENCHON,ZEMMOUR,PÉCRESSE,43.49,18.02,10.78,7.31,6.95,CENTRE,DROITE,GAUCHE,DROITE,DROITE,43.49,1.81,34.23,20.48,6.54,29740.0,65.8,5.08,11.0,2190,2297,CENTRE,1,MACRON
59257,00257,Fromelles,2022,859,145,714,695,16.88,MACRON,LE PEN,MÉLENCHON,ZEMMOUR,PÉCRESSE,36.83,23.31,12.09,8.35,6.47,CENTRE,DROITE,GAUCHE,DROITE,DROITE,36.83,2.59,40.29,20.29,2.85,29030.0,58.87,0.0,0.0,1076,1090,CENTRE,1,MACRON
59266,00266,Gondecourt,2022,3338,760,2578,2533,22.77,MACRON,LE PEN,MÉLENCHON,JADOT,ZEMMOUR,33.79,25.38,16.07,5.49,5.37,CENTRE,DROITE,GAUCHE,GAUCHE,DROITE,33.79,2.01,36.36,27.83,5.37,26300.0,62.92,20.25,83.0,4050,4098,CENTRE,1,MACRON
59281,00281,Hantay,2022,892,172,720,694,19.28,MACRON,LE PEN,MÉLENCHON,ZEMMOUR,JADOT,28.24,27.23,18.59,8.21,4.47,CENTRE,DROITE,GAUCHE,DROITE,GAUCHE,28.24,2.16,40.63,28.96,9.67,24950.0,60.3,16.01,20.0,1259,1271,CENTRE,1,MACRON
59286,00286,Haubourdin,2022,9704,2772,6932,6781,28.57,LE PEN,MACRON,MÉLENCHON,ZEMMOUR,JADOT,31.4,25.25,21.8,4.82,4.39,DROITE,CENTRE,GAUCHE,DROITE,GAUCHE,25.25,1.9,40.5,32.36,10.81,21490.0,55.66,45.24,675.0,14757,14864,DROITE,0,LE PEN
59303,00303,Herlies,2022,1842,388,1454,1425,21.06,MACRON,LE PEN,MÉLENCHON,ZEMMOUR,JADOT,35.3,23.44,13.54,7.86,5.05,CENTRE,DROITE,GAUCHE,DROITE,GAUCHE,35.3,1.82,38.39,24.49,8.65,27360.0,62.77,21.42,49.0,2323,2352,CENTRE,1,MACRON
59304,00304,Herrin,2022,332,60,272,259,18.07,MACRON,LE PEN,MÉLENCHON,ZEMMOUR,JADOT,39.38,14.67,11.2,10.81,8.49,CENTRE,DROITE,GAUCHE,DROITE,GAUCHE,39.38,2.32,32.43,25.87,13.33,27820.0,60.7,0.0,0.0,423,431,CENTRE,1,MACRON
59316,00316,Houplin-Ancoisne,2022,2692,589,2103,2067,21.88,MACRON,LE PEN,MÉLENCHON,JADOT,ZEMMOUR,29.51,27.67,16.45,7.4,6.24,CENTRE,DROITE,GAUCHE,GAUCHE,DROITE,29.51,1.89,39.09,29.51,6.8,25620.0,62.56,52.71,174.0,3275,3324,CENTRE,1,MACRON
59320,00320,Illies,2022,1135,208,927,903,18.33,LE PEN,MACRON,MÉLENCHON,ZEMMOUR,ROUSSEL,34.33,30.12,12.85,6.87,4.65,DROITE,CENTRE,GAUCHE,DROITE,GAUCHE,30.12,1.11,45.63,23.15,5.99,24770.0,58.54,13.63,23.0,1664,1680,DROITE,0,LE PEN
59343,00343,Lesquin,2022,6044,1318,4726,4607,21.81,MACRON,LE PEN,MÉLENCHON,ZEMMOUR,JADOT,33.19,24.68,18.86,6.29,5.95,CENTRE,DROITE,GAUCHE,DROITE,GAUCHE,33.19,1.45,35.49,29.87,9.47,25570.0,62.25,68.3,639.0,9241,9328,CENTRE,1,MACRON
59388,00388,Marquillies,2022,1601,415,1186,1159,25.92,MACRON,LE PEN,MÉLENCHON,ROUSSEL,JADOT,30.72,26.49,16.82,6.21,5.35,CENTRE,DROITE,GAUCHE,GAUCHE,GAUCHE,30.72,1.12,36.67,31.49,10.49,26720.0,62.89,9.13,18.0,1982,2005,CENTRE,1,MACRON
59437,00437,Noyelles-lès-Seclin,2022,670,117,553,544,17.46,MACRON,MÉLENCHON,LE PEN,ZEMMOUR,JADOT,38.05,18.38,16.91,6.07,5.88,CENTRE,GAUCHE,DROITE,DROITE,GAUCHE,38.05,2.02,29.23,30.7,8.22,28500.0,64.23,17.88,15.0,845,860,CENTRE,1,MACRON
59477,00477,Provin,2022,3239,800,2439,2389,24.7,LE PEN,MACRON,MÉLENCHON,ZEMMOUR,JADOT,39.35,23.44,15.32,6.49,2.97,DROITE,CENTRE,GAUCHE,DROITE,GAUCHE,23.44,1.47,50.57,24.53,10.39,22130.0,54.53,23.56,105.0,4469,4512,DROITE,0,LE PEN
59524,00524,Sainghin-en-Weppes,2022,4375,1063,3312,3230,24.3,MACRON,LE PEN,MÉLENCHON,ZEMMOUR,JADOT,31.18,29.04,15.98,5.23,5.08,CENTRE,DROITE,GAUCHE,DROITE,GAUCHE,31.18,2.17,39.57,27.09,7.04,24770.0,59.92,18.54,105.0,5641,5693,CENTRE,1,MACRON
59550,00550,Salomé,2022,2368,581,1787,1750,24.54,LE PEN,MACRON,MÉLENCHON,ZEMMOUR,JADOT,39.94,20.86,17.43,5.2,3.77,DROITE,CENTRE,GAUCHE,DROITE,GAUCHE,20.86,1.94,49.09,28.11,7.62,22610.0,54.46,19.58,61.0,3051,3083,DROITE,0,LE PEN
59553,00553,Santes,2022,4733,989,3744,3675,20.9,MACRON,LE PEN,MÉLENCHON,ZEMMOUR,JADOT,35.92,24.73,14.48,6.86,4.41,CENTRE,DROITE,GAUCHE,DROITE,GAUCHE,35.92,1.61,37.66,24.82,6.26,26460.0,61.02,24.4,138.0,5660,5720,CENTRE,1,MACRON
59560,00560,Seclin,2022,8830,2364,6466,6357,26.77,LE PEN,MACRON,MÉLENCHON,ZEMMOUR,ROUSSEL,29.24,26.41,21.83,5.22,4.62,DROITE,CENTRE,GAUCHE,DROITE,GAUCHE,26.41,1.56,38.45,33.59,12.57,22460.0,62.31,82.08,1068.0,12834,12928,DROITE,0,LE PEN
59585,00585,Templemars,2022,2800,631,2169,2134,22.54,MACRON,LE PEN,MÉLENCHON,ZEMMOUR,JADOT,31.16,25.16,19.78,6.33,5.76,CENTRE,DROITE,GAUCHE,DROITE,GAUCHE,31.16,1.17,36.41,31.26,7.48,26250.0,62.8,33.88,123.0,3635,3671,CENTRE,1,MACRON
59609,00609,Vendeville,2022,1401,330,1071,1055,23.55,MACRON,LE PEN,MÉLENCHON,ZEMMOUR,JADOT,36.68,23.03,15.73,6.82,5.31,CENTRE,DROITE,GAUCHE,DROITE,GAUCHE,36.68,1.42,36.11,25.78,5.09,29430.0,67.36,13.62,22.0,1546,1568,CENTRE,1,MACRON
59648,00648,Wattignies,2022,9188,2279,6909,6807,24.8,MACRON,MÉLENCHON,LE PEN,ZEMMOUR,JADOT,30.28,28.24,20.05,5.46,4.69,CENTRE,GAUCHE,DROITE,DROITE,GAUCHE,30.28,1.66,30.4,37.67,13.4,21990.0,63.44,47.6,750.0,15531,15735,CENTRE,1,MACRON
59653,00653,Wavrin,2022,6126,1553,4573,4481,25.35,LE PEN,MACRON,MÉLENCHON,ZEMMOUR,JADOT,30.77,28.12,17.12,4.98,4.89,DROITE,CENTRE,GAUCHE,DROITE,GAUCHE,28.12,2.01,41.02,28.86,11.13,23980.0,56.75,37.68,293.0,7773,7829,DROITE,0,LE PEN
59658,00658,Wicres,2022,358,51,307,302,14.25,MACRON,LE PEN,MÉLENCHON,PÉCRESSE,ZEMMOUR,30.13,19.87,15.89,8.94,8.61,CENTRE,DROITE,GAUCHE,DROITE,DROITE,30.13,2.32,40.73,26.82,6.56,27320.0,64.79,0.0,0.0,544,551,CENTRE,1,MACRON
59670,00670,Don,2022,1044,200,844,827,19.16,MACRON,LE PEN,MÉLENCHON,ZEMMOUR,JADOT,30.11,29.38,17.17,5.93,5.32,CENTRE,DROITE,GAUCHE,DROITE,GAUCHE,30.11,0.97,39.66,29.26,1.61,24970.0,58.34,3.57,5.0,1412,1425,CENTRE,1,MACRON
59004,00004,Aix,2022,967,154,813,799,15.93,MACRON,LE PEN,MÉLENCHON,PÉCRESSE,ZEMMOUR,37.8,24.91,11.76,8.14,6.38,CENTRE,DROITE,GAUCHE,DROITE,DROITE,37.8,2.25,41.18,18.77,3.91,29290.0,62.86,0.0,0.0,1358,1368,CENTRE,1,MACRON
59013,00013,Anstaing,2022,1239,251,988,968,20.26,MACRON,MÉLENCHON,LE PEN,JADOT,ROUSSEL,34.81,20.45,19.52,5.48,5.17,CENTRE,GAUCHE,DROITE,GAUCHE,GAUCHE,34.81,1.65,28.72,34.81,5.2,27530.0,65.11,10.35,17.0,1601,1626,CENTRE,1,MACRON
59022,00022,Attiches,2022,1894,412,1482,1443,21.75,MACRON,LE PEN,MÉLENCHON,ZEMMOUR,JADOT,32.85,26.26,15.11,7.21,5.13,CENTRE,DROITE,GAUCHE,DROITE,GAUCHE,32.85,1.73,39.15,26.26,10.06,27220.0,63.54,14.73,33.0,2238,2268,CENTRE,1,MACRON
59029,00029,Auchy-lez-Orchies,2022,1107,233,874,858,21.05,MACRON,LE PEN,MÉLENCHON,PÉCRESSE,ZEMMOUR,34.85,24.01,14.1,7.11,6.76,CENTRE,DROITE,GAUCHE,DROITE,DROITE,34.85,1.98,39.51,23.66,5.08,26860.0,64.12,3.24,5.0,1486,1506,CENTRE,1,MACRON
59034,00034,Avelin,2022,2205,391,1814,1790,17.73,MACRON,LE PEN,MÉLENCHON,ZEMMOUR,PÉCRESSE,41.56,24.58,10.0,6.09,4.97,CENTRE,DROITE,GAUCHE,DROITE,DROITE,41.56,1.68,37.26,19.5,4.06,29820.0,67.07,31.07,80.0,2600,2642,CENTRE,1,MACRON
59042,00042,Bachy,2022,1341,189,1152,1128,14.09,MACRON,LE PEN,MÉLENCHON,JADOT,ZEMMOUR,37.68,22.07,14.89,6.83,6.56,CENTRE,DROITE,GAUCHE,GAUCHE,DROITE,37.68,2.57,33.69,26.06,5.56,27800.0,61.41,0.0,0.0,1883,1915,CENTRE,1,MACRON
59044,00044,Baisieux,2022,4053,1022,3031,2967,25.22,MACRON,LE PEN,MÉLENCHON,ZEMMOUR,JADOT,38.05,23.32,15.37,5.73,4.82,CENTRE,DROITE,GAUCHE,DROITE,GAUCHE,38.05,1.72,34.45,25.78,6.04,26930.0,65.98,19.59,105.0,5177,5224,CENTRE,1,MACRON
59071,00071,Bersée,2022,1966,378,1588,1561,19.23,MACRON,LE PEN,MÉLENCHON,ZEMMOUR,PÉCRESSE,38.05,23.64,11.79,6.53,5.7,CENTRE,DROITE,GAUCHE,DROITE,DROITE,38.05,2.24,37.54,22.17,7.22,28630.0,62.23,7.86,18.0,2296,2345,CENTRE,1,MACRON
59080,00080,Beuvry-la-Forêt,2022,2309,531,1778,1735,23.0,LE PEN,MACRON,MÉLENCHON,ROUSSEL,ZEMMOUR,31.35,28.93,15.5,5.01,4.78,DROITE,CENTRE,GAUCHE,GAUCHE,DROITE,28.93,1.9,42.31,26.86,5.63,26270.0,60.14,16.13,46.0,2834,2875,DROITE,0,LE PEN
59096,00096,Bourghelles,2022,1327,263,1064,1048,19.82,MACRON,LE PEN,MÉLENCHON,ZEMMOUR,PÉCRESSE,39.22,19.85,14.31,6.97,5.63,CENTRE,DROITE,GAUCHE,DROITE,DROITE,39.22,2.39,34.64,23.76,4.61,29630.0,67.28,0.0,0.0,1673,1713,CENTRE,1,MACRON
59106,00106,Bouvines,2022,616,108,508,498,17.53,MACRON,MÉLENCHON,LE PEN,JADOT,PÉCRESSE,45.38,19.68,12.85,5.42,5.42,CENTRE,GAUCHE,DROITE,GAUCHE,DROITE,45.38,1.81,24.9,27.91,13.98,29690.0,70.66,6.53,5.0,755,769,CENTRE,1,MACRON
59124,00124,Camphin-en-Pévèle,2022,1904,426,1478,1451,22.37,MACRON,LE PEN,MÉLENCHON,ZEMMOUR,JADOT,40.52,21.02,12.61,7.79,5.93,CENTRE,DROITE,GAUCHE,DROITE,GAUCHE,40.52,1.59,35.7,22.19,5.31,30120.0,68.33,9.58,24.0,2501,2571,CENTRE,1,MACRON
59129,00129,Cappelle-en-Pévèle,2022,1798,379,1419,1382,21.08,MACRON,LE PEN,MÉLENCHON,JADOT,ZEMMOUR,36.47,24.17,13.24,6.22,5.35,CENTRE,DROITE,GAUCHE,GAUCHE,DROITE,36.47,2.1,35.09,26.34,3.77,27300.0,64.91,7.53,17.0,2262,2308,CENTRE,1,MACRON
59146,00146,Chéreng,2022,2540,440,2100,2063,17.32,MACRON,LE PEN,MÉLENCHON,ZEMMOUR,JADOT,42.12,16.82,16.0,6.45,5.77,CENTRE,DROITE,GAUCHE,DROITE,GAUCHE,42.12,1.45,30.05,26.37,6.27,31250.0,67.79,18.42,56.0,3001,3043,CENTRE,1,MACRON
59150,00150,Cobrieux,2022,458,72,386,380,15.72,MACRON,LE PEN,JADOT,MÉLENCHON,ZEMMOUR,41.84,18.16,11.58,8.42,7.37,CENTRE,DROITE,GAUCHE,GAUCHE,DROITE,41.84,2.89,31.05,24.21,9.62,30350.0,68.08,0.0,0.0,544,551,CENTRE,1,MACRON
59158,00158,Coutiches,2022,2446,451,1995,1967,18.44,MACRON,LE PEN,MÉLENCHON,ZEMMOUR,PÉCRESSE,31.93,28.47,15.2,6.25,4.42,CENTRE,DROITE,GAUCHE,DROITE,DROITE,31.93,2.85,41.69,23.54,5.28,27150.0,61.87,8.68,29.0,3246,3285,CENTRE,1,MACRON
59168,00168,Cysoing,2022,3961,881,3080,3013,22.24,MACRON,LE PEN,MÉLENCHON,ZEMMOUR,JADOT,37.11,20.21,14.54,7.53,5.61,CENTRE,DROITE,GAUCHE,DROITE,GAUCHE,37.11,1.79,34.82,26.29,8.53,27570.0,65.92,26.92,127.0,4722,4787,CENTRE,1,MACRON
59197,00197,Ennevelin,2022,1891,355,1536,1510,18.77,MACRON,LE PEN,MÉLENCHON,ZEMMOUR,JADOT,35.96,21.72,15.3,6.56,6.23,CENTRE,DROITE,GAUCHE,DROITE,GAUCHE,35.96,2.65,34.9,26.49,4.74,29330.0,64.94,9.52,23.0,2356,2385,CENTRE,1,MACRON
59222,00222,Faumont,2022,1825,385,1440,1402,21.1,MACRON,LE PEN,MÉLENCHON,JADOT,ZEMMOUR,33.59,31.03,11.55,5.14,4.71,CENTRE,DROITE,GAUCHE,GAUCHE,DROITE,33.59,3.14,40.16,23.11,6.88,27700.0,59.14,10.2,23.0,2251,2297,CENTRE,1,MACRON
59247,00247,Forest-sur-Marque,2022,1272,272,1000,980,21.38,MACRON,LE PEN,MÉLENCHON,ZEMMOUR,JADOT,41.94,17.55,17.24,6.63,5.92,CENTRE,DROITE,GAUCHE,DROITE,GAUCHE,41.94,1.73,27.65,28.67,6.83,28160.0,71.11,30.12,50.0,1659,1682,CENTRE,1,MACRON
59256,00256,Fretin,2022,2487,534,1953,1910,21.47,MACRON,LE PEN,MÉLENCHON,JADOT,ZEMMOUR,32.2,22.15,20.16,5.76,4.87,CENTRE,DROITE,GAUCHE,GAUCHE,DROITE,32.2,2.41,32.57,32.83,5.88,26580.0,62.71,30.43,98.0,3227,3261,CENTRE,1,MACRON
59258,00258,Genech,2022,1928,364,1564,1535,18.88,MACRON,LE PEN,MÉLENCHON,ZEMMOUR,JADOT,40.91,18.37,14.72,6.19,5.47,CENTRE,DROITE,GAUCHE,DROITE,GAUCHE,40.91,2.35,30.81,25.93,4.37,28530.0,64.38,12.1,34.0,2825,3465,CENTRE,1,MACRON
59275,00275,Gruson,2022,1052,170,882,867,16.16,MACRON,LE PEN,MÉLENCHON,PÉCRESSE,ZEMMOUR,49.6,12.46,10.84,7.38,6.57,CENTRE,DROITE,GAUCHE,DROITE,DROITE,49.6,1.73,28.72,19.95,8.97,35560.0,73.5,0.0,0.0,1237,1272,CENTRE,1,MACRON
59330,00330,Landas,2022,2099,447,1652,1618,21.3,MACRON,LE PEN,MÉLENCHON,ZEMMOUR,PÉCRESSE,32.26,26.33,13.04,6.55,5.25,CENTRE,DROITE,GAUCHE,DROITE,DROITE,32.26,3.28,40.79,23.67,4.56,27410.0,62.92,15.31,38.0,2447,2488,CENTRE,1,MACRON
59364,00364,Louvil,2022,662,89,573,565,13.44,MACRON,MÉLENCHON,LE PEN,JADOT,PÉCRESSE,47.61,12.74,11.33,9.73,6.9,CENTRE,GAUCHE,DROITE,GAUCHE,DROITE,47.61,0.71,25.13,26.55,9.09,31920.0,71.05,0.0,0.0,895,907,CENTRE,1,MACRON
59398,00398,Mérignies,2022,2651,422,2229,2188,15.92,MACRON,LE PEN,MÉLENCHON,ZEMMOUR,PÉCRESSE,47.58,17.82,9.69,8.82,6.31,CENTRE,DROITE,GAUCHE,DROITE,DROITE,47.58,1.14,34.32,16.96,4.0,35880.0,69.91,24.17,84.0,3360,3499,CENTRE,1,MACRON
59408,00408,Moncheaux,2022,1301,279,1022,1004,21.45,MACRON,LE PEN,MÉLENCHON,ZEMMOUR,JADOT,34.66,25.1,13.94,6.77,5.58,CENTRE,DROITE,GAUCHE,DROITE,GAUCHE,34.66,1.99,37.85,25.5,4.92,27510.0,61.26,4.75,8.0,1703,1729,CENTRE,1,MACRON
59411,00411,Mons-en-Pévèle,2022,1806,479,1327,1304,26.52,MACRON,LE PEN,MÉLENCHON,JADOT,ZEMMOUR,36.81,20.78,15.57,7.44,6.83,CENTRE,DROITE,GAUCHE,GAUCHE,DROITE,36.81,1.61,33.97,27.61,6.5,28460.0,62.84,10.11,21.0,2089,2127,CENTRE,1,MACRON
59419,00419,Mouchin,2022,1000,137,863,843,13.7,MACRON,LE PEN,MÉLENCHON,ZEMMOUR,JADOT,34.88,24.91,9.73,6.29,5.81,CENTRE,DROITE,GAUCHE,DROITE,GAUCHE,34.88,2.49,38.67,23.96,4.93,28110.0,62.74,18.42,27.0,1441,1462,CENTRE,1,MACRON
59427,00427,La Neuville,2022,536,131,405,397,24.44,MACRON,LE PEN,MÉLENCHON,ZEMMOUR,PÉCRESSE,34.51,25.19,12.34,9.32,5.54,CENTRE,DROITE,GAUCHE,DROITE,DROITE,34.51,2.52,42.57,20.4,11.37,28610.0,66.0,0.0,0.0,620,632,CENTRE,1,MACRON
59435,00435,Nomain,2022,2119,456,1663,1618,21.52,MACRON,LE PEN,MÉLENCHON,ZEMMOUR,PÉCRESSE,36.53,21.26,13.91,8.34,5.87,CENTRE,DROITE,GAUCHE,DROITE,DROITE,36.53,2.41,37.52,23.55,5.32,27050.0,61.58,11.84,31.0,2585,2621,CENTRE,1,MACRON
59449,00449,Orchies,2022,6853,1884,4969,4863,27.49,LE PEN,MACRON,MÉLENCHON,ZEMMOUR,ROUSSEL,32.63,25.85,17.15,5.51,4.85,DROITE,CENTRE,GAUCHE,DROITE,GAUCHE,25.85,1.91,43.04,29.2,12.43,22160.0,58.41,72.23,606.0,8455,8596,DROITE,0,LE PEN
59452,00452,Ostricourt,2022,4016,1200,2816,2760,29.88,LE PEN,MÉLENCHON,MACRON,ZEMMOUR,JADOT,33.59,31.27,16.56,5.54,2.54,DROITE,GAUCHE,CENTRE,DROITE,GAUCHE,16.56,1.74,42.5,39.2,17.55,19000.0,55.77,32.42,195.0,5829,5859,DROITE,0,LE PEN
59458,00458,Péronne-en-Mélantois,2022,736,90,646,634,12.23,MACRON,LE PEN,MÉLENCHON,ZEMMOUR,JADOT,36.28,20.66,12.78,8.52,6.47,CENTRE,DROITE,GAUCHE,DROITE,GAUCHE,36.28,2.68,37.38,23.66,13.15,30020.0,64.96,0.0,0.0,1004,1026,CENTRE,1,MACRON
59462,00462,Phalempin,2022,3840,770,3070,3007,20.05,MACRON,LE PEN,MÉLENCHON,ZEMMOUR,PÉCRESSE,36.05,21.68,16.99,6.05,5.99,CENTRE,DROITE,GAUCHE,DROITE,DROITE,36.05,2.03,35.52,26.41,8.47,26850.0,64.81,26.73,130.0,4849,4899,CENTRE,1,MACRON
59466,00466,Pont-à-Marcq,2022,2272,484,1788,1751,21.3,MACRON,LE PEN,MÉLENCHON,ZEMMOUR,JADOT,34.78,25.41,16.45,5.94,4.63,CENTRE,DROITE,GAUCHE,DROITE,GAUCHE,34.78,2.86,36.21,26.16,6.13,25610.0,64.65,16.37,50.0,2883,2971,CENTRE,1,MACRON
59522,00522,Sailly-lez-Lannoy,2022,1581,300,1281,1266,18.98,MACRON,LE PEN,MÉLENCHON,JADOT,ZEMMOUR,46.52,14.93,12.4,6.95,6.71,CENTRE,DROITE,GAUCHE,GAUCHE,DROITE,46.52,1.66,28.04,23.78,7.84,29860.0,68.23,17.56,34.0,1949,1988,CENTRE,1,MACRON
59523,00523,Sainghin-en-Mélantois,2022,2245,449,1796,1775,20.0,MACRON,LE PEN,MÉLENCHON,PÉCRESSE,JADOT,41.18,16.56,14.08,7.27,7.04,CENTRE,DROITE,GAUCHE,DROITE,GAUCHE,41.18,1.63,32.06,25.13,5.14,31510.0,74.33,24.26,69.0,2848,2886,CENTRE,1,MACRON
59551,00551,Saméon,2022,1298,281,1017,995,21.65,MACRON,LE PEN,MÉLENCHON,PÉCRESSE,ZEMMOUR,36.38,24.52,12.86,5.23,5.13,CENTRE,DROITE,GAUCHE,DROITE,DROITE,36.38,1.41,37.29,24.92,2.49,28830.0,66.27,0.0,0.0,1738,1762,CENTRE,1,MACRON
59586,00586,Templeuve-en-Pévèle,2022,5399,1192,4207,4125,22.08,MACRON,LE PEN,MÉLENCHON,ZEMMOUR,JADOT,35.03,22.45,15.27,6.18,5.94,CENTRE,DROITE,GAUCHE,DROITE,GAUCHE,35.03,2.38,35.39,27.2,6.92,26780.0,63.0,30.23,211.0,6705,6803,CENTRE,1,MACRON
59592,00592,Thumeries,2022,3213,749,2464,2433,23.31,LE PEN,MACRON,MÉLENCHON,ZEMMOUR,PÉCRESSE,33.09,28.52,15.5,6.78,3.66,DROITE,CENTRE,GAUCHE,DROITE,DROITE,28.52,1.73,45.46,24.29,7.77,25030.0,59.59,16.09,66.0,4029,4078,DROITE,0,LE PEN
59600,00600,Tourmignies,2022,703,127,576,565,18.07,MACRON,LE PEN,MÉLENCHON,JADOT,ZEMMOUR,35.93,22.48,13.1,6.73,6.55,CENTRE,DROITE,GAUCHE,GAUCHE,DROITE,35.93,1.95,37.88,24.25,12.65,29900.0,64.64,0.0,0.0,947,963,CENTRE,1,MACRON
59602,00602,Tressin,2022,1113,253,860,844,22.73,MACRON,LE PEN,MÉLENCHON,JADOT,ZEMMOUR,40.4,15.52,14.34,8.29,5.21,CENTRE,DROITE,GAUCHE,GAUCHE,DROITE,40.4,1.66,28.55,29.38,5.88,29900.0,66.11,6.47,9.0,1395,1434,CENTRE,1,MACRON
59630,00630,Wahagnies,2022,2003,481,1522,1490,24.01,LE PEN,MACRON,MÉLENCHON,ZEMMOUR,JADOT,32.82,25.91,15.91,6.51,4.5,DROITE,CENTRE,GAUCHE,DROITE,GAUCHE,25.91,2.35,44.43,27.32,12.36,23630.0,55.57,8.86,23.0,2605,2655,DROITE,0,LE PEN
59638,00638,Wannehain,2022,960,192,768,756,20.0,MACRON,LE PEN,MÉLENCHON,ZEMMOUR,JADOT,29.23,24.07,18.78,7.54,5.16,CENTRE,DROITE,GAUCHE,DROITE,GAUCHE,29.23,3.04,38.49,29.23,9.56,26830.0,61.63,3.75,5.0,1331,1344,CENTRE,1,MACRON
59660,00660,Willems,2022,2416,546,1870,1838,22.6,MACRON,LE PEN,MÉLENCHON,ZEMMOUR,JADOT,33.08,25.3,15.18,6.09,5.33,CENTRE,DROITE,GAUCHE,DROITE,GAUCHE,33.08,2.18,38.41,26.33,8.11,25680.0,65.4,24.92,74.0,2996,3026,CENTRE,1,MACRON
59163,00163,Croix,2022,13940,3597,10343,10183,25.8,MACRON,MÉLENCHON,LE PEN,ZEMMOUR,JADOT,32.51,24.74,16.98,6.88,5.96,CENTRE,GAUCHE,DROITE,DROITE,GAUCHE,32.51,1.43,31.02,35.04,13.83,23360.0,67.06,47.62,998.0,20778,21016,CENTRE,1,MACRON
59299,00299,Hem,2022,13885,3795,10090,9922,27.33,MACRON,MÉLENCHON,LE PEN,ZEMMOUR,JADOT,32.64,29.52,16.57,5.5,4.63,CENTRE,GAUCHE,DROITE,DROITE,GAUCHE,32.64,1.47,27.9,37.99,15.44,23140.0,65.76,41.77,776.0,18713,18869,CENTRE,1,MACRON
59332,00332,Lannoy,2022,1145,408,737,723,35.63,MACRON,LE PEN,MÉLENCHON,ZEMMOUR,JADOT,28.22,25.86,24.07,6.78,3.73,CENTRE,DROITE,GAUCHE,DROITE,GAUCHE,28.22,0.97,37.48,33.33,16.3,19710.0,58.19,35.73,64.0,1800,1808,CENTRE,1,MACRON
59339,00339,Leers,2022,8266,2374,5892,5763,28.72,MACRON,LE PEN,MÉLENCHON,ZEMMOUR,JADOT,31.2,29.17,17.39,6.23,3.8,CENTRE,DROITE,GAUCHE,DROITE,GAUCHE,31.2,1.84,40.73,26.24,7.9,24390.0,56.97,53.06,507.0,9588,9668,CENTRE,1,MACRON
59367,00367,Lys-lez-Lannoy,2022,9184,2493,6691,6564,27.15,MACRON,LE PEN,MÉLENCHON,ZEMMOUR,JADOT,29.07,27.39,22.2,5.97,3.44,CENTRE,DROITE,GAUCHE,DROITE,GAUCHE,29.07,1.81,38.44,30.68,11.44,22400.0,56.76,44.9,628.0,13793,13929,CENTRE,1,MACRON
59512,00512,Roubaix,2022,7881,3415,4466,4379,43.33,MÉLENCHON,MACRON,LE PEN,MÉLENCHON,ZEMMOUR,51.29,20.29,14.88,58.87,3.41,GAUCHE,CENTRE,DROITE,GAUCHE,DROITE,124.57,6.53,130.49,368.65,25.47,14580.0,62.99,98.12,9764.0,98892,99314,GAUCHE,1,MÉLENCHON
59598,00598,Toufflers,2022,3415,892,2523,2466,26.12,MACRON,LE PEN,MÉLENCHON,ZEMMOUR,JADOT,32.08,26.93,17.56,5.64,4.42,CENTRE,DROITE,GAUCHE,DROITE,GAUCHE,32.08,3.41,38.52,25.99,8.85,25270.0,57.4,29.77,118.0,3910,3945,CENTRE,1,MACRON
59646,00646,Wasquehal,2022,15627,4125,11502,11307,26.4,MACRON,MÉLENCHON,LE PEN,ZEMMOUR,JADOT,37.25,19.43,17.39,7.08,5.99,CENTRE,GAUCHE,DROITE,DROITE,GAUCHE,37.25,1.57,31.13,30.04,9.49,25910.0,68.24,53.84,1113.0,20836,21062,CENTRE,1,MACRON
59650,00650,Wattrelos,2022,28385,9336,19049,18668,32.89,LE PEN,MÉLENCHON,MACRON,ZEMMOUR,JADOT,32.86,28.53,21.83,5.34,2.28,DROITE,GAUCHE,CENTRE,DROITE,GAUCHE,21.83,1.47,41.1,35.6,15.7,19450.0,55.13,51.61,2110.0,40836,41024,DROITE,0,LE PEN
59090,00090,Bondues,2022,8398,1865,6533,6457,22.21,MACRON,LE PEN,PÉCRESSE,ZEMMOUR,MÉLENCHON,50.78,11.93,10.89,9.54,7.17,CENTRE,DROITE,DROITE,DROITE,GAUCHE,50.78,1.18,34.18,13.86,7.34,34880.0,75.29,37.45,362.0,9713,9896,CENTRE,1,MACRON
59378,00378,Marcq-en-Baroeul,2022,29591,7283,22308,21930,24.61,MACRON,MÉLENCHON,LE PEN,PÉCRESSE,ZEMMOUR,42.07,16.15,11.58,8.78,8.05,CENTRE,GAUCHE,DROITE,DROITE,DROITE,42.07,1.42,29.87,26.64,8.52,29490.0,73.42,43.76,1748.0,39356,40044,CENTRE,1,MACRON
59421,00421,Mouvaux,2022,10400,2532,7868,7748,24.35,MACRON,LE PEN,MÉLENCHON,PÉCRESSE,ZEMMOUR,44.37,14.89,12.47,8.27,7.96,CENTRE,DROITE,GAUCHE,DROITE,DROITE,44.37,1.52,32.99,21.12,7.89,29430.0,70.4,42.98,569.0,13173,13362,CENTRE,1,MACRON
59599,00599,Tourcoing,2022,25602,9686,15916,15642,37.83,MÉLENCHON,LE PEN,MÉLENCHON,MACRON,MACRON,36.82,25.25,35.3,22.23,25.05,GAUCHE,DROITE,GAUCHE,CENTRE,CENTRE,56.83,3.04,76.75,106.33,18.23,18300.0,57.84,63.56,6303.0,99011,99679,GAUCHE,1,MÉLENCHON
59098,00098,Bousbecque,2022,3853,1070,2783,2737,27.77,MACRON,LE PEN,MÉLENCHON,ZEMMOUR,JADOT,35.84,26.12,13.7,7.49,4.68,CENTRE,DROITE,GAUCHE,DROITE,GAUCHE,35.84,1.97,39.61,22.58,8.84,24840.0,56.73,19.17,95.0,4847,4902,CENTRE,1,MACRON
59279,00279,Halluin,2022,14979,4665,10314,10116,31.14,LE PEN,MACRON,MÉLENCHON,ZEMMOUR,JADOT,30.19,28.08,20.78,6.93,3.4,DROITE,CENTRE,GAUCHE,DROITE,GAUCHE,28.08,1.52,41.57,28.83,12.47,21590.0,56.32,39.69,821.0,20829,20964,DROITE,0,LE PEN
59352,00352,Linselles,2022,6715,1716,4999,4910,25.55,MACRON,LE PEN,MÉLENCHON,ZEMMOUR,JADOT,39.92,25.36,11.51,6.35,4.91,CENTRE,DROITE,GAUCHE,DROITE,GAUCHE,39.92,2.0,37.66,20.43,6.06,25380.0,62.33,29.11,238.0,8192,8282,CENTRE,1,MACRON
59426,00426,Neuville-en-Ferrain,2022,8355,2366,5989,5877,28.32,MACRON,LE PEN,MÉLENCHON,ZEMMOUR,JADOT,34.2,27.48,14.48,7.59,4.03,CENTRE,DROITE,GAUCHE,DROITE,GAUCHE,34.2,2.01,40.79,23.0,7.47,25120.0,58.14,45.93,465.0,10160,10228,CENTRE,1,MACRON
59508,00508,Roncq,2022,10812,2957,7855,7700,27.35,MACRON,LE PEN,MÉLENCHON,ZEMMOUR,PÉCRESSE,35.92,23.27,15.03,7.52,4.61,CENTRE,DROITE,GAUCHE,DROITE,DROITE,35.92,1.94,37.26,24.88,6.59,25280.0,60.47,51.03,708.0,13784,13897,CENTRE,1,MACRON
59017,00017,Armentières,2022,17383,6095,11288,11059,35.06,LE PEN,MÉLENCHON,MACRON,ZEMMOUR,ROUSSEL,28.87,25.39,23.07,5.62,4.06,DROITE,GAUCHE,CENTRE,DROITE,GAUCHE,23.07,1.6,38.57,36.77,16.53,18920.0,57.84,60.56,1581.0,25581,25950,DROITE,0,LE PEN
59056,00056,Beaucamps-Ligny,2022,766,135,631,619,17.62,MACRON,LE PEN,MÉLENCHON,ZEMMOUR,PÉCRESSE,43.78,16.8,12.28,7.43,6.95,CENTRE,DROITE,GAUCHE,DROITE,DROITE,43.78,1.62,33.12,21.49,1.2,30650.0,70.87,0.0,0.0,844,867,CENTRE,1,MACRON
59088,00088,Bois-Grenier,2022,1428,315,1113,1081,22.06,MACRON,LE PEN,MÉLENCHON,PÉCRESSE,ZEMMOUR,43.48,18.59,10.36,7.59,7.59,CENTRE,DROITE,GAUCHE,DROITE,DROITE,43.48,1.67,34.41,20.44,3.25,29050.0,64.34,11.77,21.0,1793,1817,CENTRE,1,MACRON
59128,00128,Capinghem,2022,1736,392,1344,1317,22.58,MACRON,LE PEN,MÉLENCHON,ZEMMOUR,JADOT,38.19,20.05,15.87,6.68,5.62,CENTRE,DROITE,GAUCHE,DROITE,GAUCHE,38.19,2.13,34.09,25.59,7.95,26300.0,66.86,51.9,135.0,2474,2506,CENTRE,1,MACRON
59143,00143,La Chapelle-d'Armentières,2022,6272,1572,4700,4603,25.06,MACRON,LE PEN,MÉLENCHON,ZEMMOUR,PÉCRESSE,33.07,26.72,16.27,6.56,4.24,CENTRE,DROITE,GAUCHE,DROITE,DROITE,33.07,1.8,39.28,25.85,10.58,23360.0,59.91,33.82,297.0,8719,8788,CENTRE,1,MACRON
59195,00195,Englos,2022,480,84,396,387,17.5,MACRON,LE PEN,MÉLENCHON,ZEMMOUR,PÉCRESSE,42.89,18.09,14.21,9.56,5.68,CENTRE,DROITE,GAUCHE,DROITE,DROITE,42.89,1.03,35.4,20.67,6.49,30440.0,63.25,436.69,269.0,614,623,CENTRE,1,MACRON
59196,00196,Ennetières-en-Weppes,2022,1081,213,868,853,19.7,MACRON,LE PEN,MÉLENCHON,ZEMMOUR,PÉCRESSE,43.38,16.3,10.55,8.91,6.8,CENTRE,DROITE,GAUCHE,DROITE,DROITE,43.38,2.58,34.58,19.46,6.9,31230.0,65.2,48.14,62.0,1293,1315,CENTRE,1,MACRON
59201,00201,Erquinghem-le-Sec,2022,452,66,386,380,14.6,MACRON,LE PEN,MÉLENCHON,ZEMMOUR,PÉCRESSE,40.53,17.63,12.89,8.68,6.84,CENTRE,DROITE,GAUCHE,DROITE,DROITE,40.53,1.32,34.47,23.68,4.92,30070.0,63.7,0.0,0.0,602,614,CENTRE,1,MACRON
59202,00202,Erquinghem-Lys,2022,3955,1000,2955,2889,25.28,MACRON,LE PEN,MÉLENCHON,ZEMMOUR,JADOT,31.33,29.87,16.2,5.88,3.74,CENTRE,DROITE,GAUCHE,DROITE,GAUCHE,31.33,1.9,40.43,26.34,9.79,23060.0,55.07,22.99,123.0,5356,5402,CENTRE,1,MACRON
59208,00208,Escobecques,2022,254,24,230,230,9.45,MACRON,LE PEN,MÉLENCHON,PÉCRESSE,JADOT,44.35,17.83,9.57,9.57,6.09,CENTRE,DROITE,GAUCHE,DROITE,GAUCHE,44.35,1.74,35.22,18.7,7.72,37210.0,79.12,0.0,0.0,303,312,CENTRE,1,MACRON
59252,00252,Frelinghien,2022,2042,448,1594,1550,21.94,MACRON,LE PEN,MÉLENCHON,ZEMMOUR,JADOT,36.0,26.39,11.81,7.1,5.55,CENTRE,DROITE,GAUCHE,DROITE,GAUCHE,36.0,2.9,39.68,21.42,9.21,25080.0,58.37,14.52,38.0,2581,2604,CENTRE,1,MACRON
59278,00278,Hallennes-lez-Haubourdin,2022,3380,771,2609,2573,22.81,LE PEN,MACRON,MÉLENCHON,ZEMMOUR,JADOT,28.92,28.57,18.23,5.25,4.62,DROITE,CENTRE,GAUCHE,DROITE,GAUCHE,28.57,2.06,39.25,30.12,5.56,24380.0,59.28,35.24,167.0,4718,4756,DROITE,0,LE PEN
59317,00317,Houplines,2022,5809,1813,3996,3917,31.21,LE PEN,MACRON,MÉLENCHON,ZEMMOUR,ROUSSEL,32.37,25.02,19.84,5.59,4.54,DROITE,CENTRE,GAUCHE,DROITE,GAUCHE,25.02,1.68,42.25,31.04,12.26,22140.0,55.15,33.89,268.0,7897,7990,DROITE,0,LE PEN
59371,00371,Le Maisnil,2022,531,92,439,429,17.33,MACRON,LE PEN,ZEMMOUR,MÉLENCHON,JADOT,44.99,14.45,9.32,8.86,7.23,CENTRE,DROITE,DROITE,GAUCHE,GAUCHE,44.99,1.86,31.7,21.45,3.38,34170.0,71.52,0.0,0.0,628,643,CENTRE,1,MACRON
59470,00470,Prémesques,2022,1578,276,1302,1273,17.49,MACRON,LE PEN,MÉLENCHON,ZEMMOUR,JADOT,37.23,21.45,14.14,6.76,5.66,CENTRE,DROITE,GAUCHE,DROITE,GAUCHE,37.23,2.28,35.35,25.14,3.8,28490.0,67.12,7.89,16.0,2060,2091,CENTRE,1,MACRON
59487,00487,Radinghem-en-Weppes,2022,1217,199,1018,995,16.35,MACRON,LE PEN,ZEMMOUR,MÉLENCHON,PÉCRESSE,43.72,16.88,10.75,9.85,6.33,CENTRE,DROITE,DROITE,GAUCHE,DROITE,43.72,2.01,35.38,18.89,5.66,31950.0,66.29,0.0,0.0,1393,1413,CENTRE,1,MACRON
59566,00566,Sequedin,2022,3158,772,2386,2320,24.45,MACRON,LE PEN,MÉLENCHON,ZEMMOUR,JADOT,36.47,27.46,14.66,6.68,3.75,CENTRE,DROITE,GAUCHE,DROITE,GAUCHE,36.47,0.99,39.48,23.06,7.69,25180.0,55.85,52.73,249.0,4762,4800,CENTRE,1,MACRON
59033,00033,Aulnoye-Aymeries,2022,6591,2216,4375,4297,33.62,LE PEN,MÉLENCHON,MACRON,ROUSSEL,ZEMMOUR,37.33,21.27,17.01,11.43,5.05,DROITE,GAUCHE,CENTRE,GAUCHE,DROITE,17.01,1.42,45.26,36.3,21.91,17940.0,50.02,54.3,471.0,8756,8994,DROITE,0,LE PEN
59035,00035,Avesnelles,2022,1854,566,1288,1261,30.53,LE PEN,MACRON,MÉLENCHON,ZEMMOUR,PÉCRESSE,36.32,24.43,15.15,5.55,4.2,DROITE,CENTRE,GAUCHE,DROITE,DROITE,24.43,2.38,48.69,24.5,15.27,20410.0,57.18,27.95,63.0,2280,2326,DROITE,0,LE PEN
59037,00037,Avesnes-les-Aubert,2022,2706,729,1977,1940,26.94,LE PEN,MÉLENCHON,MACRON,ROUSSEL,ZEMMOUR,45.88,15.15,13.81,12.42,4.74,DROITE,GAUCHE,CENTRE,GAUCHE,DROITE,13.81,1.24,54.54,30.41,21.16,19200.0,52.92,32.92,118.0,3606,3647,DROITE,0,LE PEN
59041,00041,Bachant,2022,1696,448,1248,1232,26.42,LE PEN,MÉLENCHON,MACRON,ROUSSEL,ZEMMOUR,44.64,19.24,13.07,10.63,4.63,DROITE,GAUCHE,CENTRE,GAUCHE,DROITE,13.07,1.62,52.19,33.12,14.58,18880.0,44.74,16.92,38.0,2258,2274,DROITE,0,LE PEN
59057,00057,Beaudignies,2022,442,75,367,364,16.97,LE PEN,MACRON,MÉLENCHON,ZEMMOUR,LASSALLE,33.52,24.18,13.46,8.24,4.4,DROITE,CENTRE,GAUCHE,DROITE,DIVERS,24.18,4.4,47.53,23.9,9.09,24550.0,53.0,0.0,0.0,568,572,DROITE,0,LE PEN
59058,00058,Beaufort,2022,765,195,570,555,25.49,LE PEN,MACRON,MÉLENCHON,ZEMMOUR,PÉCRESSE,43.78,24.68,7.39,6.85,5.05,DROITE,CENTRE,GAUCHE,DROITE,DROITE,24.68,3.6,58.74,12.97,3.24,23640.0,51.32,0.0,0.0,1024,1037,DROITE,0,LE PEN
59060,00060,Beaurain,2022,189,31,158,155,16.4,LE PEN,MACRON,MÉLENCHON,ZEMMOUR,LASSALLE,46.45,23.87,9.03,7.74,5.16,DROITE,CENTRE,GAUCHE,DROITE,DIVERS,23.87,5.16,58.71,12.26,10.0,21050.0,52.53,0.0,0.0,233,239,DROITE,0,LE PEN
59061,00061,Beaurepaire-sur-Sambre,2022,169,45,124,122,26.63,LE PEN,MACRON,ZEMMOUR,MÉLENCHON,DUPONT-AIGNAN,40.16,25.41,11.48,9.84,4.1,DROITE,CENTRE,DROITE,GAUCHE,DROITE,25.41,0.0,59.84,14.75,10.47,19570.0,53.99,0.0,0.0,275,277,DROITE,0,LE PEN
59063,00063,Beauvois-en-Cambrésis,2022,1528,432,1096,1075,28.27,LE PEN,MACRON,MÉLENCHON,ZEMMOUR,ROUSSEL,43.07,21.3,15.26,4.84,4.09,DROITE,CENTRE,GAUCHE,DROITE,GAUCHE,21.3,3.16,51.81,23.72,17.01,19610.0,50.19,14.37,28.0,1959,1976,DROITE,0,LE PEN
59068,00068,Berlaimont,2022,2340,737,1603,1567,31.5,LE PEN,MACRON,MÉLENCHON,ZEMMOUR,ROUSSEL,38.74,22.97,15.89,5.81,5.36,DROITE,CENTRE,GAUCHE,DROITE,GAUCHE,22.97,1.91,49.97,25.14,11.8,20240.0,49.78,25.88,82.0,3180,3216,DROITE,0,LE PEN
59069,00069,Bermerain,2022,595,107,488,479,17.98,LE PEN,MACRON,MÉLENCHON,ROUSSEL,ZEMMOUR,41.13,25.68,15.03,4.8,3.34,DROITE,CENTRE,GAUCHE,GAUCHE,DROITE,25.68,2.51,47.6,24.22,14.32,23320.0,55.67,10.28,8.0,763,775,DROITE,0,LE PEN
59075,00075,Béthencourt,2022,558,121,437,422,21.68,LE PEN,MACRON,MÉLENCHON,ZEMMOUR,DUPONT-AIGNAN,45.26,19.91,11.37,5.92,5.21,DROITE,CENTRE,GAUCHE,DROITE,DROITE,19.91,1.9,59.72,18.48,6.35,22110.0,48.28,0.0,0.0,716,721,DROITE,0,LE PEN
59081,00081,Bévillers,2022,452,118,334,326,26.11,LE PEN,MACRON,MÉLENCHON,ZEMMOUR,ROUSSEL,45.09,20.55,16.56,5.52,3.99,DROITE,CENTRE,GAUCHE,DROITE,GAUCHE,20.55,1.53,54.91,23.01,22.22,21020.0,55.1,0.0,0.0,549,561,DROITE,0,LE PEN
59093,00093,Boulogne-sur-Helpe,2022,226,36,190,187,15.93,MACRON,LE PEN,MÉLENCHON,PÉCRESSE,ZEMMOUR,37.97,34.22,11.76,4.28,3.21,CENTRE,DROITE,GAUCHE,DROITE,DROITE,37.97,2.14,44.39,15.51,13.64,21700.0,46.22,0.0,0.0,310,316,CENTRE,1,MACRON
59099,00099,Bousies,2022,1260,308,952,930,24.44,LE PEN,MACRON,MÉLENCHON,ZEMMOUR,ROUSSEL,38.71,21.51,15.81,5.81,4.84,DROITE,CENTRE,GAUCHE,DROITE,GAUCHE,21.51,2.8,49.46,26.24,9.84,20580.0,56.06,10.17,18.0,1771,1798,DROITE,0,LE PEN
59102,00102,Boussières-en-Cambrésis,2022,329,74,255,250,22.49,LE PEN,MACRON,MÉLENCHON,ZEMMOUR,PÉCRESSE,36.4,29.2,9.2,7.2,5.6,DROITE,CENTRE,GAUCHE,DROITE,DROITE,29.2,2.0,52.4,16.4,10.85,20150.0,48.79,0.0,0.0,446,450,DROITE,0,LE PEN
59103,00103,Boussières-sur-Sambre,2022,379,96,283,279,25.33,LE PEN,MACRON,MÉLENCHON,ZEMMOUR,PÉCRESSE,40.5,25.81,12.19,5.38,4.66,DROITE,CENTRE,GAUCHE,DROITE,DROITE,25.81,2.15,51.61,20.43,11.75,24430.0,48.34,0.0,0.0,513,521,DROITE,0,LE PEN
59108,00108,Briastre,2022,522,107,415,409,20.5,LE PEN,MÉLENCHON,MACRON,ZEMMOUR,ROUSSEL,42.3,20.54,19.8,4.65,3.42,DROITE,GAUCHE,CENTRE,DROITE,GAUCHE,19.8,2.2,50.86,27.14,23.45,20340.0,53.0,0.0,0.0,713,720,DROITE,0,LE PEN
59116,00116,Bry,2022,311,64,247,245,20.58,MACRON,LE PEN,MÉLENCHON,ZEMMOUR,ROUSSEL,35.92,24.08,13.47,6.94,4.49,CENTRE,DROITE,GAUCHE,DROITE,GAUCHE,35.92,2.04,37.14,24.9,2.91,29060.0,65.44,0.0,0.0,410,419,CENTRE,1,MACRON
59127,00127,Capelle,2022,133,29,104,103,21.8,MACRON,LE PEN,MÉLENCHON,HIDALGO,DUPONT-AIGNAN,27.18,26.21,16.5,5.83,4.85,CENTRE,DROITE,GAUCHE,GAUCHE,DROITE,27.18,1.94,40.78,30.1,6.25,24390.0,59.22,0.0,0.0,137,142,CENTRE,1,MACRON
59132,00132,Carnières,2022,760,151,609,590,19.87,LE PEN,MACRON,MÉLENCHON,ZEMMOUR,PÉCRESSE,49.32,19.15,12.54,6.27,4.07,DROITE,CENTRE,GAUCHE,DROITE,DROITE,19.15,1.86,60.68,18.31,11.75,21580.0,49.68,0.0,0.0,998,1010,DROITE,0,LE PEN
59134,00134,Cartignies,2022,854,198,656,639,23.19,LE PEN,MACRON,MÉLENCHON,ZEMMOUR,PÉCRESSE,38.81,24.1,9.86,7.98,6.1,DROITE,CENTRE,GAUCHE,DROITE,DROITE,24.1,2.82,55.87,17.21,9.88,21380.0,49.72,0.0,0.0,1260,1269,DROITE,0,LE PEN
59138,00138,Cattenières,2022,518,113,405,396,21.81,LE PEN,MACRON,MÉLENCHON,ZEMMOUR,DUPONT-AIGNAN,44.7,17.42,13.38,7.32,4.29,DROITE,CENTRE,GAUCHE,DROITE,DROITE,17.42,1.01,59.34,22.22,11.23,22060.0,56.99,0.0,0.0,684,693,DROITE,0,LE PEN
59164,00164,Croix-Caluyau,2022,220,60,160,152,27.27,LE PEN,MACRON,MÉLENCHON,ZEMMOUR,LASSALLE,40.79,25.66,15.79,5.26,4.61,DROITE,CENTRE,GAUCHE,DROITE,DIVERS,25.66,4.61,50.0,19.74,12.43,23580.0,55.07,0.0,0.0,239,247,DROITE,0,LE PEN
59187,00187,Eclaibes,2022,237,44,193,186,18.57,MACRON,LE PEN,MÉLENCHON,ZEMMOUR,PÉCRESSE,32.26,30.65,9.68,8.06,5.38,CENTRE,DROITE,GAUCHE,DROITE,DROITE,32.26,2.15,48.92,16.67,4.24,24600.0,52.09,0.0,0.0,265,270,CENTRE,1,MACRON
59188,00188,Ecuélin,2022,103,28,75,72,27.18,LE PEN,MACRON,ZEMMOUR,MÉLENCHON,LASSALLE,48.61,18.06,11.11,6.94,5.56,DROITE,CENTRE,DROITE,GAUCHE,DIVERS,18.06,5.56,63.89,12.5,6.25,24840.0,37.0,0.0,0.0,141,145,DROITE,0,LE PEN
59194,00194,Englefontaine,2022,1009,260,749,731,25.77,LE PEN,MACRON,MÉLENCHON,ZEMMOUR,ROUSSEL,38.03,23.26,15.18,6.57,5.2,DROITE,CENTRE,GAUCHE,DROITE,GAUCHE,23.26,1.92,49.66,25.17,15.93,21400.0,56.0,10.85,14.0,1281,1302,DROITE,0,LE PEN
59204,00204,Escarmain,2022,379,64,315,309,16.89,LE PEN,MACRON,MÉLENCHON,ZEMMOUR,PÉCRESSE,39.16,18.77,16.83,8.09,6.15,DROITE,CENTRE,GAUCHE,DROITE,DROITE,18.77,3.24,55.66,22.33,4.88,23380.0,53.41,0.0,0.0,480,488,DROITE,0,LE PEN
59213,00213,Estourmel,2022,360,55,305,296,15.28,LE PEN,MACRON,MÉLENCHON,ZEMMOUR,ROUSSEL,30.41,29.05,10.14,8.11,6.42,DROITE,CENTRE,GAUCHE,DROITE,GAUCHE,29.05,2.36,47.3,21.28,4.33,25670.0,54.4,0.0,0.0,455,471,DROITE,0,LE PEN
59217,00217,Eth,2022,266,50,216,213,18.8,LE PEN,MACRON,ZEMMOUR,PÉCRESSE,MÉLENCHON,32.39,30.05,6.57,6.1,5.16,DROITE,CENTRE,DROITE,DROITE,GAUCHE,30.05,4.23,49.3,16.43,5.9,33140.0,65.27,0.0,0.0,341,345,DROITE,0,LE PEN
59218,00218,Etroeungt,2022,975,293,682,668,30.05,LE PEN,MACRON,MÉLENCHON,ZEMMOUR,PÉCRESSE,36.23,28.44,9.58,8.38,5.99,DROITE,CENTRE,GAUCHE,DROITE,DROITE,28.44,2.25,53.44,15.87,14.75,21230.0,51.12,0.0,0.0,1273,1288,DROITE,0,LE PEN
59223,00223,Le Favril,2022,377,87,290,284,23.08,LE PEN,MACRON,MÉLENCHON,LASSALLE,ZEMMOUR,38.38,21.13,17.25,6.34,5.63,DROITE,CENTRE,GAUCHE,DIVERS,DROITE,21.13,6.34,47.89,24.65,11.29,21400.0,52.22,0.0,0.0,503,506,DROITE,0,LE PEN
59241,00241,Floyon,2022,378,122,256,247,32.28,LE PEN,MACRON,MÉLENCHON,ZEMMOUR,DUPONT-AIGNAN,43.72,24.29,10.12,5.67,4.05,DROITE,CENTRE,GAUCHE,DROITE,DROITE,24.29,4.05,55.47,16.19,19.51,22090.0,48.11,0.0,0.0,512,526,DROITE,0,LE PEN
59242,00242,Fontaine-au-Bois,2022,520,78,442,433,15.0,LE PEN,MACRON,MÉLENCHON,ZEMMOUR,PÉCRESSE,42.73,20.79,10.39,9.24,4.85,DROITE,CENTRE,GAUCHE,DROITE,DROITE,20.79,3.7,57.74,17.78,7.45,22680.0,49.75,0.0,0.0,695,702,DROITE,0,LE PEN
59243,00243,Fontaine-au-Pire,2022,774,163,611,603,21.06,LE PEN,MACRON,MÉLENCHON,ZEMMOUR,ROUSSEL,47.93,19.9,12.44,4.98,4.15,DROITE,CENTRE,GAUCHE,DROITE,GAUCHE,19.9,1.82,57.21,21.06,14.88,21520.0,51.68,5.79,7.0,1213,1225,DROITE,0,LE PEN
59246,00246,Forest-en-Cambrésis,2022,410,95,315,310,23.17,LE PEN,MACRON,PÉCRESSE,MÉLENCHON,ROUSSEL,43.23,25.16,8.71,7.1,5.48,DROITE,CENTRE,DROITE,GAUCHE,GAUCHE,25.16,2.58,57.74,14.52,14.98,21870.0,48.87,0.0,0.0,566,573,DROITE,0,LE PEN
59251,00251,Frasnoy,2022,273,57,216,215,20.88,LE PEN,MACRON,MÉLENCHON,ZEMMOUR,ROUSSEL,36.74,20.0,14.42,7.44,5.58,DROITE,CENTRE,GAUCHE,DROITE,GAUCHE,20.0,5.12,48.84,26.05,9.33,26480.0,61.84,0.0,0.0,379,383,DROITE,0,LE PEN
59259,00259,Ghissignies,2022,414,80,334,332,19.32,MACRON,LE PEN,MÉLENCHON,ZEMMOUR,PÉCRESSE,33.13,26.81,14.76,6.33,5.42,CENTRE,DROITE,GAUCHE,DROITE,DROITE,33.13,1.81,39.46,25.6,9.79,27020.0,61.99,0.0,0.0,498,518,CENTRE,1,MACRON
59265,00265,Gommegnies,2022,1777,414,1363,1344,23.3,LE PEN,MACRON,MÉLENCHON,ZEMMOUR,JADOT,32.07,26.26,16.52,6.7,4.32,DROITE,CENTRE,GAUCHE,DROITE,GAUCHE,26.26,2.31,44.35,27.08,7.41,25290.0,59.51,3.96,9.0,2300,2337,DROITE,0,LE PEN
59270,00270,Grand-Fayt,2022,374,90,284,281,24.06,LE PEN,MÉLENCHON,MACRON,ROUSSEL,LASSALLE,39.86,20.28,16.01,5.34,4.98,DROITE,GAUCHE,CENTRE,GAUCHE,DIVERS,16.01,4.98,49.11,29.89,16.48,21490.0,52.61,0.0,0.0,475,482,DROITE,0,LE PEN
59283,00283,Hargnies,2022,452,89,363,355,19.69,LE PEN,MACRON,ZEMMOUR,MÉLENCHON,PÉCRESSE,42.54,27.61,6.48,5.92,5.07,DROITE,CENTRE,DROITE,GAUCHE,DROITE,27.61,1.69,56.34,14.37,11.99,25580.0,57.7,0.0,0.0,626,636,DROITE,0,LE PEN
59289,00289,Haussy,2022,1140,331,809,791,29.04,LE PEN,MACRON,MÉLENCHON,ZEMMOUR,ROUSSEL,41.47,22.38,14.41,5.82,5.18,DROITE,CENTRE,GAUCHE,DROITE,GAUCHE,22.38,1.39,50.7,25.54,13.63,20820.0,53.64,3.4,5.0,1492,1540,DROITE,0,LE PEN
59290,00290,Haut-Lieu,2022,299,63,236,231,21.07,LE PEN,MACRON,MÉLENCHON,ZEMMOUR,PÉCRESSE,37.23,24.24,15.15,9.09,4.76,DROITE,CENTRE,GAUCHE,DROITE,DROITE,24.24,1.73,52.81,21.21,16.07,23400.0,55.23,0.0,0.0,386,387,DROITE,0,LE PEN
59291,00291,Hautmont,2022,9507,3700,5807,5713,38.92,LE PEN,MÉLENCHON,MACRON,ZEMMOUR,ROUSSEL,43.11,24.12,16.4,5.58,2.52,DROITE,GAUCHE,CENTRE,DROITE,GAUCHE,16.4,1.47,52.32,29.81,27.79,16280.0,48.96,48.11,683.0,14182,14256,DROITE,0,LE PEN
59296,00296,Hecq,2022,301,76,225,217,25.25,LE PEN,MACRON,MÉLENCHON,ZEMMOUR,LASSALLE,36.41,23.5,17.97,6.91,4.15,DROITE,CENTRE,GAUCHE,DROITE,DIVERS,23.5,4.15,47.93,24.42,25.56,23060.0,58.73,0.0,0.0,351,361,DROITE,0,LE PEN
59323,00323,Jenlain,2022,909,196,713,693,21.56,MACRON,LE PEN,MÉLENCHON,ZEMMOUR,JADOT,31.46,29.29,13.42,6.35,4.62,CENTRE,DROITE,GAUCHE,DROITE,GAUCHE,31.46,1.3,43.29,23.95,5.7,27150.0,64.26,5.28,6.0,1159,1185,CENTRE,1,MACRON
59325,00325,Jolimetz,2022,724,138,586,581,19.06,MACRON,LE PEN,MÉLENCHON,ZEMMOUR,JADOT,28.92,28.74,12.91,9.29,4.13,CENTRE,DROITE,GAUCHE,DROITE,GAUCHE,28.92,2.41,44.58,24.1,10.71,25130.0,59.16,0.0,0.0,858,872,CENTRE,1,MACRON
59331,00331,Landrecies,2022,2546,738,1808,1769,28.99,LE PEN,MACRON,MÉLENCHON,ZEMMOUR,PÉCRESSE,41.15,20.75,15.6,7.07,3.73,DROITE,CENTRE,GAUCHE,DROITE,DROITE,20.75,1.98,53.87,23.4,18.75,18240.0,53.75,33.1,113.0,3435,3518,DROITE,0,LE PEN
59333,00333,Larouillies,2022,189,37,152,148,19.58,LE PEN,MACRON,MÉLENCHON,DUPONT-AIGNAN,LASSALLE,37.84,30.41,8.11,5.41,5.41,DROITE,CENTRE,GAUCHE,DROITE,DIVERS,30.41,5.41,49.32,14.86,9.12,21330.0,50.2,0.0,0.0,248,258,DROITE,0,LE PEN
59344,00344,Leval,2022,1809,484,1325,1302,26.76,LE PEN,MÉLENCHON,MACRON,ROUSSEL,ZEMMOUR,40.25,18.74,16.36,10.45,4.84,DROITE,GAUCHE,CENTRE,GAUCHE,DROITE,16.36,2.38,48.16,33.1,12.44,19140.0,45.18,8.86,22.0,2491,2503,DROITE,0,LE PEN
59351,00351,Limont-Fontaine,2022,470,110,360,354,23.4,LE PEN,MACRON,MÉLENCHON,ZEMMOUR,LASSALLE,40.4,22.6,10.17,8.19,4.8,DROITE,CENTRE,GAUCHE,DROITE,DIVERS,22.6,4.8,54.52,18.08,15.06,22650.0,52.03,0.0,0.0,539,546,DROITE,0,LE PEN
59353,00353,Locquignol,2022,247,55,192,188,22.27,LE PEN,MACRON,MÉLENCHON,ZEMMOUR,DUPONT-AIGNAN,38.3,19.68,14.89,6.91,4.79,DROITE,CENTRE,GAUCHE,DROITE,DROITE,19.68,3.19,54.26,22.87,13.72,22170.0,50.31,0.0,0.0,299,305,DROITE,0,LE PEN
59363,00363,Louvignies-Quesnoy,2022,687,151,536,532,21.98,LE PEN,MACRON,MÉLENCHON,ZEMMOUR,ROUSSEL,33.83,25.75,15.23,8.27,4.7,DROITE,CENTRE,GAUCHE,DROITE,GAUCHE,25.75,1.32,47.93,25.0,10.59,23670.0,56.16,0.0,0.0,912,929,DROITE,0,LE PEN
59374,00374,Marbaix,2022,351,73,278,274,20.8,LE PEN,MACRON,MÉLENCHON,ZEMMOUR,PÉCRESSE,36.13,23.36,13.87,7.66,4.74,DROITE,CENTRE,GAUCHE,DROITE,DROITE,23.36,1.46,52.19,22.99,16.74,24640.0,52.73,0.0,0.0,469,473,DROITE,0,LE PEN
59381,00381,Maresches,2022,704,182,522,512,25.85,MACRON,LE PEN,MÉLENCHON,ZEMMOUR,JADOT,30.66,26.76,17.97,5.66,4.69,CENTRE,DROITE,GAUCHE,DROITE,GAUCHE,30.66,1.76,39.65,27.93,9.39,25190.0,57.66,0.0,0.0,808,828,CENTRE,1,MACRON
59384,00384,Maroilles,2022,1179,317,862,841,26.89,LE PEN,MACRON,MÉLENCHON,ZEMMOUR,PÉCRESSE,40.07,25.21,13.32,4.28,3.8,DROITE,CENTRE,GAUCHE,DROITE,DROITE,25.21,2.14,50.89,21.76,14.42,21600.0,52.0,3.46,5.0,1441,1463,DROITE,0,LE PEN
59406,00406,Monceau-Saint-Waast,2022,336,110,226,221,32.74,LE PEN,MACRON,MÉLENCHON,ZEMMOUR,DUPONT-AIGNAN,37.1,30.32,11.76,5.88,3.17,DROITE,CENTRE,GAUCHE,DROITE,DROITE,30.32,2.26,48.87,18.55,10.28,23950.0,51.85,0.0,0.0,429,435,DROITE,0,LE PEN
59415,00415,Montrécourt,2022,203,50,153,148,24.63,LE PEN,MACRON,MÉLENCHON,PÉCRESSE,ROUSSEL,39.19,25.68,14.19,4.05,4.05,DROITE,CENTRE,GAUCHE,DROITE,GAUCHE,25.68,3.38,47.3,23.65,4.35,24200.0,47.83,0.0,0.0,225,227,DROITE,0,LE PEN
59424,00424,Neuf-Mesnil,2022,838,196,642,637,23.39,LE PEN,MÉLENCHON,MACRON,ZEMMOUR,PÉCRESSE,46.47,19.62,16.17,5.49,2.67,DROITE,GAUCHE,CENTRE,DROITE,DROITE,16.17,1.26,56.67,25.9,19.65,18560.0,49.38,17.75,23.0,1305,1311,DROITE,0,LE PEN
59425,00425,Neuville-en-Avesnois,2022,224,49,175,173,21.88,LE PEN,MACRON,MÉLENCHON,JADOT,ZEMMOUR,30.06,23.7,21.97,7.51,5.78,DROITE,CENTRE,GAUCHE,GAUCHE,DROITE,23.7,2.89,39.31,34.1,3.18,23800.0,56.55,0.0,0.0,302,310,DROITE,0,LE PEN
59439,00439,Noyelles-sur-Sambre,2022,240,61,179,177,25.42,LE PEN,MACRON,MÉLENCHON,PÉCRESSE,ZEMMOUR,34.46,27.12,17.51,5.08,3.39,DROITE,CENTRE,GAUCHE,DROITE,DROITE,27.12,2.82,45.76,24.29,19.23,22270.0,44.89,0.0,0.0,278,284,DROITE,0,LE PEN
59451,00451,Orsinval,2022,455,73,382,374,16.04,MACRON,LE PEN,MÉLENCHON,ZEMMOUR,JADOT,29.14,27.54,14.17,6.42,5.35,CENTRE,DROITE,GAUCHE,DROITE,GAUCHE,29.14,1.6,43.05,26.2,5.66,27470.0,55.66,0.0,0.0,558,568,CENTRE,1,MACRON
59461,00461,Petit-Fayt,2022,234,36,198,194,15.38,LE PEN,MACRON,MÉLENCHON,ZEMMOUR,DUPONT-AIGNAN,42.27,19.07,10.31,10.31,5.67,DROITE,CENTRE,GAUCHE,DROITE,DROITE,19.07,2.06,61.34,17.53,8.0,22170.0,48.65,0.0,0.0,294,300,DROITE,0,LE PEN
59464,00464,Poix-du-Nord,2022,1587,436,1151,1126,27.47,LE PEN,MACRON,MÉLENCHON,ZEMMOUR,ROUSSEL,50.44,18.92,13.5,5.33,3.55,DROITE,CENTRE,GAUCHE,DROITE,GAUCHE,18.92,1.15,59.24,20.69,12.57,18860.0,55.79,8.35,18.0,2185,2198,DROITE,0,LE PEN
59467,00467,Pont-sur-Sambre,2022,1800,529,1271,1239,29.39,LE PEN,MACRON,MÉLENCHON,ZEMMOUR,ROUSSEL,39.31,23.16,15.74,5.49,4.12,DROITE,CENTRE,GAUCHE,DROITE,GAUCHE,23.16,2.58,49.56,24.7,12.82,20670.0,48.63,17.6,42.0,2410,2437,DROITE,0,LE PEN
59468,00468,Potelle,2022,363,69,294,285,19.01,MACRON,LE PEN,MÉLENCHON,ZEMMOUR,PÉCRESSE,29.12,24.91,14.74,8.77,5.96,CENTRE,DROITE,GAUCHE,DROITE,DROITE,29.12,3.16,41.05,26.67,0.0,27370.0,61.94,0.0,0.0,441,446,CENTRE,1,MACRON
59472,00472,Preux-au-Bois,2022,655,169,486,483,25.8,LE PEN,MACRON,MÉLENCHON,ZEMMOUR,ROUSSEL,36.65,21.95,15.32,5.59,4.55,DROITE,CENTRE,GAUCHE,DROITE,GAUCHE,21.95,2.48,48.03,27.54,19.3,21360.0,53.36,0.0,0.0,838,846,DROITE,0,LE PEN
59473,00473,Preux-au-Sart,2022,239,63,176,175,26.36,LE PEN,MACRON,MÉLENCHON,PÉCRESSE,ZEMMOUR,30.86,29.14,13.14,7.43,6.29,DROITE,CENTRE,GAUCHE,DROITE,DROITE,29.14,2.86,47.43,20.57,0.0,29900.0,58.42,0.0,0.0,304,309,DROITE,0,LE PEN
59474,00474,Prisches,2022,820,222,598,589,27.07,LE PEN,MACRON,MÉLENCHON,ZEMMOUR,PÉCRESSE,37.18,21.39,15.45,6.96,6.11,DROITE,CENTRE,GAUCHE,DROITE,DROITE,21.39,2.38,53.48,22.75,15.27,21060.0,53.8,0.0,0.0,1043,1063,DROITE,0,LE PEN
59481,00481,Le Quesnoy,2022,3578,1138,2440,2400,31.81,LE PEN,MACRON,MÉLENCHON,ROUSSEL,ZEMMOUR,35.71,23.12,17.79,5.96,4.92,DROITE,CENTRE,GAUCHE,GAUCHE,DROITE,23.12,1.54,45.67,29.67,20.44,19720.0,59.66,40.54,197.0,4852,4970,DROITE,0,LE PEN
59485,00485,Quiévy,2022,1369,359,1010,990,26.22,LE PEN,MACRON,MÉLENCHON,ZEMMOUR,ROUSSEL,49.6,19.8,12.63,4.65,3.43,DROITE,CENTRE,GAUCHE,DROITE,GAUCHE,19.8,2.53,57.98,19.7,8.38,20410.0,51.47,7.78,14.0,1801,1821,DROITE,0,LE PEN
59490,00490,Rainsars,2022,163,27,136,131,16.56,LE PEN,MACRON,MÉLENCHON,ZEMMOUR,PÉCRESSE,45.04,18.32,9.92,8.4,7.63,DROITE,CENTRE,GAUCHE,DROITE,DROITE,18.32,2.29,62.6,16.79,15.38,21660.0,50.66,0.0,0.0,188,189,DROITE,0,LE PEN
59494,00494,Raucourt-au-Bois,2022,114,31,83,83,27.19,LE PEN,MACRON,MÉLENCHON,LASSALLE,DUPONT-AIGNAN,36.14,24.1,22.89,6.02,3.61,DROITE,CENTRE,GAUCHE,DIVERS,DROITE,24.1,6.02,44.58,25.3,0.0,24100.0,55.65,0.0,0.0,154,155,DROITE,0,LE PEN
59502,00502,Rieux-en-Cambrésis,2022,1008,195,813,802,19.35,LE PEN,MÉLENCHON,MACRON,ROUSSEL,ZEMMOUR,39.53,17.46,15.71,7.36,5.74,DROITE,GAUCHE,CENTRE,GAUCHE,DROITE,15.71,2.24,51.12,30.92,17.59,20910.0,49.18,0.0,0.0,1438,1448,DROITE,0,LE PEN
59503,00503,Robersart,2022,135,12,123,119,8.89,LE PEN,MACRON,ZEMMOUR,MÉLENCHON,LASSALLE,37.82,19.33,10.08,8.4,5.88,DROITE,CENTRE,DROITE,GAUCHE,DIVERS,19.33,5.88,56.3,18.49,12.5,20520.0,61.64,0.0,0.0,204,206,DROITE,0,LE PEN
59506,00506,Romeries,2022,355,60,295,281,16.9,LE PEN,MACRON,MÉLENCHON,ZEMMOUR,PÉCRESSE,34.16,29.18,15.66,5.34,4.27,DROITE,CENTRE,GAUCHE,DROITE,DROITE,29.18,3.2,45.55,22.06,8.75,22370.0,57.62,0.0,0.0,476,483,DROITE,0,LE PEN
59518,00518,Ruesnes,2022,332,69,263,261,20.78,LE PEN,MACRON,MÉLENCHON,ZEMMOUR,JADOT,32.18,29.12,13.03,7.28,4.21,DROITE,CENTRE,GAUCHE,DROITE,GAUCHE,29.12,3.07,45.21,22.61,4.81,24680.0,56.6,0.0,0.0,455,461,DROITE,0,LE PEN
59525,00525,Sains-du-Nord,2022,1882,509,1373,1347,27.05,LE PEN,MACRON,MÉLENCHON,ZEMMOUR,ROUSSEL,44.77,20.27,14.33,5.12,4.01,DROITE,CENTRE,GAUCHE,DROITE,GAUCHE,20.27,1.56,55.38,22.79,31.35,18400.0,53.05,18.08,50.0,2779,2805,DROITE,0,LE PEN
59528,00528,Saint-Aubert,2022,1177,298,879,861,25.32,LE PEN,MACRON,MÉLENCHON,ROUSSEL,ZEMMOUR,47.04,19.51,11.15,4.88,4.65,DROITE,CENTRE,GAUCHE,GAUCHE,DROITE,19.51,2.56,57.49,20.44,13.9,20900.0,51.89,8.32,13.0,1561,1578,DROITE,0,LE PEN
59533,00533,Saint-Hilaire-lez-Cambrai,2022,1150,255,895,878,22.17,LE PEN,MACRON,MÉLENCHON,ZEMMOUR,PÉCRESSE,46.47,18.79,14.01,4.67,4.21,DROITE,CENTRE,GAUCHE,DROITE,DROITE,18.79,1.71,56.83,22.67,8.06,20800.0,53.51,3.21,5.0,1555,1572,DROITE,0,LE PEN
59537,00537,Saint-Martin-sur-Ecaillon,2022,406,82,324,317,20.2,MACRON,LE PEN,MÉLENCHON,ROUSSEL,ZEMMOUR,26.81,26.18,17.03,6.62,6.31,CENTRE,DROITE,GAUCHE,GAUCHE,DROITE,26.81,3.15,37.54,32.49,2.11,25300.0,55.59,0.0,0.0,500,509,CENTRE,1,MACRON
59541,00541,Saint-Python,2022,794,223,571,555,28.09,LE PEN,MACRON,MÉLENCHON,ZEMMOUR,DUPONT-AIGNAN,41.62,20.54,19.28,5.77,2.88,DROITE,CENTRE,GAUCHE,DROITE,DROITE,20.54,1.26,52.43,25.77,12.63,20110.0,48.26,0.0,0.0,999,1007,DROITE,0,LE PEN
59542,00542,Saint-Remy-Chaussée,2022,376,116,260,257,30.85,LE PEN,MACRON,MÉLENCHON,ZEMMOUR,ROUSSEL,42.8,16.73,13.23,7.39,6.23,DROITE,CENTRE,GAUCHE,DROITE,GAUCHE,16.73,2.33,57.2,23.74,6.52,21480.0,47.06,0.0,0.0,486,494,DROITE,0,LE PEN
59543,00543,Saint-Remy-du-Nord,2022,804,181,623,611,22.51,LE PEN,MACRON,MÉLENCHON,ZEMMOUR,ROUSSEL,46.97,21.6,9.66,6.38,4.09,DROITE,CENTRE,GAUCHE,DROITE,GAUCHE,21.6,2.13,59.9,16.37,9.28,21840.0,42.47,0.0,0.0,1070,1081,DROITE,0,LE PEN
59547,00547,Saint-Vaast-en-Cambrésis,2022,637,132,505,498,20.72,LE PEN,MÉLENCHON,MACRON,ROUSSEL,ZEMMOUR,44.78,16.87,16.67,5.82,5.22,DROITE,GAUCHE,CENTRE,GAUCHE,DROITE,16.67,2.01,55.02,26.31,20.45,20920.0,53.7,0.0,0.0,860,868,DROITE,0,LE PEN
59549,00549,Salesches,2022,258,77,181,175,29.84,LE PEN,MACRON,MÉLENCHON,ZEMMOUR,ROUSSEL,36.0,24.57,13.14,9.14,7.43,DROITE,CENTRE,GAUCHE,DROITE,GAUCHE,24.57,0.57,48.57,26.29,20.93,21870.0,46.67,0.0,0.0,329,332,DROITE,0,LE PEN
59556,00556,Sassegnies,2022,216,43,173,172,19.91,LE PEN,ZEMMOUR,MACRON,MÉLENCHON,JADOT,41.86,14.53,12.79,9.88,5.23,DROITE,DROITE,CENTRE,GAUCHE,GAUCHE,12.79,2.91,61.05,23.26,19.84,21790.0,50.98,0.0,0.0,260,263,DROITE,0,LE PEN
59558,00558,Saulzoir,2022,1363,364,999,980,26.71,LE PEN,MACRON,MÉLENCHON,ZEMMOUR,ROUSSEL,36.43,23.78,14.69,7.96,5.41,DROITE,CENTRE,GAUCHE,DROITE,GAUCHE,23.78,2.14,48.67,25.41,14.5,23040.0,50.6,11.28,19.0,1679,1697,DROITE,0,LE PEN
59565,00565,Sepmeries,2022,508,106,402,394,20.87,LE PEN,MACRON,MÉLENCHON,ZEMMOUR,PÉCRESSE,31.73,28.93,12.44,5.58,5.08,DROITE,CENTRE,GAUCHE,DROITE,DROITE,28.93,4.06,44.67,22.34,4.8,26040.0,57.62,0.0,0.0,649,660,DROITE,0,LE PEN
59571,00571,Solesmes,2022,3190,908,2282,2238,28.46,LE PEN,MACRON,MÉLENCHON,ZEMMOUR,PÉCRESSE,45.71,18.45,15.1,5.85,3.17,DROITE,CENTRE,GAUCHE,DROITE,DROITE,18.45,1.79,56.57,23.19,18.0,19100.0,51.49,31.0,130.0,4249,4351,DROITE,0,LE PEN
59575,00575,Sommaing,2022,353,63,290,284,17.85,LE PEN,MACRON,MÉLENCHON,ZEMMOUR,ROUSSEL,32.39,26.06,15.49,8.1,5.28,DROITE,CENTRE,GAUCHE,DROITE,GAUCHE,26.06,1.76,47.18,25.0,9.57,26280.0,60.03,0.0,0.0,398,402,DROITE,0,LE PEN
59607,00607,Vendegies-au-Bois,2022,367,67,300,293,18.26,LE PEN,MACRON,MÉLENCHON,ZEMMOUR,JADOT,34.81,25.26,13.65,9.56,4.1,DROITE,CENTRE,GAUCHE,DROITE,GAUCHE,25.26,2.05,49.15,23.55,8.82,23330.0,55.75,0.0,0.0,484,489,DROITE,0,LE PEN
59608,00608,Vendegies-sur-Ecaillon,2022,851,155,696,680,18.21,LE PEN,MACRON,MÉLENCHON,ZEMMOUR,PÉCRESSE,32.06,26.76,17.35,5.88,5.0,DROITE,CENTRE,GAUCHE,DROITE,DROITE,26.76,3.09,44.85,25.29,7.67,26860.0,54.67,0.0,0.0,1118,1140,DROITE,0,LE PEN
59612,00612,Vertain,2022,437,83,354,349,18.99,LE PEN,MACRON,MÉLENCHON,ZEMMOUR,PÉCRESSE,31.81,23.5,14.9,8.02,7.45,DROITE,CENTRE,GAUCHE,DROITE,DROITE,23.5,2.87,48.71,24.93,6.63,26580.0,54.27,0.0,0.0,513,522,DROITE,0,LE PEN
59614,00614,Viesly,2022,1072,271,801,781,25.28,LE PEN,MACRON,MÉLENCHON,ZEMMOUR,PÉCRESSE,47.76,16.39,14.98,5.76,4.99,DROITE,CENTRE,GAUCHE,DROITE,DROITE,16.39,0.9,59.92,22.79,22.77,20680.0,52.03,7.33,10.0,1379,1396,DROITE,0,LE PEN
59617,00617,Vieux-Mesnil,2022,452,92,360,354,20.35,LE PEN,MACRON,MÉLENCHON,ZEMMOUR,DUPONT-AIGNAN,38.98,28.81,13.28,4.24,3.39,DROITE,CENTRE,GAUCHE,DROITE,DROITE,28.81,2.82,48.87,19.49,8.38,22490.0,46.17,0.0,0.0,637,644,DROITE,0,LE PEN
59619,00619,Villereau,2022,777,181,596,582,23.29,LE PEN,MACRON,MÉLENCHON,ZEMMOUR,JADOT,32.65,28.18,14.95,6.36,3.95,DROITE,CENTRE,GAUCHE,DROITE,GAUCHE,28.18,2.41,43.3,26.12,8.52,25370.0,58.9,0.0,0.0,1057,1072,DROITE,0,LE PEN
59622,00622,Villers-en-Cauchies,2022,854,190,664,646,22.25,LE PEN,MACRON,MÉLENCHON,ZEMMOUR,ROUSSEL,44.89,18.73,14.71,7.43,4.49,DROITE,CENTRE,GAUCHE,DROITE,GAUCHE,18.73,1.39,56.66,23.22,19.67,22070.0,49.02,6.97,8.0,1161,1177,DROITE,0,LE PEN
59626,00626,Villers-Pol,2022,889,152,737,728,17.1,MACRON,LE PEN,MÉLENCHON,ZEMMOUR,PÉCRESSE,37.91,24.86,10.99,7.83,4.81,CENTRE,DROITE,GAUCHE,DROITE,DROITE,37.91,3.3,39.56,19.23,2.86,26780.0,60.86,0.0,0.0,1262,1284,CENTRE,1,MACRON
59635,00635,Wambaix,2022,277,32,245,241,11.55,LE PEN,MACRON,MÉLENCHON,ZEMMOUR,PÉCRESSE,31.54,25.73,11.62,10.37,6.64,DROITE,CENTRE,GAUCHE,DROITE,DROITE,25.73,4.15,50.62,19.5,12.49,25370.0,53.99,0.0,0.0,368,374,DROITE,0,LE PEN
59639,00639,Wargnies-le-Grand,2022,860,168,692,675,19.53,LE PEN,MACRON,MÉLENCHON,ZEMMOUR,ROUSSEL,31.56,27.41,12.89,6.37,5.33,DROITE,CENTRE,GAUCHE,DROITE,GAUCHE,27.41,2.37,45.63,24.59,8.84,26400.0,59.11,0.0,0.0,1101,1124,DROITE,0,LE PEN
59640,00640,Wargnies-le-Petit,2022,591,120,471,463,20.3,LE PEN,MACRON,ZEMMOUR,MÉLENCHON,ROUSSEL,37.8,23.54,11.66,9.94,4.97,DROITE,CENTRE,DROITE,GAUCHE,GAUCHE,23.54,2.81,54.86,18.79,6.87,25710.0,61.03,0.0,0.0,780,791,DROITE,0,LE PEN
59131,00131,Cappelle-la-Grande,2022,6463,1720,4743,4615,26.61,LE PEN,MACRON,MÉLENCHON,ZEMMOUR,ROUSSEL,43.16,19.76,18.05,4.68,3.84,DROITE,CENTRE,GAUCHE,DROITE,GAUCHE,19.76,1.8,50.55,27.89,14.8,20700.0,50.23,24.28,191.0,7899,7975,DROITE,0,LE PEN
59155,00155,Coudekerque-Branche,2022,16013,4602,11411,11093,28.74,LE PEN,MACRON,MÉLENCHON,ZEMMOUR,ROUSSEL,36.71,23.07,19.16,4.95,3.18,DROITE,CENTRE,GAUCHE,DROITE,GAUCHE,23.07,2.08,45.79,29.06,14.38,20680.0,53.22,30.43,634.0,20765,21012,DROITE,0,LE PEN
59183,00183,Dunkerque,2022,48968,15425,33543,32741,31.5,LE PEN,MACRON,MÉLENCHON,MACRON,LE PEN,32.4,24.77,22.6,34.56,22.09,DROITE,CENTRE,GAUCHE,CENTRE,DROITE,34.3,2.46,51.37,39.45,18.33,20240.0,56.61,53.29,4637.0,86788,88024,DROITE,0,LE PEN
59271,00271,Grande-Synthe,2022,14398,5089,9309,9117,35.35,MÉLENCHON,LE PEN,MACRON,ZEMMOUR,ROUSSEL,42.48,28.67,14.85,3.21,2.4,GAUCHE,DROITE,CENTRE,DROITE,GAUCHE,14.85,1.57,34.52,49.06,26.0,16650.0,53.7,50.62,1030.0,20331,20528,GAUCHE,1,MÉLENCHON
59588,00588,Téteghem-Coudekerque-Village,2022,1158,250,908,890,21.59,MACRON,LE PEN,MÉLENCHON,ZEMMOUR,MACRON,34.54,28.25,12.61,6.7,30.79,CENTRE,DROITE,GAUCHE,DROITE,CENTRE,204.04,14.27,256.29,126.97,11.88,26490.0,55.93,18.38,152.0,8384,8608,CENTRE,1,MACRON
59016,00016,Armbouts-Cappel,2022,1816,360,1456,1425,19.82,LE PEN,MACRON,MÉLENCHON,ZEMMOUR,ROUSSEL,36.49,27.3,16.21,4.98,2.67,DROITE,CENTRE,GAUCHE,DROITE,GAUCHE,27.3,2.04,46.18,24.49,9.64,24750.0,51.28,10.01,21.0,2125,2169,DROITE,0,LE PEN
59046,00046,Bambecque,2022,580,147,433,422,25.34,LE PEN,MACRON,MÉLENCHON,PÉCRESSE,ZEMMOUR,37.68,25.36,13.74,5.45,4.98,DROITE,CENTRE,GAUCHE,DROITE,DROITE,25.36,1.9,49.76,22.99,12.22,22820.0,52.22,0.0,0.0,832,834,DROITE,0,LE PEN
59067,00067,Bergues,2022,2879,961,1918,1876,33.38,LE PEN,MACRON,MÉLENCHON,ZEMMOUR,PÉCRESSE,33.1,31.02,13.97,5.76,4.21,DROITE,CENTRE,GAUCHE,DROITE,DROITE,31.02,2.61,44.67,21.7,12.64,21670.0,60.89,28.79,102.0,3561,3601,DROITE,0,LE PEN
59082,00082,Bierne,2022,1456,338,1118,1087,23.21,LE PEN,MACRON,MÉLENCHON,ZEMMOUR,PÉCRESSE,34.77,27.6,14.54,7.18,3.77,DROITE,CENTRE,GAUCHE,DROITE,DROITE,27.6,1.56,48.11,22.72,6.64,25380.0,49.57,0.0,0.0,1772,1798,DROITE,0,LE PEN
59083,00083,Bissezeele,2022,205,38,167,163,18.54,LE PEN,MACRON,MÉLENCHON,ZEMMOUR,PÉCRESSE,27.61,24.54,14.72,9.82,8.59,DROITE,CENTRE,GAUCHE,DROITE,DROITE,24.54,3.68,50.92,20.86,0.0,25420.0,61.9,0.0,0.0,246,257,DROITE,0,LE PEN
59089,00089,Bollezeele,2022,990,190,800,787,19.19,LE PEN,MACRON,MÉLENCHON,PÉCRESSE,ZEMMOUR,36.98,27.95,10.67,6.73,5.84,DROITE,CENTRE,GAUCHE,DROITE,DROITE,27.95,2.16,51.84,18.04,13.3,21320.0,54.54,0.0,0.0,1423,1453,DROITE,0,LE PEN
59094,00094,Bourbourg,2022,4927,1424,3503,3406,28.9,LE PEN,MACRON,MÉLENCHON,ZEMMOUR,PÉCRESSE,43.69,23.43,13.09,5.37,3.32,DROITE,CENTRE,GAUCHE,DROITE,DROITE,23.43,1.82,54.17,20.58,14.06,19460.0,51.93,33.34,232.0,7023,7072,DROITE,0,LE PEN
59107,00107,Bray-Dunes,2022,3874,1165,2709,2654,30.07,LE PEN,MACRON,MÉLENCHON,ZEMMOUR,PÉCRESSE,35.95,26.83,13.75,6.29,3.99,DROITE,CENTRE,GAUCHE,DROITE,DROITE,26.83,3.17,48.04,21.97,15.92,22410.0,52.5,30.81,132.0,4380,4446,DROITE,0,LE PEN
59110,00110,Brouckerque,2022,1172,272,900,883,23.21,LE PEN,MACRON,MÉLENCHON,ZEMMOUR,PÉCRESSE,33.98,28.09,12.68,5.89,4.42,DROITE,CENTRE,GAUCHE,DROITE,DROITE,28.09,3.28,47.45,21.18,4.64,26560.0,52.65,0.0,0.0,1444,1468,DROITE,0,LE PEN
59111,00111,Broxeele,2022,309,72,237,233,23.3,LE PEN,MACRON,MÉLENCHON,PÉCRESSE,ROUSSEL,42.49,22.32,14.59,6.01,3.86,DROITE,CENTRE,GAUCHE,DROITE,GAUCHE,22.32,3.43,51.07,23.18,3.13,21540.0,46.65,0.0,0.0,404,408,DROITE,0,LE PEN
59130,00130,Cappelle-Brouck,2022,948,229,719,696,24.16,LE PEN,MACRON,MÉLENCHON,ZEMMOUR,PÉCRESSE,35.2,24.57,13.94,6.9,4.17,DROITE,CENTRE,GAUCHE,DROITE,DROITE,24.57,3.16,49.14,23.13,6.44,23020.0,49.65,0.0,0.0,1158,1177,DROITE,0,LE PEN
59159,00159,Craywick,2022,485,64,421,410,13.2,LE PEN,MACRON,MÉLENCHON,ZEMMOUR,PÉCRESSE,44.63,20.0,16.1,5.61,3.17,DROITE,CENTRE,GAUCHE,DROITE,DROITE,20.0,1.22,55.61,23.17,8.2,23240.0,53.52,9.09,7.0,749,756,DROITE,0,LE PEN
59162,00162,Crochte,2022,544,119,425,414,21.88,MACRON,LE PEN,MÉLENCHON,PÉCRESSE,ZEMMOUR,31.4,26.09,12.8,7.73,6.52,CENTRE,DROITE,GAUCHE,DROITE,DROITE,31.4,2.9,43.24,22.46,7.4,26550.0,53.05,0.0,0.0,656,677,CENTRE,1,MACRON
59182,00182,Drincham,2022,196,31,165,158,15.82,LE PEN,MACRON,MÉLENCHON,LASSALLE,PÉCRESSE,31.65,22.15,21.52,5.06,5.06,DROITE,CENTRE,GAUCHE,DIVERS,DROITE,22.15,5.06,40.51,32.28,15.95,21910.0,49.22,0.0,0.0,278,282,DROITE,0,LE PEN
59200,00200,Eringhem,2022,376,81,295,292,21.54,LE PEN,MACRON,MÉLENCHON,LASSALLE,ZEMMOUR,42.12,20.89,12.33,6.16,5.14,DROITE,CENTRE,GAUCHE,DIVERS,DROITE,20.89,6.16,55.14,17.81,3.92,22170.0,53.39,0.0,0.0,481,490,DROITE,0,LE PEN
59210,00210,Esquelbecq,2022,1699,344,1355,1324,20.25,MACRON,LE PEN,MÉLENCHON,ZEMMOUR,PÉCRESSE,31.5,26.89,14.12,7.02,4.91,CENTRE,DROITE,GAUCHE,DROITE,DROITE,31.5,2.64,40.94,24.92,6.49,23960.0,53.14,5.13,11.0,2134,2186,CENTRE,1,MACRON
59260,00260,Ghyvelde,2022,3329,771,2558,2505,23.16,LE PEN,MACRON,MÉLENCHON,ZEMMOUR,PÉCRESSE,35.33,24.75,15.85,7.66,4.03,DROITE,CENTRE,GAUCHE,DROITE,DROITE,24.75,2.67,49.38,23.19,9.43,24040.0,51.21,18.66,77.0,4119,4180,DROITE,0,LE PEN
59272,00272,Grand-Fort-Philippe,2022,4117,1234,2883,2817,29.97,LE PEN,MACRON,MÉLENCHON,ZEMMOUR,ROUSSEL,47.21,19.06,12.71,5.72,2.98,DROITE,CENTRE,GAUCHE,DROITE,GAUCHE,19.06,2.45,57.33,21.16,15.96,20070.0,50.96,20.0,98.0,4977,5026,DROITE,0,LE PEN
59273,00273,Gravelines,2022,9080,2501,6579,6424,27.54,LE PEN,MACRON,MÉLENCHON,ZEMMOUR,ROUSSEL,40.33,20.41,16.11,6.27,3.5,DROITE,CENTRE,GAUCHE,DROITE,GAUCHE,20.41,2.77,50.76,26.06,13.14,21680.0,54.13,41.39,474.0,11223,11393,DROITE,0,LE PEN
59305,00305,Herzeele,2022,1243,230,1013,999,18.5,LE PEN,MACRON,MÉLENCHON,PÉCRESSE,ZEMMOUR,35.14,31.53,10.81,6.01,4.9,DROITE,CENTRE,GAUCHE,DROITE,DROITE,31.53,3.9,48.05,16.52,2.47,23390.0,54.26,0.0,0.0,1634,1669,DROITE,0,LE PEN
59307,00307,Holque,2022,722,181,541,525,25.07,LE PEN,MACRON,MÉLENCHON,ZEMMOUR,PÉCRESSE,44.57,18.48,13.9,7.62,3.43,DROITE,CENTRE,GAUCHE,DROITE,DROITE,18.48,1.52,57.52,22.48,16.25,20870.0,48.84,0.0,0.0,871,873,DROITE,0,LE PEN
59309,00309,Hondschoote,2022,3035,950,2085,2043,31.3,LE PEN,MACRON,MÉLENCHON,ZEMMOUR,PÉCRESSE,38.42,24.96,15.91,5.58,3.87,DROITE,CENTRE,GAUCHE,DROITE,DROITE,24.96,2.45,49.63,22.96,12.8,20980.0,53.29,22.94,92.0,4026,4107,DROITE,0,LE PEN
59319,00319,Hoymille,2022,2744,662,2082,2036,24.13,LE PEN,MACRON,MÉLENCHON,ZEMMOUR,PÉCRESSE,32.76,32.02,12.28,5.99,3.88,DROITE,CENTRE,GAUCHE,DROITE,DROITE,32.02,2.46,44.89,20.63,6.07,24610.0,52.11,7.8,25.0,3173,3375,DROITE,0,LE PEN
59326,00326,Killem,2022,789,160,629,608,20.28,LE PEN,MACRON,MÉLENCHON,ZEMMOUR,LASSALLE,43.75,25.16,11.68,4.44,3.12,DROITE,CENTRE,GAUCHE,DROITE,DIVERS,25.16,3.12,52.8,18.91,10.03,21610.0,48.38,0.0,0.0,1181,1202,DROITE,0,LE PEN
59337,00337,Lederzeele,2022,561,127,434,423,22.64,LE PEN,MACRON,MÉLENCHON,ZEMMOUR,PÉCRESSE,37.59,30.5,12.53,6.15,4.26,DROITE,CENTRE,GAUCHE,DROITE,DROITE,30.5,2.36,50.12,17.02,1.56,23400.0,53.49,0.0,0.0,692,712,DROITE,0,LE PEN
59338,00338,Ledringhem,2022,489,58,431,419,11.86,LE PEN,MACRON,MÉLENCHON,ZEMMOUR,PÉCRESSE,29.36,28.64,10.02,8.83,7.64,DROITE,CENTRE,GAUCHE,DROITE,DROITE,28.64,4.77,47.49,19.09,5.17,25300.0,54.26,0.0,0.0,629,648,DROITE,0,LE PEN
59340,00340,Leffrinckoucke,2022,3614,882,2732,2682,24.41,MACRON,LE PEN,MÉLENCHON,ZEMMOUR,PÉCRESSE,29.34,28.64,18.16,7.16,3.47,CENTRE,DROITE,GAUCHE,DROITE,DROITE,29.34,2.09,41.46,27.11,12.15,23390.0,58.67,19.75,81.0,4124,4221,CENTRE,1,MACRON
59358,00358,Looberghe,2022,962,226,736,715,23.49,LE PEN,MACRON,MÉLENCHON,ZEMMOUR,PÉCRESSE,39.44,22.66,12.87,8.25,4.62,DROITE,CENTRE,GAUCHE,DROITE,DROITE,22.66,3.22,54.97,19.16,9.36,22480.0,50.38,0.0,0.0,1206,1219,DROITE,0,LE PEN
59359,00359,Loon-Plage,2022,4753,1247,3506,3423,26.24,LE PEN,MACRON,MÉLENCHON,ZEMMOUR,PÉCRESSE,44.23,22.2,13.32,5.93,2.75,DROITE,CENTRE,GAUCHE,DROITE,DROITE,22.2,1.78,54.69,21.33,7.53,21880.0,51.93,19.85,119.0,6039,6108,DROITE,0,LE PEN
59397,00397,Merckeghem,2022,511,129,382,373,25.24,LE PEN,MACRON,MÉLENCHON,ZEMMOUR,PÉCRESSE,39.14,26.81,9.65,7.24,4.56,DROITE,CENTRE,GAUCHE,DROITE,DROITE,26.81,2.41,52.82,17.96,6.56,24660.0,47.25,0.0,0.0,614,626,DROITE,0,LE PEN
59402,00402,Millam,2022,663,154,509,502,23.23,LE PEN,MACRON,MÉLENCHON,ZEMMOUR,PÉCRESSE,38.65,25.3,12.15,6.57,4.98,DROITE,CENTRE,GAUCHE,DROITE,DROITE,25.3,2.39,53.39,18.92,2.67,23660.0,48.86,0.0,0.0,848,868,DROITE,0,LE PEN
59433,00433,Nieurlet,2022,746,177,569,559,23.73,LE PEN,MACRON,MÉLENCHON,ZEMMOUR,PÉCRESSE,43.11,18.96,12.16,6.8,5.01,DROITE,CENTRE,GAUCHE,DROITE,DROITE,18.96,2.5,58.5,20.04,8.15,20600.0,48.09,0.0,0.0,903,915,DROITE,0,LE PEN
59448,00448,Oost-Cappel,2022,348,82,266,258,23.56,LE PEN,MACRON,MÉLENCHON,ZEMMOUR,LASSALLE,41.47,22.87,12.4,5.43,5.04,DROITE,CENTRE,GAUCHE,DROITE,DIVERS,22.87,5.04,53.88,18.22,17.68,20510.0,49.57,0.0,0.0,472,477,DROITE,0,LE PEN
59463,00463,Pitgam,2022,741,139,602,590,18.76,LE PEN,MACRON,MÉLENCHON,ZEMMOUR,PÉCRESSE,39.66,28.81,9.32,5.59,4.75,DROITE,CENTRE,GAUCHE,DROITE,DROITE,28.81,4.41,51.69,15.08,7.13,22980.0,52.17,0.0,0.0,976,988,DROITE,0,LE PEN
59478,00478,Quaëdypre,2022,943,229,714,699,24.28,LE PEN,MACRON,MÉLENCHON,ZEMMOUR,PÉCRESSE,32.47,30.04,10.01,8.87,6.44,DROITE,CENTRE,GAUCHE,DROITE,DROITE,30.04,2.58,49.64,17.74,4.77,25280.0,54.96,0.0,0.0,1121,1147,DROITE,0,LE PEN
59499,00499,Rexpoëde,2022,1488,344,1144,1119,23.12,LE PEN,MACRON,MÉLENCHON,PÉCRESSE,ZEMMOUR,36.28,26.27,14.92,4.38,4.11,DROITE,CENTRE,GAUCHE,DROITE,DROITE,26.27,3.13,47.18,23.41,7.38,22600.0,53.01,8.06,16.0,1992,2022,DROITE,0,LE PEN
59532,00532,Saint-Georges-sur-l'Aa,2022,235,42,193,193,17.87,LE PEN,MACRON,MÉLENCHON,LASSALLE,JADOT,34.72,25.39,15.54,6.74,5.18,DROITE,CENTRE,GAUCHE,DIVERS,GAUCHE,25.39,6.74,40.41,27.46,16.67,21020.0,53.44,0.0,0.0,296,299,DROITE,0,LE PEN
59538,00538,Saint-Momelin,2022,306,68,238,232,22.22,LE PEN,MACRON,MÉLENCHON,ZEMMOUR,PÉCRESSE,41.81,19.4,19.4,5.6,3.45,DROITE,CENTRE,GAUCHE,DROITE,DROITE,19.4,3.02,53.02,24.57,19.52,20710.0,48.17,0.0,0.0,418,429,DROITE,0,LE PEN
59539,00539,Saint-Pierre-Brouck,2022,732,140,592,579,19.13,LE PEN,MACRON,MÉLENCHON,ZEMMOUR,LASSALLE,36.1,26.08,14.51,5.53,4.32,DROITE,CENTRE,GAUCHE,DROITE,DIVERS,26.08,4.32,48.01,21.59,5.1,23320.0,46.43,0.0,0.0,984,1000,DROITE,0,LE PEN
59570,00570,Socx,2022,783,127,656,638,16.22,MACRON,LE PEN,MÉLENCHON,PÉCRESSE,ZEMMOUR,41.22,23.35,11.91,7.37,6.43,CENTRE,DROITE,GAUCHE,DROITE,DROITE,41.22,2.51,38.71,17.55,3.03,31160.0,60.29,0.0,0.0,890,908,CENTRE,1,MACRON
59576,00576,Spycker,2022,1397,225,1172,1134,16.11,LE PEN,MACRON,MÉLENCHON,ZEMMOUR,PÉCRESSE,42.42,23.9,14.37,5.38,3.0,DROITE,CENTRE,GAUCHE,DROITE,DROITE,23.9,2.03,52.82,21.25,4.79,24810.0,51.06,0.0,0.0,1752,1788,DROITE,0,LE PEN
59579,00579,Steene,2022,1088,213,875,854,19.58,LE PEN,MACRON,MÉLENCHON,ZEMMOUR,JADOT,41.69,27.63,9.72,6.21,3.51,DROITE,CENTRE,GAUCHE,DROITE,GAUCHE,27.63,2.58,51.64,18.15,10.41,24650.0,53.65,0.0,0.0,1365,1390,DROITE,0,LE PEN
59605,00605,Uxem,2022,1120,223,897,870,19.91,MACRON,LE PEN,MÉLENCHON,ZEMMOUR,PÉCRESSE,32.3,31.49,15.29,4.94,3.22,CENTRE,DROITE,GAUCHE,DROITE,DROITE,32.3,1.95,41.84,23.91,4.29,26540.0,57.35,0.0,0.0,1497,1525,CENTRE,1,MACRON
59628,00628,Volckerinckhove,2022,443,78,365,350,17.61,LE PEN,MACRON,MÉLENCHON,PÉCRESSE,ZEMMOUR,35.14,32.57,8.86,5.43,5.43,DROITE,CENTRE,GAUCHE,DROITE,DROITE,32.57,2.0,48.0,17.43,7.63,23960.0,54.17,0.0,0.0,560,565,DROITE,0,LE PEN
59641,00641,Warhem,2022,1710,401,1309,1279,23.45,LE PEN,MACRON,MÉLENCHON,PÉCRESSE,ZEMMOUR,32.6,30.34,14.7,4.77,4.46,DROITE,CENTRE,GAUCHE,DROITE,DROITE,30.34,3.13,44.25,22.28,4.48,24720.0,51.79,7.86,16.0,2022,2059,DROITE,0,LE PEN
59647,00647,Watten,2022,1927,470,1457,1430,24.39,LE PEN,MACRON,MÉLENCHON,ZEMMOUR,ROUSSEL,47.83,20.21,14.06,5.59,2.73,DROITE,CENTRE,GAUCHE,DROITE,GAUCHE,20.21,2.17,56.29,21.33,13.49,19280.0,53.33,15.19,39.0,2577,2599,DROITE,0,LE PEN
59657,00657,West-Cappel,2022,478,82,396,389,17.15,LE PEN,MACRON,MÉLENCHON,ZEMMOUR,PÉCRESSE,32.9,26.48,12.08,6.68,5.14,DROITE,CENTRE,GAUCHE,DROITE,DROITE,26.48,4.88,46.79,21.85,6.33,24010.0,52.6,0.0,0.0,636,646,DROITE,0,LE PEN
59663,00663,Wormhout,2022,4362,986,3376,3301,22.6,LE PEN,MACRON,MÉLENCHON,PÉCRESSE,ZEMMOUR,31.45,29.23,13.69,6.24,5.33,DROITE,CENTRE,GAUCHE,DROITE,DROITE,29.23,2.51,45.77,22.48,6.0,23380.0,54.38,24.27,137.0,5705,5790,DROITE,0,LE PEN
59664,00664,Wulverdinghe,2022,255,51,204,200,20.0,LE PEN,MÉLENCHON,MACRON,ZEMMOUR,LASSALLE,44.0,15.0,14.0,6.5,6.0,DROITE,GAUCHE,CENTRE,DROITE,DIVERS,14.0,6.0,58.0,22.0,10.0,22570.0,45.13,0.0,0.0,327,335,DROITE,0,LE PEN
59665,00665,Wylder,2022,224,40,184,183,17.86,LE PEN,MACRON,ZEMMOUR,MÉLENCHON,LASSALLE,40.98,16.94,12.57,12.02,4.92,DROITE,CENTRE,DROITE,GAUCHE,DIVERS,16.94,4.92,60.66,17.49,12.37,22410.0,50.81,0.0,0.0,301,307,DROITE,0,LE PEN
59666,00666,Zegerscappel,2022,1163,226,937,919,19.43,LE PEN,MACRON,MÉLENCHON,PÉCRESSE,ZEMMOUR,39.72,23.94,11.97,7.07,6.31,DROITE,CENTRE,GAUCHE,DROITE,DROITE,23.94,2.72,54.62,18.72,13.36,23390.0,54.42,0.0,0.0,1536,1562,DROITE,0,LE PEN
59668,00668,Zuydcoote,2022,1165,255,910,879,21.89,MACRON,LE PEN,MÉLENCHON,ZEMMOUR,ROUSSEL,29.69,27.08,15.7,7.17,4.89,CENTRE,DROITE,GAUCHE,DROITE,GAUCHE,29.69,3.41,40.27,26.62,11.97,24280.0,53.07,5.6,9.0,1580,1640,CENTRE,1,MACRON
59018,00018,Arnèke,2022,1116,206,910,884,18.46,LE PEN,MACRON,MÉLENCHON,PÉCRESSE,ZEMMOUR,33.48,28.05,14.25,6.79,4.98,DROITE,CENTRE,GAUCHE,DROITE,DROITE,28.05,2.6,47.4,21.95,12.6,22380.0,55.88,3.21,5.0,1561,1578,DROITE,0,LE PEN
59043,00043,Bailleul,2022,11021,2856,8165,7996,25.91,LE PEN,MACRON,MÉLENCHON,ZEMMOUR,JADOT,31.0,28.99,16.65,5.7,3.88,DROITE,CENTRE,GAUCHE,DROITE,GAUCHE,28.99,2.64,41.93,26.44,9.15,23320.0,59.02,40.11,591.0,14869,15098,DROITE,0,LE PEN
59054,00054,Bavinchove,2022,800,181,619,606,22.62,LE PEN,MACRON,MÉLENCHON,DUPONT-AIGNAN,ZEMMOUR,37.29,31.02,13.37,3.63,2.81,DROITE,CENTRE,GAUCHE,DROITE,DROITE,31.02,1.65,46.37,20.96,7.67,21980.0,52.3,0.0,0.0,1046,1054,DROITE,0,LE PEN
59073,00073,Berthen,2022,480,82,398,391,17.08,MACRON,LE PEN,MÉLENCHON,JADOT,PÉCRESSE,30.43,24.04,13.55,6.39,6.14,CENTRE,DROITE,GAUCHE,GAUCHE,DROITE,30.43,5.37,37.85,26.34,3.39,23760.0,53.27,0.0,0.0,597,607,CENTRE,1,MACRON
59084,00084,Blaringhem,2022,1638,368,1270,1236,22.47,LE PEN,MACRON,MÉLENCHON,ZEMMOUR,LASSALLE,37.94,27.59,11.57,5.1,3.56,DROITE,CENTRE,GAUCHE,DROITE,DIVERS,27.59,3.56,48.71,20.15,8.06,21910.0,54.66,3.91,8.0,2043,2073,DROITE,0,LE PEN
59086,00086,Boeschepe,2022,1705,382,1323,1295,22.4,LE PEN,MACRON,MÉLENCHON,ZEMMOUR,JADOT,32.97,25.25,14.52,5.17,4.56,DROITE,CENTRE,GAUCHE,DROITE,GAUCHE,25.25,3.32,43.55,27.88,4.37,24110.0,58.2,3.16,7.0,2179,2209,DROITE,0,LE PEN
59087,00087,Boëseghem,2022,599,123,476,465,20.53,LE PEN,MACRON,MÉLENCHON,ROUSSEL,ZEMMOUR,37.85,28.6,13.12,3.66,3.66,DROITE,CENTRE,GAUCHE,GAUCHE,DROITE,28.6,2.15,46.24,23.01,8.05,21810.0,49.06,0.0,0.0,741,754,DROITE,0,LE PEN
59091,00091,Borre,2022,454,80,374,362,17.62,MACRON,LE PEN,MÉLENCHON,ZEMMOUR,LASSALLE,34.25,27.35,15.19,7.18,4.14,CENTRE,DROITE,GAUCHE,DROITE,DIVERS,34.25,4.14,40.33,21.27,5.01,25740.0,50.17,0.0,0.0,576,591,CENTRE,1,MACRON
59119,00119,Buysscheure,2022,453,103,350,344,22.74,LE PEN,MACRON,MÉLENCHON,PÉCRESSE,ZEMMOUR,33.14,27.33,18.02,4.94,3.78,DROITE,CENTRE,GAUCHE,DROITE,DROITE,27.33,2.03,43.02,27.62,11.54,22420.0,54.59,0.0,0.0,590,596,DROITE,0,LE PEN
59120,00120,Caëstre,2022,1508,306,1202,1168,20.29,LE PEN,MACRON,MÉLENCHON,PÉCRESSE,ZEMMOUR,32.02,31.85,11.9,5.57,4.79,DROITE,CENTRE,GAUCHE,DROITE,DROITE,31.85,2.65,44.43,21.06,4.94,25330.0,56.92,2.53,5.0,2006,2044,DROITE,0,LE PEN
59135,00135,Cassel,2022,1707,407,1300,1264,23.84,MACRON,LE PEN,MÉLENCHON,ZEMMOUR,PÉCRESSE,31.01,23.1,18.91,7.52,4.91,CENTRE,DROITE,GAUCHE,DROITE,DROITE,31.01,2.93,37.74,28.32,9.84,23700.0,58.24,18.08,40.0,2227,2327,CENTRE,1,MACRON
59180,00180,Le Doulieu,2022,1135,188,947,916,16.56,MACRON,LE PEN,MÉLENCHON,ZEMMOUR,PÉCRESSE,32.64,27.07,14.74,7.64,4.37,CENTRE,DROITE,GAUCHE,DROITE,DROITE,32.64,2.84,41.05,23.47,3.5,26640.0,57.86,4.15,6.0,1454,1477,CENTRE,1,MACRON
59184,00184,Ebblinghem,2022,511,123,388,375,24.07,LE PEN,MACRON,MÉLENCHON,ZEMMOUR,LASSALLE,38.13,25.07,14.4,6.13,3.73,DROITE,CENTRE,GAUCHE,DROITE,DIVERS,25.07,3.73,49.6,21.6,8.47,23510.0,52.34,0.0,0.0,658,668,DROITE,0,LE PEN
59189,00189,Eecke,2022,996,208,788,761,20.88,LE PEN,MACRON,MÉLENCHON,ZEMMOUR,PÉCRESSE,29.83,28.25,15.51,6.44,5.78,DROITE,CENTRE,GAUCHE,DROITE,DROITE,28.25,4.07,44.94,22.73,5.78,25350.0,58.97,0.0,0.0,1221,1248,DROITE,0,LE PEN
59212,00212,Estaires,2022,5236,1413,3823,3744,26.99,LE PEN,MACRON,MÉLENCHON,ZEMMOUR,PÉCRESSE,39.72,25.8,14.13,6.41,3.04,DROITE,CENTRE,GAUCHE,DROITE,DROITE,25.8,1.58,51.01,21.61,10.79,21970.0,54.66,36.18,237.0,6496,6619,DROITE,0,LE PEN
59237,00237,Flêtre,2022,733,159,574,563,21.69,LE PEN,MACRON,MÉLENCHON,ZEMMOUR,PÉCRESSE,32.68,26.64,14.74,7.28,5.33,DROITE,CENTRE,GAUCHE,DROITE,DROITE,26.64,1.78,48.85,22.74,5.13,26440.0,60.98,0.0,0.0,969,984,DROITE,0,LE PEN
59262,00262,Godewaersvelde,2022,1549,326,1223,1195,21.05,LE PEN,MACRON,MÉLENCHON,ZEMMOUR,JADOT,29.29,28.95,16.07,5.36,4.35,DROITE,CENTRE,GAUCHE,DROITE,GAUCHE,28.95,2.18,41.0,27.87,5.94,23840.0,58.41,2.95,6.0,2053,2081,DROITE,0,LE PEN
59268,00268,La Gorgue,2022,4144,1000,3144,3070,24.13,LE PEN,MACRON,MÉLENCHON,ZEMMOUR,ROUSSEL,40.49,24.07,13.55,5.77,2.96,DROITE,CENTRE,GAUCHE,DROITE,GAUCHE,24.07,2.28,51.24,22.41,12.98,21990.0,52.52,32.41,180.0,5599,5651,DROITE,0,LE PEN
59282,00282,Hardifort,2022,328,59,269,263,17.99,LE PEN,MACRON,MÉLENCHON,PÉCRESSE,DUPONT-AIGNAN,33.84,23.57,16.35,8.75,3.8,DROITE,CENTRE,GAUCHE,DROITE,DROITE,23.57,1.9,49.43,25.1,2.38,24110.0,51.31,0.0,0.0,395,404,DROITE,0,LE PEN
59293,00293,Haverskerque,2022,1120,285,835,815,25.45,LE PEN,MACRON,MÉLENCHON,LASSALLE,ZEMMOUR,37.42,28.22,12.88,4.66,3.93,DROITE,CENTRE,GAUCHE,DIVERS,DROITE,28.22,4.66,45.77,21.35,10.93,23500.0,50.16,9.39,13.0,1401,1419,DROITE,0,LE PEN
59295,00295,Hazebrouck,2022,16769,4796,11973,11730,28.6,LE PEN,MACRON,MÉLENCHON,ZEMMOUR,PÉCRESSE,32.63,28.27,17.68,4.86,3.81,DROITE,CENTRE,GAUCHE,DROITE,DROITE,28.27,2.04,43.09,26.61,11.99,21160.0,57.77,42.18,919.0,21498,21899,DROITE,0,LE PEN
59308,00308,Hondeghem,2022,757,121,636,620,15.98,MACRON,LE PEN,MÉLENCHON,LASSALLE,ZEMMOUR,36.45,22.26,12.58,5.48,5.16,CENTRE,DROITE,GAUCHE,DIVERS,DROITE,36.45,5.48,34.84,23.23,5.31,26110.0,54.97,0.0,0.0,913,936,CENTRE,1,MACRON
59318,00318,Houtkerque,2022,707,137,570,556,19.38,LE PEN,MACRON,MÉLENCHON,ZEMMOUR,DUPONT-AIGNAN,33.63,24.28,11.87,8.99,5.4,DROITE,CENTRE,GAUCHE,DROITE,DROITE,24.28,4.32,51.98,19.42,9.16,23780.0,53.7,5.09,5.0,985,994,DROITE,0,LE PEN
59366,00366,Lynde,2022,616,101,515,502,16.4,LE PEN,MACRON,MÉLENCHON,ZEMMOUR,DUPONT-AIGNAN,33.07,25.9,14.14,6.37,3.98,DROITE,CENTRE,GAUCHE,DROITE,DROITE,25.9,2.79,46.61,24.7,5.78,23860.0,52.5,0.0,0.0,778,793,DROITE,0,LE PEN
59399,00399,Merris,2022,865,202,663,647,23.35,MACRON,LE PEN,MÉLENCHON,ZEMMOUR,PÉCRESSE,31.68,27.82,14.84,8.66,5.26,CENTRE,DROITE,GAUCHE,DROITE,DROITE,31.68,1.85,43.43,23.03,1.98,25220.0,60.48,0.0,0.0,1049,1081,CENTRE,1,MACRON
59400,00400,Merville,2022,7555,2256,5299,5187,29.86,LE PEN,MACRON,MÉLENCHON,ZEMMOUR,PÉCRESSE,42.57,21.25,16.37,5.38,2.7,DROITE,CENTRE,GAUCHE,DROITE,DROITE,21.25,1.81,52.75,24.2,10.64,20840.0,49.62,34.64,337.0,9652,9740,DROITE,0,LE PEN
59401,00401,Méteren,2022,1757,377,1380,1342,21.46,MACRON,LE PEN,MÉLENCHON,ZEMMOUR,PÉCRESSE,34.58,28.39,11.92,5.44,4.25,CENTRE,DROITE,GAUCHE,DROITE,DROITE,34.58,3.87,40.09,21.46,4.74,25250.0,59.11,23.77,53.0,2256,2287,CENTRE,1,MACRON
59416,00416,Morbecque,2022,2083,437,1646,1605,20.98,LE PEN,MACRON,MÉLENCHON,ZEMMOUR,PÉCRESSE,31.28,28.41,14.08,6.04,4.36,DROITE,CENTRE,GAUCHE,DROITE,DROITE,28.41,3.05,44.36,24.17,9.81,23830.0,54.07,8.27,21.0,2509,2551,DROITE,0,LE PEN
59423,00423,Neuf-Berquin,2022,1037,203,834,816,19.58,LE PEN,MACRON,MÉLENCHON,ZEMMOUR,ROUSSEL,38.11,22.92,16.18,5.51,4.17,DROITE,CENTRE,GAUCHE,DROITE,GAUCHE,22.92,2.21,48.77,26.1,4.96,22950.0,50.35,0.0,0.0,1403,1424,DROITE,0,LE PEN
59431,00431,Nieppe,2022,6272,1806,4466,4379,28.79,LE PEN,MACRON,MÉLENCHON,ZEMMOUR,PÉCRESSE,29.98,29.73,15.89,6.46,4.32,DROITE,CENTRE,GAUCHE,DROITE,DROITE,29.73,1.94,42.73,25.6,7.18,23470.0,58.47,35.13,270.0,7606,7686,DROITE,0,LE PEN
59436,00436,Noordpeene,2022,625,109,516,495,17.44,LE PEN,MACRON,MÉLENCHON,PÉCRESSE,JADOT,33.74,24.44,17.98,5.45,5.05,DROITE,CENTRE,GAUCHE,DROITE,GAUCHE,24.44,3.03,46.06,26.46,8.38,22780.0,54.66,0.0,0.0,800,813,DROITE,0,LE PEN
59443,00443,Ochtezeele,2022,270,57,213,206,21.11,LE PEN,MACRON,ZEMMOUR,PÉCRESSE,JADOT,33.01,28.16,10.68,7.77,5.34,DROITE,CENTRE,DROITE,DROITE,GAUCHE,28.16,3.88,53.4,14.56,3.79,24630.0,54.06,0.0,0.0,375,376,DROITE,0,LE PEN
59453,00453,Oudezeele,2022,538,110,428,417,20.45,LE PEN,MACRON,MÉLENCHON,JADOT,ZEMMOUR,33.09,27.34,13.67,6.24,5.28,DROITE,CENTRE,GAUCHE,GAUCHE,DROITE,27.34,2.4,45.08,25.18,6.19,23670.0,54.57,0.0,0.0,684,698,DROITE,0,LE PEN
59454,00454,Oxelaëre,2022,384,63,321,313,16.41,MACRON,LE PEN,MÉLENCHON,PÉCRESSE,ZEMMOUR,33.87,25.24,11.82,10.22,7.35,CENTRE,DROITE,GAUCHE,DROITE,DROITE,33.87,3.19,44.41,18.53,2.27,22760.0,52.06,0.0,0.0,528,533,CENTRE,1,MACRON
59469,00469,Pradelles,2022,325,58,267,261,17.85,LE PEN,MACRON,MÉLENCHON,PÉCRESSE,DUPONT-AIGNAN,33.72,33.33,13.79,4.21,3.83,DROITE,CENTRE,GAUCHE,DROITE,DROITE,33.33,1.53,45.59,19.54,4.62,25120.0,64.02,0.0,0.0,410,420,DROITE,0,LE PEN
59497,00497,Renescure,2022,1765,411,1354,1318,23.29,LE PEN,MACRON,MÉLENCHON,ZEMMOUR,PÉCRESSE,37.63,32.25,10.62,4.78,4.17,DROITE,CENTRE,GAUCHE,DROITE,DROITE,32.25,3.03,48.1,16.62,5.07,22800.0,53.4,0.0,0.0,2128,2157,DROITE,0,LE PEN
59516,00516,Rubrouck,2022,704,110,594,574,15.62,MACRON,LE PEN,MÉLENCHON,ZEMMOUR,PÉCRESSE,31.88,28.75,16.38,4.7,4.53,CENTRE,DROITE,GAUCHE,DROITE,DROITE,31.88,4.01,41.46,22.65,3.09,22060.0,53.26,0.0,0.0,919,941,CENTRE,1,MACRON
59535,00535,Saint-Jans-Cappel,2022,1323,247,1076,1052,18.67,MACRON,LE PEN,MÉLENCHON,ZEMMOUR,PÉCRESSE,36.6,24.71,13.78,5.42,5.13,CENTRE,DROITE,GAUCHE,DROITE,DROITE,36.6,2.09,37.55,23.76,7.64,25890.0,60.38,0.0,0.0,1642,1689,CENTRE,1,MACRON
59536,00536,Sainte-Marie-Cappel,2022,724,127,597,586,17.54,MACRON,LE PEN,MÉLENCHON,ZEMMOUR,PÉCRESSE,33.96,22.7,13.65,7.51,6.14,CENTRE,DROITE,GAUCHE,DROITE,DROITE,33.96,2.56,38.4,25.09,3.95,26510.0,58.84,0.0,0.0,857,882,CENTRE,1,MACRON
59546,00546,Saint-Sylvestre-Cappel,2022,973,186,787,772,19.12,LE PEN,MACRON,MÉLENCHON,ZEMMOUR,PÉCRESSE,32.51,29.79,11.27,6.74,5.31,DROITE,CENTRE,GAUCHE,DROITE,DROITE,29.79,2.98,46.63,20.6,7.47,23930.0,52.64,0.0,0.0,1154,1184,DROITE,0,LE PEN
59568,00568,Sercus,2022,347,58,289,279,16.71,MACRON,LE PEN,MÉLENCHON,ZEMMOUR,JADOT,35.13,29.39,16.49,4.66,2.87,CENTRE,DROITE,GAUCHE,DROITE,GAUCHE,35.13,2.15,38.71,24.01,0.0,25460.0,51.82,0.0,0.0,484,492,CENTRE,1,MACRON
59577,00577,Staple,2022,542,121,421,415,22.32,LE PEN,MACRON,MÉLENCHON,ZEMMOUR,LASSALLE,32.29,32.29,13.25,4.34,4.1,DROITE,CENTRE,GAUCHE,DROITE,DIVERS,32.29,4.1,42.89,20.72,7.25,22170.0,54.49,0.0,0.0,693,697,CENTRE,1,MACRON
59578,00578,Steenbecque,2022,1320,268,1052,1029,20.3,LE PEN,MACRON,MÉLENCHON,ZEMMOUR,DUPONT-AIGNAN,31.49,30.22,16.52,4.47,3.79,DROITE,CENTRE,GAUCHE,DROITE,DROITE,30.22,2.33,42.18,25.27,5.89,22630.0,54.98,6.77,11.0,1650,1679,DROITE,0,LE PEN
59580,00580,Steenvoorde,2022,3276,715,2561,2497,21.83,MACRON,LE PEN,MÉLENCHON,PÉCRESSE,ZEMMOUR,30.88,29.6,13.02,6.25,5.01,CENTRE,DROITE,GAUCHE,DROITE,DROITE,30.88,3.64,43.53,21.95,8.29,23050.0,57.14,13.7,59.0,4324,4394,CENTRE,1,MACRON
59581,00581,Steenwerck,2022,2817,604,2213,2163,21.44,MACRON,LE PEN,MÉLENCHON,ZEMMOUR,JADOT,29.82,27.32,17.15,7.17,5.78,CENTRE,DROITE,GAUCHE,DROITE,GAUCHE,29.82,2.4,39.85,27.92,5.56,24620.0,57.88,14.97,52.0,3540,3596,CENTRE,1,MACRON
59582,00582,Strazeele,2022,647,134,513,493,20.71,LE PEN,MACRON,MÉLENCHON,ZEMMOUR,LASSALLE,33.06,28.8,14.4,8.11,3.85,DROITE,CENTRE,GAUCHE,DROITE,DIVERS,28.8,3.85,45.44,21.91,7.24,23860.0,54.06,0.0,0.0,946,968,DROITE,0,LE PEN
59587,00587,Terdeghem,2022,433,79,354,342,18.24,MACRON,LE PEN,MÉLENCHON,PÉCRESSE,DUPONT-AIGNAN,32.75,26.61,15.79,7.89,3.51,CENTRE,DROITE,GAUCHE,DROITE,DROITE,32.75,3.22,41.23,22.81,8.3,25850.0,62.68,0.0,0.0,518,530,CENTRE,1,MACRON
59590,00590,Thiennes,2022,658,142,516,507,21.58,LE PEN,MACRON,MÉLENCHON,ZEMMOUR,ROUSSEL,38.26,19.53,16.96,7.69,3.55,DROITE,CENTRE,GAUCHE,DROITE,GAUCHE,19.53,2.76,50.69,27.02,16.3,21580.0,46.82,0.0,0.0,916,931,DROITE,0,LE PEN
59615,00615,Vieux-Berquin,2022,2016,422,1594,1572,20.93,LE PEN,MACRON,MÉLENCHON,ZEMMOUR,PÉCRESSE,32.63,27.99,12.91,7.12,5.53,DROITE,CENTRE,GAUCHE,DROITE,DROITE,27.99,2.61,47.01,22.39,3.9,24590.0,52.75,6.44,17.0,2649,2693,DROITE,0,LE PEN
59634,00634,Wallon-Cappel,2022,665,103,562,547,15.49,MACRON,LE PEN,MÉLENCHON,PÉCRESSE,ZEMMOUR,38.76,26.87,10.24,5.85,4.94,CENTRE,DROITE,GAUCHE,DROITE,DROITE,38.76,2.56,39.31,19.38,1.34,25130.0,52.75,0.0,0.0,788,807,CENTRE,1,MACRON
59655,00655,Wemaers-Cappel,2022,173,24,149,141,13.87,LE PEN,MACRON,MÉLENCHON,ZEMMOUR,PÉCRESSE,32.62,27.66,9.93,9.93,5.67,DROITE,CENTRE,GAUCHE,DROITE,DROITE,27.66,2.13,49.65,20.57,0.0,25860.0,60.12,0.0,0.0,237,241,DROITE,0,LE PEN
59662,00662,Winnezeele,2022,949,193,756,743,20.34,LE PEN,MACRON,MÉLENCHON,ZEMMOUR,DUPONT-AIGNAN,32.3,31.09,13.59,5.65,3.36,DROITE,CENTRE,GAUCHE,DROITE,DROITE,31.09,2.42,44.68,21.8,7.1,23340.0,55.67,0.0,0.0,1300,1331,DROITE,0,LE PEN
59667,00667,Zermezeele,2022,184,26,158,156,14.13,LE PEN,MACRON,PÉCRESSE,ZEMMOUR,MÉLENCHON,34.62,31.41,8.97,5.77,5.13,DROITE,CENTRE,DROITE,DROITE,GAUCHE,31.41,1.92,52.56,14.1,0.0,23600.0,55.49,0.0,0.0,238,243,DROITE,0,LE PEN
59669,00669,Zuytpeene,2022,423,86,337,330,20.33,LE PEN,MACRON,MÉLENCHON,PÉCRESSE,ZEMMOUR,34.24,23.94,17.58,7.27,5.76,DROITE,CENTRE,GAUCHE,DROITE,DROITE,23.94,0.91,50.61,24.55,11.86,22120.0,50.72,0.0,0.0,527,536,DROITE,0,LE PEN
59007,00007,Anhiers,2022,626,120,506,501,19.17,LE PEN,MÉLENCHON,MACRON,ZEMMOUR,ROUSSEL,46.51,16.77,14.77,6.79,5.39,DROITE,GAUCHE,CENTRE,DROITE,GAUCHE,14.77,1.0,57.49,26.75,14.12,21640.0,45.5,0.0,0.0,893,902,DROITE,0,LE PEN
59008,00008,Aniche,2022,6807,2216,4591,4519,32.55,LE PEN,MÉLENCHON,MACRON,ROUSSEL,ZEMMOUR,44.63,20.82,14.74,7.32,3.92,DROITE,GAUCHE,CENTRE,GAUCHE,DROITE,14.74,1.24,51.71,32.31,19.41,17820.0,47.0,49.5,495.0,9997,10057,DROITE,0,LE PEN
59024,00024,Auberchicourt,2022,3247,873,2374,2324,26.89,LE PEN,MACRON,MÉLENCHON,ZEMMOUR,ROUSSEL,41.52,20.52,18.46,5.21,4.22,DROITE,CENTRE,GAUCHE,DROITE,GAUCHE,20.52,1.55,50.56,27.37,16.14,19850.0,51.75,26.16,121.0,4626,4663,DROITE,0,LE PEN
59105,00105,Bouvignies,2022,1272,265,1007,976,20.83,MACRON,LE PEN,MÉLENCHON,JADOT,ZEMMOUR,31.56,25.92,14.86,6.45,6.35,CENTRE,DROITE,GAUCHE,GAUCHE,DROITE,31.56,2.77,38.83,26.84,5.93,26910.0,61.17,0.0,0.0,1548,1581,CENTRE,1,MACRON
59113,00113,Bruille-lez-Marchiennes,2022,898,127,771,755,14.14,LE PEN,ROUSSEL,MACRON,MÉLENCHON,ZEMMOUR,38.28,20.13,14.3,12.58,5.17,DROITE,GAUCHE,CENTRE,GAUCHE,DROITE,14.3,1.99,47.02,36.69,10.95,20840.0,47.58,0.0,0.0,1350,1356,DROITE,0,LE PEN
59170,00170,Dechy,2022,3584,1068,2516,2459,29.8,LE PEN,MÉLENCHON,MACRON,ROUSSEL,ZEMMOUR,43.27,24.36,15.17,4.88,4.43,DROITE,GAUCHE,CENTRE,GAUCHE,DROITE,15.17,1.34,49.86,33.63,20.45,18010.0,53.4,42.67,228.0,5351,5384,DROITE,0,LE PEN
59185,00185,Ecaillon,2022,1404,412,992,977,29.34,LE PEN,MACRON,MÉLENCHON,ROUSSEL,ZEMMOUR,44.22,19.96,18.94,4.4,3.58,DROITE,CENTRE,GAUCHE,GAUCHE,DROITE,19.96,1.84,50.46,27.74,16.77,19590.0,50.32,21.24,40.0,1910,1924,DROITE,0,LE PEN
59203,00203,Erre,2022,1142,232,910,895,20.32,LE PEN,MACRON,MÉLENCHON,ZEMMOUR,ROUSSEL,41.12,18.77,16.2,8.38,4.69,DROITE,CENTRE,GAUCHE,DROITE,GAUCHE,18.77,2.23,53.85,25.14,8.14,22540.0,50.52,7.61,12.0,1574,1582,DROITE,0,LE PEN
59227,00227,Fenain,2022,4138,1184,2954,2904,28.61,LE PEN,MÉLENCHON,MACRON,ROUSSEL,ZEMMOUR,45.7,18.87,16.43,5.61,4.79,DROITE,GAUCHE,CENTRE,GAUCHE,DROITE,16.43,1.79,53.24,28.55,17.58,20110.0,49.45,22.23,123.0,5529,5577,DROITE,0,LE PEN
59239,00239,Flines-lez-Raches,2022,4466,1166,3300,3241,26.11,LE PEN,MACRON,MÉLENCHON,ZEMMOUR,ROUSSEL,33.26,28.05,13.98,6.7,4.66,DROITE,CENTRE,GAUCHE,DROITE,GAUCHE,28.05,2.07,44.89,24.99,10.92,24460.0,55.36,15.15,86.0,5610,5701,DROITE,0,LE PEN
59276,00276,Guesnain,2022,3376,806,2570,2522,23.87,LE PEN,MÉLENCHON,MACRON,ROUSSEL,ZEMMOUR,40.36,22.2,15.5,9.87,4.4,DROITE,GAUCHE,CENTRE,GAUCHE,DROITE,15.5,1.74,47.18,35.57,14.81,18710.0,51.26,39.18,182.0,4656,4684,DROITE,0,LE PEN
59314,00314,Hornaing,2022,2805,779,2026,1982,27.77,LE PEN,MACRON,MÉLENCHON,ROUSSEL,ZEMMOUR,43.34,17.36,16.6,5.75,5.4,DROITE,CENTRE,GAUCHE,GAUCHE,DROITE,17.36,1.36,51.87,29.41,10.84,20420.0,51.37,12.49,44.0,3535,3568,DROITE,0,LE PEN
59327,00327,Lallaing,2022,4696,1358,3338,3263,28.92,LE PEN,MÉLENCHON,MACRON,ZEMMOUR,ROUSSEL,49.1,17.28,15.84,5.06,4.69,DROITE,GAUCHE,CENTRE,DROITE,GAUCHE,15.84,1.29,57.68,25.19,20.97,18880.0,52.98,29.3,182.0,6250,6286,DROITE,0,LE PEN
59345,00345,Lewarde,2022,1779,455,1324,1294,25.58,LE PEN,MÉLENCHON,MACRON,ROUSSEL,ZEMMOUR,37.56,19.4,17.31,11.21,5.56,DROITE,GAUCHE,CENTRE,GAUCHE,DROITE,17.31,1.31,46.21,35.16,22.51,21020.0,47.49,14.66,35.0,2403,2428,DROITE,0,LE PEN
59354,00354,Loffre,2022,605,113,492,484,18.68,LE PEN,MACRON,MÉLENCHON,ZEMMOUR,ROUSSEL,30.99,29.96,13.84,7.64,5.99,DROITE,CENTRE,GAUCHE,DROITE,GAUCHE,29.96,3.93,41.12,25.0,3.14,27100.0,51.86,0.0,0.0,714,727,DROITE,0,LE PEN
59375,00375,Marchiennes,2022,3651,955,2696,2628,26.16,LE PEN,MACRON,MÉLENCHON,ZEMMOUR,ROUSSEL,33.71,25.88,15.91,7.57,4.0,DROITE,CENTRE,GAUCHE,DROITE,GAUCHE,25.88,1.98,45.81,26.33,9.82,23590.0,56.53,11.54,52.0,4539,4600,DROITE,0,LE PEN
59390,00390,Masny,2022,2897,793,2104,2056,27.37,LE PEN,MÉLENCHON,MACRON,ROUSSEL,ZEMMOUR,41.25,22.57,18.19,6.32,4.72,DROITE,GAUCHE,CENTRE,GAUCHE,DROITE,18.19,1.56,48.2,32.05,20.47,18430.0,50.7,27.31,110.0,4056,4083,DROITE,0,LE PEN
59414,00414,Montigny-en-Ostrevent,2022,3405,916,2489,2430,26.9,LE PEN,MÉLENCHON,MACRON,ZEMMOUR,ROUSSEL,39.96,20.86,19.71,5.47,4.44,DROITE,GAUCHE,CENTRE,DROITE,GAUCHE,19.71,1.23,48.56,30.49,13.45,19710.0,53.2,17.22,79.0,4681,4735,DROITE,0,LE PEN
59456,00456,Pecquencourt,2022,4459,1373,3086,3029,30.79,LE PEN,MÉLENCHON,MACRON,ZEMMOUR,ROUSSEL,46.09,21.13,15.91,4.39,3.53,DROITE,GAUCHE,CENTRE,DROITE,GAUCHE,15.91,1.22,53.52,29.35,23.63,18230.0,52.05,30.03,185.0,6232,6498,DROITE,0,LE PEN
59501,00501,Rieulay,2022,1034,269,765,751,26.02,LE PEN,MACRON,MÉLENCHON,ZEMMOUR,ROUSSEL,33.16,24.9,16.91,6.92,4.79,DROITE,CENTRE,GAUCHE,DROITE,GAUCHE,24.9,2.66,43.41,29.03,12.63,22110.0,53.96,14.68,18.0,1243,1268,DROITE,0,LE PEN
59569,00569,Sin-le-Noble,2022,10745,3492,7253,7085,32.5,LE PEN,MÉLENCHON,MACRON,ZEMMOUR,ROUSSEL,37.84,24.93,18.9,4.73,4.46,DROITE,GAUCHE,CENTRE,DROITE,GAUCHE,18.9,0.86,46.25,33.99,19.74,18540.0,50.89,50.08,797.0,15603,15705,DROITE,0,LE PEN
59574,00574,Somain,2022,8690,2710,5980,5864,31.19,LE PEN,MÉLENCHON,MACRON,ROUSSEL,ZEMMOUR,41.39,20.63,16.49,7.71,4.66,DROITE,GAUCHE,CENTRE,GAUCHE,DROITE,16.49,1.67,48.6,33.24,20.41,19150.0,52.22,47.13,561.0,11790,11881,DROITE,0,LE PEN
59596,00596,Tilloy-lez-Marchiennes,2022,488,78,410,400,15.98,MACRON,LE PEN,MÉLENCHON,ZEMMOUR,JADOT,31.5,25.5,16.0,8.75,6.25,CENTRE,DROITE,GAUCHE,DROITE,GAUCHE,31.5,1.75,39.5,27.25,3.13,29240.0,62.69,0.0,0.0,528,549,CENTRE,1,MACRON
59629,00629,Vred,2022,993,201,792,782,20.24,LE PEN,MACRON,MÉLENCHON,ZEMMOUR,ROUSSEL,35.17,22.25,17.77,5.75,4.73,DROITE,CENTRE,GAUCHE,DROITE,GAUCHE,22.25,2.69,45.78,29.28,12.23,24320.0,50.69,12.2,16.0,1311,1334,DROITE,0,LE PEN
59637,00637,Wandignies-Hamage,2022,977,182,795,778,18.63,LE PEN,MACRON,MÉLENCHON,ZEMMOUR,JADOT,37.15,28.53,13.5,6.81,4.24,DROITE,CENTRE,GAUCHE,DROITE,GAUCHE,28.53,2.31,46.4,22.75,2.26,25680.0,58.32,3.82,5.0,1318,1336,DROITE,0,LE PEN
59642,00642,Warlaing,2022,465,102,363,356,21.94,MACRON,LE PEN,MÉLENCHON,PÉCRESSE,ZEMMOUR,30.9,28.09,13.2,6.74,5.34,CENTRE,DROITE,GAUCHE,DROITE,DROITE,30.9,2.53,42.7,23.88,1.63,26570.0,59.1,0.0,0.0,594,607,CENTRE,1,MACRON
59654,00654,Waziers,2022,4959,1573,3386,3331,31.72,LE PEN,MÉLENCHON,MACRON,ROUSSEL,ZEMMOUR,36.27,34.94,13.21,6.09,3.78,DROITE,GAUCHE,CENTRE,GAUCHE,DROITE,13.21,1.02,42.03,43.74,26.89,16770.0,53.84,46.36,339.0,7354,7418,DROITE,0,LE PEN
59015,00015,Arleux,2022,2389,565,1824,1792,23.65,LE PEN,MACRON,MÉLENCHON,ZEMMOUR,ROUSSEL,44.59,20.48,12.0,6.31,6.14,DROITE,CENTRE,GAUCHE,DROITE,GAUCHE,20.48,1.34,55.64,22.54,13.19,22420.0,53.03,28.91,91.0,3151,3177,DROITE,0,LE PEN
59026,00026,Aubigny-au-Bac,2022,885,189,696,683,21.36,LE PEN,MACRON,MÉLENCHON,ZEMMOUR,LASSALLE,51.1,18.3,12.15,5.86,3.37,DROITE,CENTRE,GAUCHE,DROITE,DIVERS,18.3,3.37,60.18,18.16,14.96,22220.0,46.71,8.57,10.0,1159,1175,DROITE,0,LE PEN
59028,00028,Auby,2022,4879,1274,3605,3539,26.11,LE PEN,MÉLENCHON,MACRON,ROUSSEL,ZEMMOUR,38.82,32.58,13.65,4.55,3.84,DROITE,GAUCHE,CENTRE,GAUCHE,DROITE,13.65,1.27,44.48,40.6,25.75,18540.0,50.78,41.42,297.0,7188,7222,DROITE,0,LE PEN
59115,00115,Brunémont,2022,517,106,411,394,20.5,LE PEN,MACRON,MÉLENCHON,ZEMMOUR,LASSALLE,48.48,17.77,12.69,5.84,3.55,DROITE,CENTRE,GAUCHE,DROITE,DIVERS,17.77,3.55,58.38,20.3,14.29,22760.0,52.22,16.88,12.0,710,718,DROITE,0,LE PEN
59117,00117,Bugnicourt,2022,838,190,648,638,22.67,LE PEN,MACRON,MÉLENCHON,ZEMMOUR,JADOT,43.26,23.2,13.32,3.76,3.29,DROITE,CENTRE,GAUCHE,DROITE,GAUCHE,23.2,3.13,50.94,22.73,8.36,23300.0,50.47,0.0,0.0,1074,1086,DROITE,0,LE PEN
59126,00126,Cantin,2022,1209,243,966,947,20.1,LE PEN,MACRON,MÉLENCHON,ZEMMOUR,JADOT,41.61,24.6,12.67,5.49,3.17,DROITE,CENTRE,GAUCHE,DROITE,GAUCHE,24.6,1.9,51.64,21.86,14.76,21730.0,51.23,16.52,29.0,1770,1784,DROITE,0,LE PEN
59156,00156,Courchelettes,2022,2126,512,1614,1587,24.08,LE PEN,MACRON,MÉLENCHON,ZEMMOUR,ROUSSEL,42.34,21.17,16.26,5.99,3.78,DROITE,CENTRE,GAUCHE,DROITE,GAUCHE,21.17,1.32,52.8,24.7,16.87,21750.0,54.71,9.07,26.0,2881,2917,DROITE,0,LE PEN
59165,00165,Cuincy,2022,4992,1262,3730,3663,25.28,LE PEN,MACRON,MÉLENCHON,ZEMMOUR,JADOT,30.38,25.44,24.02,5.6,3.28,DROITE,CENTRE,GAUCHE,DROITE,GAUCHE,25.44,1.61,40.4,32.54,12.14,23000.0,53.94,30.77,200.0,6472,6546,DROITE,0,LE PEN
59178,00178,Douai,2022,26358,9128,17230,16947,34.63,LE PEN,MÉLENCHON,MACRON,ZEMMOUR,JADOT,28.07,27.3,23.86,5.84,3.61,DROITE,GAUCHE,CENTRE,DROITE,GAUCHE,23.86,1.33,38.61,36.2,21.29,18440.0,58.41,83.37,3321.0,39648,40474,DROITE,0,LE PEN
59199,00199,Erchin,2022,569,121,448,435,21.27,MACRON,LE PEN,MÉLENCHON,ZEMMOUR,PÉCRESSE,31.95,28.51,14.48,6.67,6.44,CENTRE,DROITE,GAUCHE,DROITE,DROITE,31.95,2.76,43.22,22.07,16.44,25400.0,52.25,0.0,0.0,681,692,CENTRE,1,MACRON
59211,00211,Esquerchin,2022,625,116,509,496,18.56,LE PEN,MACRON,MÉLENCHON,ZEMMOUR,JADOT,36.49,25.2,15.12,6.45,5.04,DROITE,CENTRE,GAUCHE,DROITE,GAUCHE,25.2,1.81,47.78,25.2,10.33,23580.0,57.99,0.0,0.0,901,921,DROITE,0,LE PEN
59214,00214,Estrées,2022,861,156,705,687,18.12,LE PEN,MACRON,MÉLENCHON,ZEMMOUR,PÉCRESSE,40.17,23.14,17.03,5.82,3.35,DROITE,CENTRE,GAUCHE,DROITE,DROITE,23.14,1.6,50.66,24.6,12.89,24500.0,55.43,0.0,0.0,1116,1140,DROITE,0,LE PEN
59224,00224,Féchain,2022,1250,345,905,877,27.6,LE PEN,MACRON,MÉLENCHON,ZEMMOUR,ROUSSEL,44.93,20.3,12.43,6.61,5.93,DROITE,CENTRE,GAUCHE,DROITE,GAUCHE,20.3,2.74,54.73,22.23,13.2,21800.0,56.7,6.65,11.0,1658,1671,DROITE,0,LE PEN
59228,00228,Férin,2022,1147,204,943,921,17.79,LE PEN,MACRON,MÉLENCHON,ZEMMOUR,ROUSSEL,35.29,25.41,12.49,6.08,4.99,DROITE,CENTRE,GAUCHE,DROITE,GAUCHE,25.41,3.04,47.99,23.56,9.68,25080.0,55.24,16.66,24.0,1447,1469,DROITE,0,LE PEN
59234,00234,Flers-en-Escrebieux,2022,3599,962,2637,2588,26.73,LE PEN,MÉLENCHON,MACRON,ZEMMOUR,ROUSSEL,41.38,25.15,17.58,4.52,2.63,DROITE,GAUCHE,CENTRE,DROITE,GAUCHE,17.58,1.58,49.42,31.41,13.98,19610.0,51.04,42.65,236.0,5642,5681,DROITE,0,LE PEN
59254,00254,Fressain,2022,677,127,550,543,18.76,LE PEN,MACRON,MÉLENCHON,ZEMMOUR,ROUSSEL,41.44,24.49,10.5,6.45,4.6,DROITE,CENTRE,GAUCHE,DROITE,GAUCHE,24.49,2.58,52.3,20.63,5.42,23720.0,48.99,0.0,0.0,893,905,DROITE,0,LE PEN
59263,00263,Goeulzin,2022,908,236,672,664,25.99,LE PEN,MACRON,MÉLENCHON,ZEMMOUR,ROUSSEL,37.8,25.45,12.65,8.58,4.22,DROITE,CENTRE,GAUCHE,DROITE,GAUCHE,25.45,1.96,50.6,21.99,6.14,26990.0,54.65,0.0,0.0,1042,1068,DROITE,0,LE PEN
59280,00280,Hamel,2022,638,139,499,490,21.79,LE PEN,MACRON,MÉLENCHON,ZEMMOUR,PÉCRESSE,44.69,18.78,15.31,6.73,4.08,DROITE,CENTRE,GAUCHE,DROITE,DROITE,18.78,2.04,57.35,21.84,13.46,23250.0,46.09,0.0,0.0,775,783,DROITE,0,LE PEN
59329,00329,Lambres-lez-Douai,2022,3619,969,2650,2599,26.78,LE PEN,MACRON,MÉLENCHON,ZEMMOUR,PÉCRESSE,34.63,25.39,16.89,6.58,3.66,DROITE,CENTRE,GAUCHE,DROITE,DROITE,25.39,1.5,46.98,26.13,16.17,22820.0,54.82,31.42,154.0,4926,5011,DROITE,0,LE PEN
59334,00334,Lauwin-Planque,2022,1338,283,1055,1030,21.15,LE PEN,MACRON,MÉLENCHON,ZEMMOUR,ROUSSEL,34.27,24.56,18.83,6.21,3.88,DROITE,CENTRE,GAUCHE,DROITE,GAUCHE,24.56,1.46,45.15,28.83,10.61,24310.0,56.76,28.25,45.0,1582,1604,DROITE,0,LE PEN
59336,00336,Lécluse,2022,1002,236,766,749,23.55,LE PEN,MACRON,MÉLENCHON,ZEMMOUR,ROUSSEL,45.53,16.82,14.15,6.68,5.07,DROITE,CENTRE,GAUCHE,DROITE,GAUCHE,16.82,3.87,57.68,21.63,9.76,20850.0,50.74,38.38,52.0,1361,1376,DROITE,0,LE PEN
59379,00379,Marcq-en-Ostrevent,2022,506,98,408,402,19.37,LE PEN,MACRON,MÉLENCHON,ZEMMOUR,JADOT,48.51,19.4,14.18,4.23,3.73,DROITE,CENTRE,GAUCHE,DROITE,GAUCHE,19.4,1.0,57.71,21.89,2.74,23170.0,53.95,0.0,0.0,762,765,DROITE,0,LE PEN
59409,00409,Monchecourt,2022,1864,514,1350,1324,27.58,LE PEN,MÉLENCHON,MACRON,ROUSSEL,ZEMMOUR,47.51,16.69,16.47,5.82,4.61,DROITE,GAUCHE,CENTRE,GAUCHE,DROITE,16.47,1.21,56.57,25.76,15.43,20250.0,46.66,16.08,40.0,2501,2520,DROITE,0,LE PEN
59486,00486,Râches,2022,2024,533,1491,1452,26.33,LE PEN,MACRON,MÉLENCHON,ZEMMOUR,ROUSSEL,38.22,26.72,15.01,5.85,3.72,DROITE,CENTRE,GAUCHE,DROITE,GAUCHE,26.72,1.45,48.9,22.93,12.72,22130.0,52.25,24.21,64.0,2660,2702,DROITE,0,LE PEN
59489,00489,Raimbeaucourt,2022,3068,787,2281,2233,25.65,LE PEN,MACRON,MÉLENCHON,ZEMMOUR,ROUSSEL,35.65,24.23,15.32,9.05,3.45,DROITE,CENTRE,GAUCHE,DROITE,GAUCHE,24.23,2.15,49.35,24.27,13.34,24050.0,54.15,13.96,56.0,4015,4070,DROITE,0,LE PEN
59509,00509,Roost-Warendin,2022,4698,1265,3433,3362,26.93,LE PEN,MACRON,MÉLENCHON,ZEMMOUR,ROUSSEL,41.82,19.93,19.04,5.68,3.48,DROITE,CENTRE,GAUCHE,DROITE,GAUCHE,19.93,1.7,51.34,27.04,16.21,20810.0,51.27,26.48,158.0,5976,6027,DROITE,0,LE PEN
59513,00513,Roucourt,2022,373,65,308,301,17.43,LE PEN,MACRON,MÉLENCHON,ZEMMOUR,PÉCRESSE,28.9,24.25,23.26,10.96,5.32,DROITE,CENTRE,GAUCHE,DROITE,DROITE,24.25,1.33,46.84,27.57,7.64,25060.0,51.88,0.0,0.0,457,463,DROITE,0,LE PEN
59620,00620,Villers-au-Tertre,2022,506,98,408,396,19.37,LE PEN,MACRON,MÉLENCHON,ROUSSEL,JADOT,35.1,22.22,15.91,6.06,5.56,DROITE,CENTRE,GAUCHE,GAUCHE,GAUCHE,22.22,2.27,42.68,32.83,13.33,25120.0,49.59,0.0,0.0,667,676,DROITE,0,LE PEN
59001,00001,Abancourt,2022,366,56,310,307,15.3,LE PEN,MACRON,MÉLENCHON,ZEMMOUR,PÉCRESSE,29.64,27.69,12.05,11.4,5.86,DROITE,CENTRE,GAUCHE,DROITE,DROITE,27.69,2.93,49.84,19.54,2.72,25560.0,57.86,0.0,0.0,459,475,DROITE,0,LE PEN
59010,00010,Anneux,2022,184,33,151,148,17.93,LE PEN,MACRON,MÉLENCHON,PÉCRESSE,ROUSSEL,40.54,33.11,12.84,3.38,3.38,DROITE,CENTRE,GAUCHE,DROITE,GAUCHE,33.11,2.7,46.62,17.57,9.21,24410.0,53.91,0.0,0.0,260,261,DROITE,0,LE PEN
59023,00023,Aubencheul-au-Bac,2022,417,77,340,335,18.47,LE PEN,MACRON,MÉLENCHON,ZEMMOUR,PÉCRESSE,39.4,23.28,13.43,9.55,3.28,DROITE,CENTRE,GAUCHE,DROITE,DROITE,23.28,2.09,54.93,19.7,8.47,23320.0,50.27,0.0,0.0,538,545,DROITE,0,LE PEN
59039,00039,Awoingt,2022,651,133,518,509,20.43,LE PEN,MACRON,MÉLENCHON,ZEMMOUR,JADOT,34.38,28.29,11.39,8.25,4.72,DROITE,CENTRE,GAUCHE,DROITE,GAUCHE,28.29,2.16,48.13,21.41,4.21,25920.0,61.23,0.0,0.0,790,814,DROITE,0,LE PEN
59047,00047,Banteux,2022,262,63,199,193,24.05,LE PEN,MACRON,MÉLENCHON,LASSALLE,PÉCRESSE,46.11,16.06,10.36,9.33,5.18,DROITE,CENTRE,GAUCHE,DIVERS,DROITE,16.06,9.33,58.55,16.06,12.01,21280.0,51.36,0.0,0.0,351,354,DROITE,0,LE PEN
59048,00048,Bantigny,2022,384,75,309,298,19.53,LE PEN,MACRON,MÉLENCHON,ZEMMOUR,JADOT,42.28,22.15,11.07,4.7,4.36,DROITE,CENTRE,GAUCHE,DROITE,GAUCHE,22.15,2.68,52.68,22.48,14.63,24400.0,52.33,0.0,0.0,507,515,DROITE,0,LE PEN
59049,00049,Bantouzelle,2022,316,94,222,219,29.75,LE PEN,MACRON,MÉLENCHON,ZEMMOUR,PÉCRESSE,40.18,19.18,16.44,8.68,4.57,DROITE,CENTRE,GAUCHE,DROITE,DROITE,19.18,3.2,54.79,22.83,11.1,21660.0,49.49,0.0,0.0,440,447,DROITE,0,LE PEN
59055,00055,Bazuel,2022,421,123,298,293,29.22,LE PEN,MACRON,MÉLENCHON,ZEMMOUR,PÉCRESSE,46.42,25.94,8.53,6.48,3.41,DROITE,CENTRE,GAUCHE,DROITE,DROITE,25.94,2.73,57.68,13.65,23.53,19950.0,54.44,9.11,5.0,537,546,DROITE,0,LE PEN
59059,00059,Beaumont-en-Cambrésis,2022,353,68,285,277,19.26,LE PEN,MACRON,MÉLENCHON,ZEMMOUR,PÉCRESSE,47.29,16.25,12.64,5.05,4.69,DROITE,CENTRE,GAUCHE,DROITE,DROITE,16.25,1.81,61.37,20.58,15.22,19950.0,47.89,0.0,0.0,452,459,DROITE,0,LE PEN
59074,00074,Bertry,2022,1685,504,1181,1154,29.91,LE PEN,MACRON,MÉLENCHON,ZEMMOUR,LASSALLE,43.93,20.62,14.38,6.07,3.12,DROITE,CENTRE,GAUCHE,DROITE,DIVERS,20.62,3.12,54.07,22.18,16.67,20500.0,51.06,17.31,37.0,2148,2173,DROITE,0,LE PEN
59085,00085,Blécourt,2022,292,51,241,234,17.47,LE PEN,MACRON,MÉLENCHON,ZEMMOUR,DUPONT-AIGNAN,36.32,34.62,10.26,4.7,3.42,DROITE,CENTRE,GAUCHE,DROITE,DROITE,34.62,2.56,47.86,14.96,3.25,23770.0,52.27,0.0,0.0,306,312,DROITE,0,LE PEN
59097,00097,Boursies,2022,260,50,210,209,19.23,LE PEN,MACRON,MÉLENCHON,ZEMMOUR,PÉCRESSE,44.02,15.31,12.92,11.96,5.74,DROITE,CENTRE,GAUCHE,DROITE,DROITE,15.31,2.39,64.11,18.18,24.9,22590.0,43.6,0.0,0.0,392,394,DROITE,0,LE PEN
59118,00118,Busigny,2022,1779,482,1297,1283,27.09,LE PEN,MACRON,MÉLENCHON,ZEMMOUR,PÉCRESSE,49.96,20.34,10.21,6.63,3.35,DROITE,CENTRE,GAUCHE,DROITE,DROITE,20.34,1.71,61.26,16.68,20.36,18570.0,48.39,14.77,36.0,2435,2460,DROITE,0,LE PEN
59121,00121,Cagnoncles,2022,508,110,398,387,21.65,LE PEN,MACRON,MÉLENCHON,ZEMMOUR,JADOT,42.64,21.96,13.95,8.79,2.58,DROITE,CENTRE,GAUCHE,DROITE,GAUCHE,21.96,1.81,54.26,21.96,9.12,24470.0,56.29,0.0,0.0,645,652,DROITE,0,LE PEN
59122,00122,Cambrai,2022,22756,8010,14746,14455,35.2,LE PEN,MACRON,MÉLENCHON,ZEMMOUR,PÉCRESSE,32.85,26.92,17.21,6.94,3.88,DROITE,CENTRE,GAUCHE,DROITE,DROITE,26.92,1.86,45.68,25.53,20.16,19620.0,57.57,80.9,2554.0,31425,31972,DROITE,0,LE PEN
59125,00125,Cantaing-sur-Escaut,2022,311,70,241,240,22.51,LE PEN,MACRON,MÉLENCHON,PÉCRESSE,ZEMMOUR,43.33,27.08,7.08,6.67,5.83,DROITE,CENTRE,GAUCHE,DROITE,DROITE,27.08,1.67,56.25,15.0,7.99,24260.0,53.65,0.0,0.0,407,416,DROITE,0,LE PEN
59136,00136,Le Cateau-Cambrésis,2022,4326,1386,2940,2869,32.04,LE PEN,MACRON,MÉLENCHON,ZEMMOUR,PÉCRESSE,46.53,20.95,13.91,5.86,3.07,DROITE,CENTRE,GAUCHE,DROITE,DROITE,20.95,2.02,56.78,20.25,28.12,16820.0,56.12,75.23,515.0,6929,7057,DROITE,0,LE PEN
59137,00137,Catillon-sur-Sambre,2022,591,133,458,450,22.5,LE PEN,MACRON,MÉLENCHON,ZEMMOUR,PÉCRESSE,38.0,21.78,16.22,5.33,5.11,DROITE,CENTRE,GAUCHE,DROITE,DROITE,21.78,1.56,52.0,24.67,19.67,19730.0,47.91,0.0,0.0,788,796,DROITE,0,LE PEN
59139,00139,Caudry,2022,9707,3232,6475,6326,33.3,LE PEN,MACRON,MÉLENCHON,ZEMMOUR,ROUSSEL,43.44,20.25,16.63,5.12,3.41,DROITE,CENTRE,GAUCHE,DROITE,GAUCHE,20.25,1.64,53.4,24.71,25.87,17850.0,55.13,73.33,1029.0,14070,14220,DROITE,0,LE PEN
59140,00140,Caullery,2022,366,97,269,268,26.5,LE PEN,MACRON,MÉLENCHON,ZEMMOUR,LASSALLE,51.87,19.4,10.07,4.85,3.73,DROITE,CENTRE,GAUCHE,DROITE,DIVERS,19.4,3.73,60.07,16.79,11.11,19990.0,49.3,0.0,0.0,460,469,DROITE,0,LE PEN
59141,00141,Cauroir,2022,462,100,362,354,21.65,LE PEN,MACRON,MÉLENCHON,ZEMMOUR,PÉCRESSE,33.33,27.4,12.15,7.06,4.8,DROITE,CENTRE,GAUCHE,DROITE,DROITE,27.4,2.26,48.31,22.03,5.5,22210.0,50.82,0.0,0.0,571,582,DROITE,0,LE PEN
59149,00149,Clary,2022,836,207,629,618,24.76,LE PEN,MACRON,MÉLENCHON,ZEMMOUR,JADOT,45.47,22.01,12.46,6.63,2.91,DROITE,CENTRE,GAUCHE,DROITE,GAUCHE,22.01,2.43,56.96,18.61,9.39,21420.0,51.48,9.2,10.0,1086,1098,DROITE,0,LE PEN
59161,00161,Crèvecoeur-sur-l'Escaut,2022,563,141,422,417,25.04,LE PEN,MACRON,MÉLENCHON,PÉCRESSE,ZEMMOUR,37.17,23.5,14.15,6.95,6.95,DROITE,CENTRE,GAUCHE,DROITE,DROITE,23.5,2.64,53.48,20.38,11.11,23920.0,50.49,0.0,0.0,729,760,DROITE,0,LE PEN
59167,00167,Cuvillers,2022,149,31,118,117,20.81,LE PEN,MACRON,PÉCRESSE,MÉLENCHON,ZEMMOUR,35.9,25.64,11.97,8.55,8.55,DROITE,CENTRE,DROITE,GAUCHE,DROITE,25.64,1.71,59.83,12.82,21.43,24790.0,47.18,0.0,0.0,197,200,DROITE,0,LE PEN
59171,00171,Dehéries,2022,36,7,29,29,19.44,MACRON,LE PEN,LASSALLE,MÉLENCHON,ROUSSEL,51.72,31.03,6.9,3.45,3.45,CENTRE,DROITE,DIVERS,GAUCHE,GAUCHE,51.72,6.9,34.48,6.9,0.0,23030.0,50.0,0.0,0.0,40,41,CENTRE,1,MACRON
59176,00176,Doignies,2022,267,40,227,225,14.98,LE PEN,MACRON,MÉLENCHON,ZEMMOUR,DUPONT-AIGNAN,47.11,23.11,7.56,5.78,3.11,DROITE,CENTRE,GAUCHE,DROITE,DROITE,23.11,2.67,58.67,15.56,5.51,23040.0,54.5,0.0,0.0,320,323,DROITE,0,LE PEN
59191,00191,Elincourt,2022,458,108,350,344,23.58,LE PEN,MACRON,MÉLENCHON,ZEMMOUR,LASSALLE,52.33,20.93,10.17,5.81,3.2,DROITE,CENTRE,GAUCHE,DROITE,DIVERS,20.93,3.2,61.92,13.95,15.98,19640.0,50.95,8.09,5.0,631,635,DROITE,0,LE PEN
59206,00206,Escaudoeuvres,2022,2326,653,1673,1637,28.07,LE PEN,MACRON,MÉLENCHON,ZEMMOUR,ROUSSEL,37.26,23.64,16.31,6.17,5.13,DROITE,CENTRE,GAUCHE,DROITE,GAUCHE,23.64,1.95,48.01,26.39,18.95,20630.0,54.55,33.96,108.0,3204,3233,DROITE,0,LE PEN
59209,00209,Esnes,2022,501,126,375,371,25.15,LE PEN,MACRON,MÉLENCHON,ZEMMOUR,PÉCRESSE,43.4,21.56,12.13,8.36,2.96,DROITE,CENTRE,GAUCHE,DROITE,DROITE,21.56,2.43,56.6,19.41,16.65,21020.0,51.77,0.0,0.0,674,681,DROITE,0,LE PEN
59216,00216,Eswars,2022,294,59,235,230,20.07,LE PEN,MACRON,MÉLENCHON,ZEMMOUR,ROUSSEL,36.96,24.35,12.61,6.52,5.65,DROITE,CENTRE,GAUCHE,DROITE,GAUCHE,24.35,3.04,50.0,22.61,2.97,25770.0,58.17,0.0,0.0,356,362,DROITE,0,LE PEN
59219,00219,Estrun,2022,547,99,448,434,18.1,LE PEN,MACRON,MÉLENCHON,ZEMMOUR,ROUSSEL,42.4,20.05,10.37,8.76,5.76,DROITE,CENTRE,GAUCHE,DROITE,GAUCHE,20.05,2.53,58.29,19.12,8.34,24680.0,59.48,0.0,0.0,719,727,DROITE,0,LE PEN
59236,00236,Flesquières,2022,199,43,156,153,21.61,LE PEN,MACRON,MÉLENCHON,ZEMMOUR,PÉCRESSE,35.95,24.18,13.07,6.54,5.23,DROITE,CENTRE,GAUCHE,DROITE,DROITE,24.18,1.96,48.37,25.49,3.9,22460.0,55.57,0.0,0.0,263,267,DROITE,0,LE PEN
59244,00244,Fontaine-Notre-Dame,2022,1346,312,1034,1010,23.18,LE PEN,MACRON,MÉLENCHON,ZEMMOUR,PÉCRESSE,39.41,25.15,12.87,6.04,5.05,DROITE,CENTRE,GAUCHE,DROITE,DROITE,25.15,2.18,52.57,20.1,6.63,22970.0,50.98,3.98,7.0,1763,1794,DROITE,0,LE PEN
59255,00255,Fressies,2022,438,77,361,350,17.58,LE PEN,MACRON,MÉLENCHON,ZEMMOUR,ROUSSEL,51.43,18.29,8.57,6.86,4.29,DROITE,CENTRE,GAUCHE,DROITE,GAUCHE,18.29,1.43,64.29,16.0,10.04,23190.0,49.28,0.0,0.0,572,577,DROITE,0,LE PEN
59267,00267,Gonnelieu,2022,230,50,180,176,21.74,LE PEN,MACRON,MÉLENCHON,ZEMMOUR,PÉCRESSE,47.16,18.18,12.5,6.25,4.55,DROITE,CENTRE,GAUCHE,DROITE,DROITE,18.18,3.98,59.09,18.75,13.33,22800.0,52.04,0.0,0.0,289,296,DROITE,0,LE PEN
59269,00269,Gouzeaucourt,2022,1131,326,805,787,28.82,LE PEN,MACRON,MÉLENCHON,LASSALLE,ZEMMOUR,37.36,24.9,11.56,7.5,4.96,DROITE,CENTRE,GAUCHE,DIVERS,DROITE,24.9,7.5,46.76,20.84,14.92,20820.0,49.04,0.0,0.0,1454,1479,DROITE,0,LE PEN
59274,00274,La Groise,2022,341,74,267,261,21.7,LE PEN,MACRON,MÉLENCHON,ZEMMOUR,ROUSSEL,41.38,23.75,14.94,6.13,3.83,DROITE,CENTRE,GAUCHE,DROITE,GAUCHE,23.75,1.92,51.34,22.99,8.45,20700.0,49.08,0.0,0.0,475,479,DROITE,0,LE PEN
59287,00287,Haucourt-en-Cambrésis,2022,157,29,128,125,18.47,LE PEN,MACRON,MÉLENCHON,ZEMMOUR,PÉCRESSE,52.8,16.0,11.2,8.0,5.6,DROITE,CENTRE,GAUCHE,DROITE,DROITE,16.0,2.4,66.4,15.2,0.0,20800.0,52.03,0.0,0.0,191,195,DROITE,0,LE PEN
59294,00294,Haynecourt,2022,257,38,219,215,14.79,LE PEN,MACRON,MÉLENCHON,PÉCRESSE,ROUSSEL,39.53,21.4,13.49,9.77,4.19,DROITE,CENTRE,GAUCHE,DROITE,GAUCHE,21.4,1.4,54.88,22.33,6.83,23030.0,48.42,0.0,0.0,307,314,DROITE,0,LE PEN
59300,00300,Hem-Lenglet,2022,415,77,338,330,18.55,LE PEN,MACRON,MÉLENCHON,PÉCRESSE,ROUSSEL,47.27,19.09,11.52,5.45,4.85,DROITE,CENTRE,GAUCHE,DROITE,GAUCHE,19.09,3.03,59.09,18.79,16.02,22510.0,49.36,0.0,0.0,549,558,DROITE,0,LE PEN
59311,00311,Honnechy,2022,371,94,277,266,25.34,LE PEN,MACRON,MÉLENCHON,ZEMMOUR,PÉCRESSE,57.14,11.28,10.9,5.26,4.89,DROITE,CENTRE,GAUCHE,DROITE,DROITE,11.28,2.26,71.05,15.41,18.63,18450.0,48.66,0.0,0.0,576,582,DROITE,0,LE PEN
59312,00312,Honnecourt-sur-Escaut,2022,517,137,380,376,26.5,LE PEN,MACRON,ZEMMOUR,MÉLENCHON,LASSALLE,38.03,16.49,13.03,11.7,5.85,DROITE,CENTRE,DROITE,GAUCHE,DIVERS,16.49,5.85,56.12,21.54,19.11,20490.0,57.63,0.0,0.0,734,751,DROITE,0,LE PEN
59321,00321,Inchy,2022,522,155,367,354,29.69,LE PEN,MACRON,MÉLENCHON,ZEMMOUR,PÉCRESSE,46.61,20.34,9.32,5.93,4.24,DROITE,CENTRE,GAUCHE,DROITE,DROITE,20.34,2.54,60.73,16.38,14.26,19440.0,50.92,0.0,0.0,635,639,DROITE,0,LE PEN
59322,00322,Iwuy,2022,2445,649,1796,1764,26.54,LE PEN,MACRON,MÉLENCHON,ZEMMOUR,ROUSSEL,51.64,18.48,12.13,5.56,3.12,DROITE,CENTRE,GAUCHE,DROITE,GAUCHE,18.48,1.7,61.56,18.25,19.17,19850.0,52.82,37.78,126.0,3343,3374,DROITE,0,LE PEN
59341,00341,Lesdain,2022,326,85,241,237,26.07,LE PEN,MACRON,MÉLENCHON,LASSALLE,ZEMMOUR,36.71,21.1,11.81,5.91,5.91,DROITE,CENTRE,GAUCHE,DIVERS,DROITE,21.1,5.91,49.79,23.21,7.86,23150.0,52.53,0.0,0.0,442,448,DROITE,0,LE PEN
59349,00349,Ligny-en-Cambrésis,2022,1333,332,1001,979,24.91,LE PEN,MACRON,MÉLENCHON,ZEMMOUR,PÉCRESSE,49.64,20.84,11.13,4.6,3.17,DROITE,CENTRE,GAUCHE,DROITE,DROITE,20.84,2.25,59.55,17.36,7.22,20900.0,50.26,9.61,18.0,1901,1921,DROITE,0,LE PEN
59372,00372,Malincourt,2022,397,113,284,274,28.46,LE PEN,MACRON,PÉCRESSE,MÉLENCHON,ZEMMOUR,39.78,24.45,8.39,8.03,6.2,DROITE,CENTRE,DROITE,GAUCHE,DROITE,24.45,5.47,56.93,13.14,10.8,21670.0,52.05,0.0,0.0,476,482,DROITE,0,LE PEN
59377,00377,Marcoing,2022,1473,303,1170,1150,20.57,LE PEN,MACRON,MÉLENCHON,ZEMMOUR,ROUSSEL,42.43,19.48,14.35,5.39,4.96,DROITE,CENTRE,GAUCHE,DROITE,GAUCHE,19.48,3.04,53.83,23.65,9.19,21630.0,48.46,13.94,26.0,1888,1914,DROITE,0,LE PEN
59382,00382,Maretz,2022,944,254,690,679,26.91,LE PEN,MACRON,MÉLENCHON,ZEMMOUR,PÉCRESSE,50.66,18.85,12.37,5.3,3.09,DROITE,CENTRE,GAUCHE,DROITE,DROITE,18.85,2.21,60.97,17.97,16.28,19200.0,49.85,14.97,21.0,1417,1430,DROITE,0,LE PEN
59389,00389,Masnières,2022,1926,507,1419,1388,26.32,LE PEN,MACRON,MÉLENCHON,ROUSSEL,ZEMMOUR,39.05,20.89,17.44,6.7,5.33,DROITE,CENTRE,GAUCHE,GAUCHE,DROITE,20.89,1.22,48.85,29.03,13.48,20050.0,48.13,16.84,46.0,2772,2801,DROITE,0,LE PEN
59394,00394,Maurois,2022,272,62,210,207,22.79,LE PEN,MACRON,MÉLENCHON,ZEMMOUR,JADOT,54.11,23.19,12.56,3.86,1.45,DROITE,CENTRE,GAUCHE,DROITE,GAUCHE,23.19,0.97,59.42,16.43,21.49,20410.0,50.95,0.0,0.0,406,408,DROITE,0,LE PEN
59395,00395,Mazinghien,2022,243,83,160,156,34.16,LE PEN,MACRON,ZEMMOUR,MÉLENCHON,LASSALLE,42.95,17.95,12.18,10.9,4.49,DROITE,CENTRE,DROITE,GAUCHE,DIVERS,17.95,4.49,63.46,14.1,19.23,21880.0,54.93,0.0,0.0,288,293,DROITE,0,LE PEN
59405,00405,Moeuvres,2022,337,91,246,244,27.0,LE PEN,MACRON,MÉLENCHON,PÉCRESSE,ZEMMOUR,52.87,17.62,10.25,4.92,4.1,DROITE,CENTRE,GAUCHE,DROITE,DROITE,17.62,0.82,64.75,16.8,7.32,21360.0,52.92,0.0,0.0,489,492,DROITE,0,LE PEN
59412,00412,Montay,2022,212,48,164,160,22.64,LE PEN,MACRON,MÉLENCHON,LASSALLE,ZEMMOUR,46.88,18.12,11.88,5.0,5.0,DROITE,CENTRE,GAUCHE,DIVERS,DROITE,18.12,5.0,55.0,21.88,13.08,19720.0,46.47,0.0,0.0,274,277,DROITE,0,LE PEN
59413,00413,Montigny-en-Cambrésis,2022,464,112,352,345,24.14,LE PEN,MACRON,MÉLENCHON,ZEMMOUR,PÉCRESSE,39.42,23.48,9.28,8.12,5.51,DROITE,CENTRE,GAUCHE,DROITE,DROITE,23.48,4.93,55.65,15.94,19.61,21320.0,53.79,0.0,0.0,554,561,DROITE,0,LE PEN
59422,00422,Naves,2022,517,112,405,398,21.66,LE PEN,MACRON,MÉLENCHON,ZEMMOUR,PÉCRESSE,37.44,21.36,12.31,9.8,5.03,DROITE,CENTRE,GAUCHE,DROITE,DROITE,21.36,3.52,52.51,22.61,8.69,24380.0,55.29,0.0,0.0,626,638,DROITE,0,LE PEN
59428,00428,Neuville-Saint-Rémy,2022,2758,768,1990,1950,27.85,LE PEN,MACRON,MÉLENCHON,ZEMMOUR,PÉCRESSE,40.62,24.21,15.38,6.0,2.72,DROITE,CENTRE,GAUCHE,DROITE,DROITE,24.21,1.79,51.59,22.41,19.13,20080.0,54.01,25.58,100.0,3912,3951,DROITE,0,LE PEN
59430,00430,Neuvilly,2022,768,185,583,568,24.09,LE PEN,MACRON,MÉLENCHON,ZEMMOUR,PÉCRESSE,50.35,15.14,13.38,5.99,5.81,DROITE,CENTRE,GAUCHE,DROITE,DROITE,15.14,2.46,63.73,18.66,10.37,20470.0,49.55,5.5,6.0,1093,1104,DROITE,0,LE PEN
59432,00432,Niergnies,2022,429,81,348,345,18.88,MACRON,LE PEN,MÉLENCHON,ZEMMOUR,PÉCRESSE,31.59,27.25,12.17,9.28,7.25,CENTRE,DROITE,GAUCHE,DROITE,DROITE,31.59,1.16,45.8,21.45,4.44,25440.0,51.98,0.0,0.0,512,519,CENTRE,1,MACRON
59438,00438,Noyelles-sur-Escaut,2022,602,94,508,493,15.61,LE PEN,MACRON,MÉLENCHON,ZEMMOUR,JADOT,39.55,23.73,13.39,8.32,3.25,DROITE,CENTRE,GAUCHE,DROITE,GAUCHE,23.73,1.22,52.94,22.11,7.8,22240.0,50.43,0.0,0.0,814,832,DROITE,0,LE PEN
59450,00450,Ors,2022,477,81,396,389,16.98,LE PEN,MACRON,MÉLENCHON,ZEMMOUR,LASSALLE,36.76,18.51,17.74,8.74,5.91,DROITE,CENTRE,GAUCHE,DROITE,DIVERS,18.51,5.91,49.87,25.71,1.46,21720.0,49.5,0.0,0.0,638,646,DROITE,0,LE PEN
59455,00455,Paillencourt,2022,792,180,612,603,22.73,LE PEN,MACRON,MÉLENCHON,ZEMMOUR,PÉCRESSE,39.47,24.54,12.6,8.79,3.15,DROITE,CENTRE,GAUCHE,DROITE,DROITE,24.54,2.49,53.57,19.4,9.38,22290.0,54.43,0.0,0.0,1015,1028,DROITE,0,LE PEN
59465,00465,Pommereuil,2022,543,128,415,404,23.57,LE PEN,MACRON,MÉLENCHON,ZEMMOUR,ROUSSEL,51.73,19.06,10.4,5.94,3.22,DROITE,CENTRE,GAUCHE,DROITE,GAUCHE,19.06,2.48,62.13,16.34,13.47,21110.0,53.27,0.0,0.0,792,795,DROITE,0,LE PEN
59476,00476,Proville,2022,2704,660,2044,1992,24.41,LE PEN,MACRON,MÉLENCHON,ZEMMOUR,PÉCRESSE,32.93,29.62,12.1,7.98,5.92,DROITE,CENTRE,GAUCHE,DROITE,DROITE,29.62,1.71,48.29,20.38,9.27,23390.0,55.35,17.68,56.0,3128,3182,DROITE,0,LE PEN
59488,00488,Raillencourt-Sainte-Olle,2022,1714,359,1355,1333,20.95,LE PEN,MACRON,MÉLENCHON,ZEMMOUR,PÉCRESSE,37.43,30.23,11.78,5.93,3.45,DROITE,CENTRE,GAUCHE,DROITE,DROITE,30.23,2.03,48.54,19.2,13.86,23130.0,54.24,15.68,33.0,2128,2167,DROITE,0,LE PEN
59492,00492,Ramillies,2022,445,82,363,359,18.43,LE PEN,MACRON,MÉLENCHON,ZEMMOUR,ROUSSEL,44.29,20.06,12.26,6.96,3.9,DROITE,CENTRE,GAUCHE,DROITE,GAUCHE,20.06,2.79,55.43,21.73,3.91,21880.0,47.21,0.0,0.0,596,603,DROITE,0,LE PEN
59496,00496,Rejet-de-Beaulieu,2022,176,33,143,137,18.75,LE PEN,MACRON,MÉLENCHON,PÉCRESSE,DUPONT-AIGNAN,54.74,18.25,5.84,5.11,4.38,DROITE,CENTRE,GAUCHE,DROITE,DROITE,18.25,2.92,66.42,12.41,6.44,21030.0,53.96,0.0,0.0,232,234,DROITE,0,LE PEN
59498,00498,Reumont,2022,259,49,210,205,18.92,LE PEN,MACRON,MÉLENCHON,ZEMMOUR,PÉCRESSE,37.07,23.9,12.68,7.8,5.37,DROITE,CENTRE,GAUCHE,DROITE,DROITE,23.9,3.41,51.22,21.46,11.35,21700.0,46.03,0.0,0.0,343,353,DROITE,0,LE PEN
59500,00500,Ribécourt-la-Tour,2022,305,64,241,232,20.98,LE PEN,MACRON,MÉLENCHON,ZEMMOUR,PÉCRESSE,39.22,27.16,12.93,6.9,6.03,DROITE,CENTRE,GAUCHE,DROITE,DROITE,27.16,1.72,53.45,17.67,11.37,23120.0,57.66,0.0,0.0,376,381,DROITE,0,LE PEN
59517,00517,Les Rues-des-Vignes,2022,593,173,420,411,29.17,LE PEN,MACRON,MÉLENCHON,ZEMMOUR,JADOT,34.79,25.79,14.84,8.27,3.41,DROITE,CENTRE,GAUCHE,DROITE,GAUCHE,25.79,2.92,48.18,23.11,6.78,23240.0,53.15,0.0,0.0,748,762,DROITE,0,LE PEN
59520,00520,Rumilly-en-Cambrésis,2022,1132,257,875,852,22.7,LE PEN,MACRON,MÉLENCHON,ZEMMOUR,ROUSSEL,35.56,24.77,17.96,5.87,5.52,DROITE,CENTRE,GAUCHE,DROITE,GAUCHE,24.77,1.88,44.95,28.4,14.01,21830.0,51.04,5.63,8.0,1429,1455,DROITE,0,LE PEN
59521,00521,Sailly-lez-Cambrai,2022,305,75,230,227,24.59,LE PEN,MACRON,MÉLENCHON,ZEMMOUR,ROUSSEL,32.6,28.19,12.78,6.61,5.29,DROITE,CENTRE,GAUCHE,DROITE,GAUCHE,28.19,3.08,46.7,22.03,13.5,22410.0,55.92,0.0,0.0,422,430,DROITE,0,LE PEN
59531,00531,Saint-Benin,2022,229,46,183,181,20.09,LE PEN,MACRON,MÉLENCHON,ZEMMOUR,PÉCRESSE,37.02,20.99,17.13,10.5,4.97,DROITE,CENTRE,GAUCHE,DROITE,DROITE,20.99,1.1,55.25,22.65,21.76,19880.0,49.44,0.0,0.0,339,344,DROITE,0,LE PEN
59545,00545,Saint-Souplet,2022,958,270,688,674,28.18,LE PEN,MACRON,MÉLENCHON,ZEMMOUR,PÉCRESSE,50.59,16.47,11.28,5.34,4.75,DROITE,CENTRE,GAUCHE,DROITE,DROITE,16.47,2.23,63.95,17.36,19.58,18880.0,48.34,5.85,7.0,1203,1228,DROITE,0,LE PEN
59552,00552,Sancourt,2022,150,27,123,118,18.0,LE PEN,MACRON,MÉLENCHON,ZEMMOUR,PÉCRESSE,43.22,19.49,10.17,7.63,5.08,DROITE,CENTRE,GAUCHE,DROITE,DROITE,19.49,2.54,58.47,19.49,9.52,22180.0,49.66,0.0,0.0,194,200,DROITE,0,LE PEN
59567,00567,Séranvillers-Forenville,2022,314,61,253,250,19.43,LE PEN,MACRON,MÉLENCHON,PÉCRESSE,ZEMMOUR,37.6,19.2,12.4,9.2,6.4,DROITE,CENTRE,GAUCHE,DROITE,DROITE,19.2,5.6,56.4,18.8,14.71,24460.0,54.94,0.0,0.0,415,421,DROITE,0,LE PEN
59593,00593,Thun-l'Evêque,2022,608,145,463,455,23.85,LE PEN,MACRON,MÉLENCHON,ZEMMOUR,ROUSSEL,38.02,28.35,13.19,5.05,3.74,DROITE,CENTRE,GAUCHE,DROITE,GAUCHE,28.35,1.54,48.57,21.54,8.11,25550.0,52.05,602.32,468.0,767,777,DROITE,0,LE PEN
59595,00595,Thun-Saint-Martin,2022,418,81,337,327,19.38,LE PEN,MACRON,MÉLENCHON,ZEMMOUR,DUPONT-AIGNAN,38.23,29.05,9.48,8.87,3.36,DROITE,CENTRE,GAUCHE,DROITE,DROITE,29.05,0.61,52.91,17.43,10.02,25540.0,58.9,0.0,0.0,541,554,DROITE,0,LE PEN
59597,00597,Tilloy-lez-Cambrai,2022,556,98,458,450,17.63,MACRON,LE PEN,MÉLENCHON,ZEMMOUR,PÉCRESSE,36.0,28.44,10.89,9.11,5.78,CENTRE,DROITE,GAUCHE,DROITE,DROITE,36.0,1.78,46.22,16.0,11.18,26680.0,63.37,0.0,0.0,696,719,CENTRE,1,MACRON
59604,00604,Troisvilles,2022,578,148,430,424,25.61,LE PEN,MACRON,MÉLENCHON,ZEMMOUR,ROUSSEL,47.17,16.04,15.57,5.42,4.25,DROITE,CENTRE,GAUCHE,DROITE,GAUCHE,16.04,2.59,57.55,23.82,17.63,20620.0,48.1,6.19,5.0,809,817,DROITE,0,LE PEN
59623,00623,Villers-Guislain,2022,554,113,441,430,20.4,LE PEN,MACRON,MÉLENCHON,ZEMMOUR,PÉCRESSE,52.56,18.6,7.44,7.21,3.49,DROITE,CENTRE,GAUCHE,DROITE,DROITE,18.6,2.56,65.12,13.72,5.95,20710.0,47.5,0.0,0.0,680,684,DROITE,0,LE PEN
59624,00624,Villers-Outréaux,2022,1477,380,1097,1079,25.73,LE PEN,MACRON,MÉLENCHON,ZEMMOUR,PÉCRESSE,41.52,24.0,12.51,8.9,4.45,DROITE,CENTRE,GAUCHE,DROITE,DROITE,24.0,2.78,56.53,16.68,19.2,19050.0,58.86,24.33,52.0,2156,2179,DROITE,0,LE PEN
59625,00625,Villers-Plouich,2022,297,61,236,234,20.54,LE PEN,MACRON,MÉLENCHON,PÉCRESSE,ZEMMOUR,40.6,23.93,9.4,6.84,5.13,DROITE,CENTRE,GAUCHE,DROITE,DROITE,23.93,0.85,54.7,20.51,4.65,24350.0,54.09,0.0,0.0,389,394,DROITE,0,LE PEN
59631,00631,Walincourt-Selvigny,2022,1564,515,1049,1037,32.93,LE PEN,MACRON,MÉLENCHON,ZEMMOUR,PÉCRESSE,45.23,22.47,12.15,5.5,2.8,DROITE,CENTRE,GAUCHE,DROITE,DROITE,22.47,2.31,55.16,20.06,13.33,19850.0,53.95,26.3,55.0,2112,2132,DROITE,0,LE PEN
59002,00002,Abscon,2022,2945,826,2119,2078,28.05,LE PEN,MACRON,MÉLENCHON,ZEMMOUR,ROUSSEL,49.04,18.0,15.35,4.96,4.33,DROITE,CENTRE,GAUCHE,DROITE,GAUCHE,18.0,0.96,57.03,24.01,18.88,19560.0,48.22,16.59,69.0,4203,4235,DROITE,0,LE PEN
59019,00019,Artres,2022,747,159,588,574,21.29,LE PEN,MACRON,MÉLENCHON,ZEMMOUR,ROUSSEL,31.18,29.62,12.54,7.14,5.57,DROITE,CENTRE,GAUCHE,DROITE,GAUCHE,29.62,2.79,42.51,25.09,6.28,24790.0,61.23,0.0,0.0,1064,1075,DROITE,0,LE PEN
59032,00032,Aulnoy-lez-Valenciennes,2022,4590,1381,3209,3161,30.09,LE PEN,MACRON,MÉLENCHON,ROUSSEL,ZEMMOUR,35.68,21.73,20.15,5.73,5.16,DROITE,CENTRE,GAUCHE,GAUCHE,DROITE,21.73,1.58,44.8,31.89,19.12,20010.0,53.4,40.42,288.0,7183,7252,DROITE,0,LE PEN
59038,00038,Avesnes-le-Sec,2022,1079,238,841,828,22.06,LE PEN,MACRON,MÉLENCHON,ROUSSEL,ZEMMOUR,45.29,20.65,10.99,6.28,5.92,DROITE,CENTRE,GAUCHE,GAUCHE,DROITE,20.65,1.93,56.76,20.65,6.02,22350.0,50.66,0.0,0.0,1447,1465,DROITE,0,LE PEN
59092,00092,Bouchain,2022,3157,850,2307,2283,26.92,LE PEN,MACRON,MÉLENCHON,ROUSSEL,ZEMMOUR,46.82,17.52,14.72,6.35,6.13,DROITE,CENTRE,GAUCHE,GAUCHE,DROITE,17.52,1.27,57.25,23.96,15.61,20600.0,50.74,21.95,89.0,3996,4025,DROITE,0,LE PEN
59172,00172,Denain,2022,11556,4310,7246,7132,37.3,LE PEN,MÉLENCHON,MACRON,ZEMMOUR,ROUSSEL,41.67,28.59,14.74,4.07,3.84,DROITE,GAUCHE,CENTRE,DROITE,GAUCHE,14.74,0.94,47.9,36.43,30.92,14890.0,54.13,59.5,1227.0,20640,20758,DROITE,0,LE PEN
59179,00179,Douchy-les-Mines,2022,6994,2179,4815,4726,31.16,LE PEN,MÉLENCHON,MACRON,ROUSSEL,ZEMMOUR,44.63,24.4,13.12,6.9,3.83,DROITE,GAUCHE,CENTRE,GAUCHE,DROITE,13.12,1.14,50.76,34.98,18.49,17880.0,51.01,31.55,319.0,10207,10252,DROITE,0,LE PEN
59192,00192,Emerchicourt,2022,670,151,519,509,22.54,LE PEN,MÉLENCHON,ROUSSEL,MACRON,ZEMMOUR,42.24,16.31,13.95,13.16,5.7,DROITE,GAUCHE,GAUCHE,CENTRE,DROITE,13.16,1.77,52.06,33.01,13.04,22070.0,49.31,0.0,0.0,822,868,DROITE,0,LE PEN
59205,00205,Escaudain,2022,6149,2104,4045,3984,34.22,LE PEN,MÉLENCHON,MACRON,ROUSSEL,ZEMMOUR,46.39,21.16,13.86,7.0,4.49,DROITE,GAUCHE,CENTRE,GAUCHE,DROITE,13.86,0.95,53.61,31.58,22.35,17370.0,52.12,34.88,316.0,9253,9299,DROITE,0,LE PEN
59221,00221,Famars,2022,1794,453,1341,1309,25.25,MACRON,LE PEN,MÉLENCHON,ZEMMOUR,ROUSSEL,33.92,24.83,14.06,7.64,4.28,CENTRE,DROITE,GAUCHE,DROITE,GAUCHE,33.92,3.59,38.5,23.99,22.46,24250.0,59.46,7.32,18.0,2475,2543,CENTRE,1,MACRON
59285,00285,Haspres,2022,2044,573,1471,1441,28.03,LE PEN,MACRON,MÉLENCHON,ZEMMOUR,ROUSSEL,43.03,20.26,14.02,6.25,6.18,DROITE,CENTRE,GAUCHE,DROITE,GAUCHE,20.26,1.39,53.16,25.19,13.82,21260.0,50.7,12.54,33.0,2642,2660,DROITE,0,LE PEN
59288,00288,Haulchin,2022,1670,416,1254,1225,24.91,LE PEN,MÉLENCHON,MACRON,ROUSSEL,ZEMMOUR,44.65,18.12,17.71,4.98,4.73,DROITE,GAUCHE,CENTRE,GAUCHE,DROITE,17.71,1.96,52.73,27.59,19.83,20680.0,49.88,19.51,45.0,2320,2346,DROITE,0,LE PEN
59292,00292,Haveluy,2022,2257,584,1673,1649,25.88,LE PEN,MÉLENCHON,MACRON,ROUSSEL,ZEMMOUR,44.82,25.65,11.58,6.0,3.64,DROITE,GAUCHE,CENTRE,GAUCHE,DROITE,11.58,1.58,51.36,35.48,24.63,17350.0,51.22,9.31,30.0,3250,3262,DROITE,0,LE PEN
59297,00297,Hélesmes,2022,1435,347,1088,1068,24.18,LE PEN,MACRON,MÉLENCHON,ZEMMOUR,ROUSSEL,44.66,20.22,14.42,6.93,5.71,DROITE,CENTRE,GAUCHE,DROITE,GAUCHE,20.22,1.59,54.4,23.78,11.86,22690.0,52.22,3.67,7.0,1921,1940,DROITE,0,LE PEN
59302,00302,Hérin,2022,2907,772,2135,2097,26.56,LE PEN,MACRON,MÉLENCHON,ROUSSEL,ZEMMOUR,42.68,18.79,15.07,7.82,5.77,DROITE,CENTRE,GAUCHE,GAUCHE,DROITE,18.79,1.43,51.74,28.04,16.14,19930.0,51.14,21.31,89.0,4129,4157,DROITE,0,LE PEN
59313,00313,Hordain,2022,1131,242,889,867,21.4,LE PEN,MACRON,MÉLENCHON,ROUSSEL,ZEMMOUR,46.25,18.34,13.38,7.38,5.19,DROITE,CENTRE,GAUCHE,GAUCHE,DROITE,18.34,1.73,55.36,24.57,12.23,22280.0,49.91,11.74,17.0,1440,1456,DROITE,0,LE PEN
59348,00348,Lieu-Saint-Amand,2022,1146,251,895,869,21.9,LE PEN,MACRON,ROUSSEL,MÉLENCHON,ZEMMOUR,46.84,17.72,11.74,9.9,4.37,DROITE,CENTRE,GAUCHE,GAUCHE,DROITE,17.72,1.04,55.93,25.32,8.15,22450.0,53.28,0.0,0.0,1461,1476,DROITE,0,LE PEN
59361,00361,Lourches,2022,2298,784,1514,1486,34.12,LE PEN,MÉLENCHON,MACRON,ROUSSEL,ZEMMOUR,44.21,28.94,12.52,4.91,3.57,DROITE,GAUCHE,CENTRE,GAUCHE,DROITE,12.52,0.94,49.53,37.01,24.65,15820.0,48.94,37.81,142.0,3814,3837,DROITE,0,LE PEN
59369,00369,Maing,2022,3058,874,2184,2147,28.58,LE PEN,MACRON,MÉLENCHON,ZEMMOUR,ROUSSEL,31.9,24.83,19.61,6.52,5.87,DROITE,CENTRE,GAUCHE,DROITE,GAUCHE,24.83,1.91,43.18,30.09,8.7,22970.0,56.01,11.34,45.0,4004,4054,DROITE,0,LE PEN
59387,00387,Marquette-en-Ostrevant,2022,1208,248,960,937,20.53,LE PEN,MACRON,MÉLENCHON,ROUSSEL,ZEMMOUR,48.77,18.89,13.55,4.91,4.8,DROITE,CENTRE,GAUCHE,GAUCHE,DROITE,18.89,2.35,57.31,21.45,13.83,20460.0,51.25,2.56,5.0,1931,1943,DROITE,0,LE PEN
59391,00391,Mastaing,2022,697,129,568,555,18.51,LE PEN,MACRON,MÉLENCHON,ROUSSEL,ZEMMOUR,44.14,23.24,10.99,5.95,5.23,DROITE,CENTRE,GAUCHE,GAUCHE,DROITE,23.24,3.42,52.97,20.36,12.57,22940.0,47.19,5.56,5.0,889,894,DROITE,0,LE PEN
59407,00407,Monchaux-sur-Ecaillon,2022,499,92,407,396,18.44,LE PEN,MACRON,ZEMMOUR,MÉLENCHON,ROUSSEL,34.85,31.06,9.85,7.58,7.32,DROITE,CENTRE,DROITE,GAUCHE,GAUCHE,31.06,2.27,48.48,18.18,2.07,26700.0,52.94,0.0,0.0,561,570,DROITE,0,LE PEN
59429,00429,Neuville-sur-Escaut,2022,1823,385,1438,1404,21.12,LE PEN,MACRON,MÉLENCHON,ROUSSEL,ZEMMOUR,45.58,15.67,15.31,12.18,4.7,DROITE,CENTRE,GAUCHE,GAUCHE,DROITE,15.67,1.85,51.92,30.56,17.15,19910.0,48.5,13.05,36.0,2757,2771,DROITE,0,LE PEN
59440,00440,Noyelles-sur-Selle,2022,497,97,400,391,19.52,LE PEN,MACRON,MÉLENCHON,PÉCRESSE,ZEMMOUR,46.55,15.6,13.3,7.42,5.63,DROITE,CENTRE,GAUCHE,DROITE,DROITE,15.6,1.02,60.87,22.51,9.09,21510.0,46.96,0.0,0.0,673,684,DROITE,0,LE PEN
59446,00446,Oisy,2022,468,88,380,370,18.8,LE PEN,MACRON,MÉLENCHON,ZEMMOUR,ROUSSEL,34.32,26.49,13.51,6.49,4.86,DROITE,CENTRE,GAUCHE,DROITE,GAUCHE,26.49,1.35,45.95,26.22,0.0,27020.0,55.84,0.0,0.0,690,698,DROITE,0,LE PEN
59475,00475,Prouvy,2022,1709,400,1309,1278,23.41,LE PEN,MACRON,MÉLENCHON,ROUSSEL,ZEMMOUR,38.65,19.01,16.9,14.55,4.07,DROITE,CENTRE,GAUCHE,GAUCHE,DROITE,19.01,1.17,45.38,34.43,20.13,21050.0,50.59,26.34,58.0,2173,2192,DROITE,0,LE PEN
59480,00480,Quérénaing,2022,679,136,543,526,20.03,LE PEN,MACRON,MÉLENCHON,ZEMMOUR,ROUSSEL,29.47,28.71,13.12,7.22,6.84,DROITE,CENTRE,GAUCHE,DROITE,GAUCHE,28.71,3.42,41.83,26.05,6.86,26200.0,59.73,0.0,0.0,861,871,DROITE,0,LE PEN
59504,00504,Roeulx,2022,2684,721,1963,1919,26.86,LE PEN,MACRON,MÉLENCHON,ROUSSEL,ZEMMOUR,46.27,15.37,13.39,11.99,5.26,DROITE,CENTRE,GAUCHE,GAUCHE,DROITE,15.37,1.62,53.52,29.49,25.9,19560.0,50.12,15.66,59.0,3779,3796,DROITE,0,LE PEN
59515,00515,Rouvignies,2022,493,111,382,374,22.52,LE PEN,MÉLENCHON,MACRON,ROUSSEL,ZEMMOUR,41.71,19.52,18.98,7.22,4.55,DROITE,GAUCHE,CENTRE,GAUCHE,DROITE,18.98,1.07,50.0,29.95,16.39,21580.0,47.08,57.75,38.0,657,663,DROITE,0,LE PEN
59564,00564,La Sentinelle,2022,2116,627,1489,1458,29.63,LE PEN,MÉLENCHON,MACRON,ROUSSEL,ZEMMOUR,41.84,20.44,19.34,6.04,4.6,DROITE,GAUCHE,CENTRE,GAUCHE,DROITE,19.34,1.1,49.04,30.52,23.44,18690.0,51.3,57.64,181.0,3143,3159,DROITE,0,LE PEN
59589,00589,Thiant,2022,2134,627,1507,1477,29.38,LE PEN,MACRON,MÉLENCHON,ROUSSEL,ZEMMOUR,42.32,18.55,15.71,7.85,6.43,DROITE,CENTRE,GAUCHE,GAUCHE,DROITE,18.55,1.35,51.32,28.77,9.47,21290.0,50.76,16.54,49.0,3011,3036,DROITE,0,LE PEN
59603,00603,Trith-Saint-Léger,2022,4901,1580,3321,3274,32.24,LE PEN,MÉLENCHON,MACRON,ROUSSEL,ZEMMOUR,42.55,20.46,15.49,9.62,4.28,DROITE,GAUCHE,CENTRE,GAUCHE,DROITE,15.49,1.65,49.21,33.66,16.93,19840.0,51.1,41.57,252.0,6124,6210,DROITE,0,LE PEN
59610,00610,Verchain-Maugré,2022,796,155,641,631,19.47,LE PEN,MACRON,MÉLENCHON,ZEMMOUR,ROUSSEL,42.31,21.55,10.46,6.81,6.5,DROITE,CENTRE,GAUCHE,DROITE,GAUCHE,21.55,1.9,54.36,22.19,8.12,25140.0,56.61,0.0,0.0,1102,1111,DROITE,0,LE PEN
59645,00645,Wasnes-au-Bac,2022,463,72,391,382,15.55,LE PEN,MACRON,ZEMMOUR,MÉLENCHON,PÉCRESSE,40.58,28.8,8.9,8.38,3.14,DROITE,CENTRE,DROITE,GAUCHE,DROITE,28.8,0.79,54.71,15.71,6.84,22960.0,51.47,0.0,0.0,587,591,DROITE,0,LE PEN
59651,00651,Wavrechain-sous-Denain,2022,1021,248,773,765,24.29,LE PEN,MÉLENCHON,MACRON,ROUSSEL,ZEMMOUR,49.54,19.48,13.07,6.14,4.31,DROITE,GAUCHE,CENTRE,GAUCHE,DROITE,13.07,1.7,56.08,29.15,24.15,17520.0,45.79,8.09,13.0,1616,1627,DROITE,0,LE PEN
59652,00652,Wavrechain-sous-Faulx,2022,299,42,257,252,14.05,LE PEN,MACRON,MÉLENCHON,ZEMMOUR,ROUSSEL,40.87,21.03,16.67,7.14,6.75,DROITE,CENTRE,GAUCHE,DROITE,GAUCHE,21.03,2.78,50.79,25.4,5.0,22760.0,46.91,0.0,0.0,424,425,DROITE,0,LE PEN
59014,00014,Anzin,2022,8590,3082,5508,5410,35.88,LE PEN,MÉLENCHON,MACRON,ROUSSEL,ZEMMOUR,40.11,22.94,16.34,9.32,4.81,DROITE,GAUCHE,CENTRE,GAUCHE,DROITE,16.34,1.22,46.97,35.47,26.1,16780.0,55.19,56.79,762.0,13422,13504,DROITE,0,LE PEN
59079,00079,Beuvrages,2022,4525,1415,3110,3055,31.27,LE PEN,MÉLENCHON,MACRON,ROUSSEL,ZEMMOUR,37.71,26.87,17.94,7.82,3.93,DROITE,GAUCHE,CENTRE,GAUCHE,DROITE,17.94,0.79,44.06,37.22,20.71,17240.0,52.24,29.89,203.0,6784,6818,DROITE,0,LE PEN
59100,00100,Bousignies,2022,287,76,211,209,26.48,MACRON,LE PEN,MÉLENCHON,ZEMMOUR,ROUSSEL,31.1,24.88,14.35,9.09,6.7,CENTRE,DROITE,GAUCHE,DROITE,GAUCHE,31.1,2.39,39.23,27.27,2.83,28510.0,63.83,0.0,0.0,349,361,CENTRE,1,MACRON
59109,00109,Brillon,2022,627,139,488,478,22.17,MACRON,LE PEN,MÉLENCHON,ZEMMOUR,JADOT,28.87,24.06,13.39,7.32,6.9,CENTRE,DROITE,GAUCHE,DROITE,GAUCHE,28.87,1.46,40.59,29.08,10.08,28010.0,61.17,0.0,0.0,773,782,CENTRE,1,MACRON
59112,00112,Bruay-sur-l'Escaut,2022,8237,2674,5563,5471,32.46,LE PEN,MÉLENCHON,MACRON,ROUSSEL,ZEMMOUR,46.63,18.97,16.23,6.34,5.04,DROITE,GAUCHE,CENTRE,GAUCHE,DROITE,16.23,1.11,54.3,28.35,18.37,17070.0,52.74,38.93,451.0,11309,11363,DROITE,0,LE PEN
59114,00114,Bruille-Saint-Amand,2022,1272,340,932,922,26.73,LE PEN,MACRON,ROUSSEL,MÉLENCHON,ZEMMOUR,34.82,20.28,16.27,11.82,7.59,DROITE,CENTRE,GAUCHE,GAUCHE,DROITE,20.28,1.41,46.85,31.45,5.48,24050.0,59.0,0.0,0.0,1682,1698,DROITE,0,LE PEN
59144,00144,Château-l'Abbaye,2022,656,137,519,511,20.88,LE PEN,MACRON,ROUSSEL,MÉLENCHON,ZEMMOUR,28.57,24.66,17.81,8.61,7.24,DROITE,CENTRE,GAUCHE,GAUCHE,DROITE,24.66,2.54,40.9,31.9,3.58,25610.0,56.57,0.0,0.0,859,869,DROITE,0,LE PEN
59207,00207,Escautpont,2022,3199,1012,2187,2152,31.63,LE PEN,MACRON,MÉLENCHON,ROUSSEL,ZEMMOUR,45.91,16.08,15.66,11.52,4.74,DROITE,CENTRE,GAUCHE,GAUCHE,DROITE,16.08,1.25,52.7,29.97,21.23,16460.0,50.45,24.92,104.0,4152,4181,DROITE,0,LE PEN
59238,00238,Flines-lès-Mortagne,2022,1235,395,840,829,31.98,LE PEN,MACRON,ROUSSEL,MÉLENCHON,ZEMMOUR,32.09,23.88,13.51,12.79,6.39,DROITE,CENTRE,GAUCHE,GAUCHE,DROITE,23.88,1.33,41.98,32.81,12.7,24600.0,56.18,4.2,7.0,1649,1666,DROITE,0,LE PEN
59253,00253,Fresnes-sur-Escaut,2022,4690,1438,3252,3204,30.66,LE PEN,MACRON,MÉLENCHON,ROUSSEL,ZEMMOUR,44.6,16.26,15.79,11.8,5.15,DROITE,CENTRE,GAUCHE,GAUCHE,DROITE,16.26,1.44,52.15,30.15,22.5,17650.0,53.25,31.85,238.0,7486,7527,DROITE,0,LE PEN
59284,00284,Hasnon,2022,3124,804,2320,2275,25.74,LE PEN,MACRON,MÉLENCHON,ROUSSEL,ZEMMOUR,31.21,21.8,15.43,14.15,6.33,DROITE,CENTRE,GAUCHE,GAUCHE,DROITE,21.8,2.2,41.23,34.77,7.46,23710.0,58.56,13.5,52.0,3874,3912,DROITE,0,LE PEN
59301,00301,Hergnies,2022,3338,1044,2294,2253,31.28,LE PEN,MACRON,MÉLENCHON,ROUSSEL,ZEMMOUR,38.04,21.66,11.5,9.76,7.81,DROITE,CENTRE,GAUCHE,GAUCHE,DROITE,21.66,2.31,50.33,25.7,10.72,21860.0,52.11,16.55,74.0,4463,4496,DROITE,0,LE PEN
59335,00335,Lecelles,2022,2397,511,1886,1841,21.32,MACRON,LE PEN,MÉLENCHON,ROUSSEL,ZEMMOUR,31.34,25.96,12.87,10.16,6.19,CENTRE,DROITE,GAUCHE,GAUCHE,DROITE,31.34,1.79,37.26,29.6,8.21,26640.0,58.69,10.17,31.0,3004,3065,CENTRE,1,MACRON
59393,00393,Maulde,2022,828,260,568,561,31.4,LE PEN,ROUSSEL,MACRON,MÉLENCHON,ZEMMOUR,31.55,22.28,21.93,8.91,4.81,DROITE,GAUCHE,CENTRE,GAUCHE,DROITE,21.93,2.32,40.64,35.12,11.46,23520.0,59.86,0.0,0.0,981,994,DROITE,0,LE PEN
59403,00403,Millonfosse,2022,566,111,455,444,19.61,MACRON,LE PEN,ROUSSEL,MÉLENCHON,ZEMMOUR,28.38,28.15,16.89,12.16,5.63,CENTRE,DROITE,GAUCHE,GAUCHE,DROITE,28.38,1.35,36.26,34.01,9.68,24230.0,52.37,0.0,0.0,711,718,CENTRE,1,MACRON
59418,00418,Mortagne-du-Nord,2022,1088,361,727,712,33.18,LE PEN,ROUSSEL,MACRON,MÉLENCHON,ZEMMOUR,39.89,17.13,15.73,15.31,4.07,DROITE,GAUCHE,CENTRE,GAUCHE,DROITE,15.73,1.4,46.63,36.24,17.39,19330.0,57.62,3.8,6.0,1584,1591,DROITE,0,LE PEN
59434,00434,Nivelle,2022,1102,222,880,873,20.15,LE PEN,MACRON,ROUSSEL,MÉLENCHON,ZEMMOUR,29.67,25.09,15.35,11.11,6.53,DROITE,CENTRE,GAUCHE,GAUCHE,DROITE,25.09,2.06,39.98,32.88,5.69,26210.0,56.63,5.03,7.0,1379,1397,DROITE,0,LE PEN
59444,00444,Odomez,2022,607,142,465,456,23.39,LE PEN,MACRON,MÉLENCHON,ZEMMOUR,ROUSSEL,36.4,17.98,16.67,9.43,7.46,DROITE,CENTRE,GAUCHE,DROITE,GAUCHE,17.98,1.32,50.88,29.82,13.68,20750.0,55.01,0.0,0.0,927,936,DROITE,0,LE PEN
59491,00491,Raismes,2022,9362,3223,6139,6047,34.43,LE PEN,MÉLENCHON,ROUSSEL,MACRON,ZEMMOUR,39.69,18.62,15.71,14.78,4.94,DROITE,GAUCHE,GAUCHE,CENTRE,DROITE,14.78,1.27,46.9,37.04,21.52,17870.0,51.64,44.48,540.0,12055,12108,DROITE,0,LE PEN
59511,00511,Rosult,2022,1519,267,1252,1227,17.58,MACRON,LE PEN,MÉLENCHON,ROUSSEL,ZEMMOUR,30.97,23.8,13.12,10.43,6.36,CENTRE,DROITE,GAUCHE,GAUCHE,DROITE,30.97,1.55,36.19,31.3,6.56,27600.0,60.4,3.51,7.0,1973,2008,CENTRE,1,MACRON
59519,00519,Rumegies,2022,1391,312,1079,1049,22.43,LE PEN,MACRON,MÉLENCHON,ROUSSEL,ZEMMOUR,31.65,28.98,13.35,10.01,6.1,DROITE,CENTRE,GAUCHE,GAUCHE,DROITE,28.98,1.43,41.56,28.03,4.98,25290.0,54.21,0.0,0.0,1740,1773,DROITE,0,LE PEN
59526,00526,Saint-Amand-les-Eaux,2022,12739,4024,8715,8569,31.59,LE PEN,ROUSSEL,MACRON,MÉLENCHON,ZEMMOUR,28.24,20.71,20.61,15.77,5.67,DROITE,GAUCHE,CENTRE,GAUCHE,DROITE,20.61,1.24,37.06,41.09,13.14,20980.0,57.96,45.32,727.0,15980,16160,DROITE,0,LE PEN
59554,00554,Sars-et-Rosières,2022,497,63,434,418,12.68,MACRON,LE PEN,MÉLENCHON,ROUSSEL,JADOT,33.97,25.12,12.44,9.33,5.98,CENTRE,DROITE,GAUCHE,GAUCHE,GAUCHE,33.97,0.96,36.36,28.71,9.44,28720.0,68.85,0.0,0.0,617,632,CENTRE,1,MACRON
59594,00594,Thun-Saint-Amand,2022,820,234,586,578,28.54,LE PEN,MACRON,MÉLENCHON,ROUSSEL,ZEMMOUR,30.45,21.45,16.96,15.74,8.3,DROITE,CENTRE,GAUCHE,GAUCHE,DROITE,21.45,1.38,41.35,35.81,9.34,22610.0,54.09,0.0,0.0,1110,1123,DROITE,0,LE PEN
59613,00613,Vicq,2022,932,227,705,695,24.36,LE PEN,MÉLENCHON,MACRON,ROUSSEL,ZEMMOUR,42.88,18.56,16.55,8.35,4.32,DROITE,GAUCHE,CENTRE,GAUCHE,DROITE,16.55,1.87,50.79,30.79,11.12,21250.0,51.27,19.7,29.0,1473,1487,DROITE,0,LE PEN
59616,00616,Vieux-Condé,2022,7774,2733,5041,4958,35.16,LE PEN,MÉLENCHON,MACRON,ROUSSEL,ZEMMOUR,42.76,20.51,15.91,7.44,5.57,DROITE,GAUCHE,CENTRE,GAUCHE,DROITE,15.91,1.57,51.59,30.92,19.25,18350.0,53.44,28.41,297.0,10446,10504,DROITE,0,LE PEN
59027,00027,Aubry-du-Hainaut,2022,1248,235,1013,1000,18.83,MACRON,LE PEN,MÉLENCHON,ROUSSEL,ZEMMOUR,34.4,27.6,11.1,8.1,8.1,CENTRE,DROITE,GAUCHE,GAUCHE,DROITE,34.4,1.5,39.7,24.4,8.36,25190.0,59.25,13.41,23.0,1726,1742,CENTRE,1,MACRON
59064,00064,Bellaing,2022,982,212,770,753,21.59,LE PEN,MACRON,MÉLENCHON,ROUSSEL,ZEMMOUR,36.12,24.04,16.73,5.18,5.18,DROITE,CENTRE,GAUCHE,GAUCHE,DROITE,24.04,2.52,47.14,26.29,12.79,22420.0,50.56,9.89,13.0,1329,1341,DROITE,0,LE PEN
59153,00153,Condé-sur-l'Escaut,2022,6025,2342,3683,3609,38.87,LE PEN,MÉLENCHON,MACRON,ZEMMOUR,ROUSSEL,36.3,28.1,17.07,5.74,5.02,DROITE,GAUCHE,CENTRE,DROITE,GAUCHE,17.07,1.14,45.47,36.33,28.12,16620.0,55.79,46.25,430.0,9396,9452,DROITE,0,LE PEN
59160,00160,Crespin,2022,2966,1022,1944,1907,34.46,LE PEN,MÉLENCHON,MACRON,ZEMMOUR,ROUSSEL,42.16,20.61,18.62,6.55,3.88,DROITE,GAUCHE,CENTRE,DROITE,GAUCHE,18.62,1.26,51.76,28.37,24.11,18560.0,47.96,24.66,112.0,4515,4547,DROITE,0,LE PEN
59166,00166,Curgies,2022,1047,224,823,806,21.39,MACRON,LE PEN,MÉLENCHON,ZEMMOUR,ROUSSEL,33.5,28.78,14.39,7.82,4.34,CENTRE,DROITE,GAUCHE,DROITE,GAUCHE,33.5,1.86,41.07,23.57,15.4,26200.0,59.68,6.66,9.0,1347,1382,CENTRE,1,MACRON
59215,00215,Estreux,2022,763,135,628,621,17.69,MACRON,LE PEN,MÉLENCHON,ZEMMOUR,ROUSSEL,33.66,23.83,13.2,7.57,5.31,CENTRE,DROITE,GAUCHE,DROITE,GAUCHE,33.66,2.42,38.49,25.44,8.14,27850.0,61.46,0.0,0.0,952,985,CENTRE,1,MACRON
59383,00383,Marly,2022,8227,2492,5735,5618,30.29,LE PEN,MÉLENCHON,MACRON,ROUSSEL,ZEMMOUR,29.33,23.42,22.14,7.92,6.37,DROITE,GAUCHE,CENTRE,GAUCHE,DROITE,22.14,2.24,39.73,35.88,17.02,19710.0,53.83,42.24,506.0,12024,12146,DROITE,0,LE PEN
59447,00447,Onnaing,2022,6169,2008,4161,4096,32.55,LE PEN,MÉLENCHON,MACRON,ROUSSEL,ZEMMOUR,40.21,18.9,17.97,9.18,6.08,DROITE,GAUCHE,CENTRE,GAUCHE,DROITE,17.97,1.59,49.19,31.25,15.86,19050.0,51.13,40.97,351.0,8719,8785,DROITE,0,LE PEN
59459,00459,Petite-Forêt,2022,3785,898,2887,2850,23.73,LE PEN,MACRON,MÉLENCHON,ROUSSEL,ZEMMOUR,40.6,18.7,17.4,8.35,6.63,DROITE,CENTRE,GAUCHE,GAUCHE,DROITE,18.7,1.33,50.18,29.79,14.24,21250.0,51.85,70.78,358.0,5058,5097,DROITE,0,LE PEN
59471,00471,Préseau,2022,1644,400,1244,1229,24.33,LE PEN,MACRON,MÉLENCHON,ZEMMOUR,ROUSSEL,29.86,28.4,13.26,8.87,7.08,DROITE,CENTRE,GAUCHE,DROITE,GAUCHE,28.4,2.28,44.51,24.82,8.34,25410.0,59.25,0.0,0.0,2065,2086,DROITE,0,LE PEN
59479,00479,Quarouble,2022,2469,761,1708,1680,30.82,LE PEN,MACRON,MÉLENCHON,ZEMMOUR,ROUSSEL,41.01,19.88,14.11,7.44,6.37,DROITE,CENTRE,GAUCHE,DROITE,GAUCHE,19.88,2.38,52.08,25.65,15.36,21990.0,49.17,22.92,72.0,3131,3159,DROITE,0,LE PEN
59484,00484,Quiévrechain,2022,3791,1354,2437,2401,35.72,LE PEN,MÉLENCHON,MACRON,ZEMMOUR,ROUSSEL,38.32,29.45,17.12,4.04,3.96,DROITE,GAUCHE,CENTRE,DROITE,GAUCHE,17.12,1.12,45.65,36.11,24.11,16510.0,50.76,44.92,273.0,6208,6251,DROITE,0,LE PEN
59505,00505,Rombies-et-Marchipont,2022,563,114,449,436,20.25,LE PEN,MACRON,MÉLENCHON,ZEMMOUR,PÉCRESSE,39.22,24.08,8.49,8.03,5.73,DROITE,CENTRE,GAUCHE,DROITE,DROITE,24.08,1.38,54.13,20.41,10.29,26680.0,56.59,0.0,0.0,750,757,DROITE,0,LE PEN
59530,00530,Saint-Aybert,2022,240,50,190,186,20.83,LE PEN,MACRON,MÉLENCHON,ZEMMOUR,ROUSSEL,39.78,20.43,15.59,8.06,5.38,DROITE,CENTRE,GAUCHE,DROITE,GAUCHE,20.43,1.08,52.69,25.81,3.68,25010.0,44.17,18.13,6.0,332,333,DROITE,0,LE PEN
59544,00544,Saint-Saulve,2022,8247,2371,5876,5772,28.75,LE PEN,MACRON,MÉLENCHON,ZEMMOUR,PÉCRESSE,30.04,28.45,17.86,6.88,4.28,DROITE,CENTRE,GAUCHE,DROITE,DROITE,28.45,1.42,42.81,27.32,14.74,21740.0,59.31,26.8,298.0,11117,11268,DROITE,0,LE PEN
59557,00557,Saultain,2022,1759,425,1334,1301,24.16,LE PEN,MACRON,MÉLENCHON,ZEMMOUR,ROUSSEL,32.21,28.36,15.37,6.53,5.3,DROITE,CENTRE,GAUCHE,DROITE,GAUCHE,28.36,1.31,44.04,26.29,6.64,24400.0,56.57,16.63,42.0,2553,2584,DROITE,0,LE PEN
59559,00559,Sebourg,2022,1589,367,1222,1194,23.1,MACRON,LE PEN,ZEMMOUR,MÉLENCHON,PÉCRESSE,32.33,22.78,12.06,11.39,5.78,CENTRE,DROITE,DROITE,GAUCHE,DROITE,32.33,2.6,43.55,21.52,8.1,31010.0,69.59,0.0,0.0,1977,2019,CENTRE,1,MACRON
59591,00591,Thivencelle,2022,559,122,437,427,21.82,LE PEN,MACRON,MÉLENCHON,PÉCRESSE,ZEMMOUR,51.76,15.69,12.65,5.15,5.15,DROITE,CENTRE,GAUCHE,DROITE,DROITE,15.69,1.64,63.7,18.97,22.69,18610.0,52.44,8.54,7.0,824,830,DROITE,0,LE PEN
59606,00606,Valenciennes,2022,24679,6990,17689,17363,28.32,MACRON,LE PEN,MÉLENCHON,ZEMMOUR,ROUSSEL,28.95,24.9,22.1,6.98,4.15,CENTRE,DROITE,GAUCHE,DROITE,GAUCHE,28.95,1.54,36.93,32.58,18.34,20250.0,61.66,83.99,3610.0,42991,43467,CENTRE,1,MACRON
59632,00632,Wallers,2022,4013,1098,2915,2836,27.36,LE PEN,MACRON,MÉLENCHON,ZEMMOUR,ROUSSEL,41.43,20.7,16.29,6.28,5.57,DROITE,CENTRE,GAUCHE,DROITE,GAUCHE,20.7,1.48,52.19,25.63,16.96,19980.0,51.75,27.41,154.0,5598,5634,DROITE,0,LE PEN
