code_commune,commune,candidat,nb_votes,2017_votes,2017_target,2022_votes,2022_target,inscrits,abstentions,votants,exprimes,pct_abstention,pct_CENTRE,pct_DROITE,pct_GAUCHE,pct_DIVERS,taux_chomage,revenu_median,taux_faible_diplome,taux_delinquance,nb_faits_total,population_municipale,population_totale,Tg
1,Abancourt,LE PEN,94,30.23,1,29.64,1,358,42,316,311,11.73,18.33,58.2,20.26,3.22,9.09,22772.0,53.61,0.0,0.0,461,474,1
1,Abancourt,FILLON,67,21.54,0,27.69,0,358,42,316,311,11.73,18.33,58.2,20.26,3.22,9.09,22772.0,53.61,0.0,0.0,461,474,0
2,Abscon,LE PEN,931,42.55,1,49.04,1,2805,557,2248,2188,19.86,14.95,55.58,28.47,1.01,20.42,17482.0,51.2,41.22,183.0,4440,4475,1
2,Abscon,MÉLENCHON,495,22.62,0,18.0,0,2805,557,2248,2188,19.86,14.95,55.58,28.47,1.01,20.42,17482.0,51.2,41.22,183.0,4440,4475,0
3,Aibes,LE PEN,88,43.14,1,41.0,1,249,40,209,204,16.06,12.75,66.18,19.12,1.96,3.23,17514.0,43.98,0.0,0.0,374,380,1
3,Aibes,MÉLENCHON,31,15.2,0,19.0,0,249,40,209,204,16.06,12.75,66.18,19.12,1.96,3.23,17514.0,43.98,0.0,0.0,374,380,0
4,Aix,FILLON,246,31.1,1,37.8,1,877,74,803,791,8.44,22.38,59.17,17.19,1.26,3.85,25532.0,58.73,0.0,0.0,1185,1199,1
4,Aix,LE PEN,177,22.38,0,24.91,0,877,74,803,791,8.44,22.38,59.17,17.19,1.26,3.85,25532.0,58.73,0.0,0.0,1185,1199,0
5,Allennes-les-Marais,LE PEN,599,26.63,1,29.43,1,2744,435,2309,2249,15.85,22.01,48.91,27.7,1.38,9.38,22985.0,58.76,14.15,49.0,3462,3508,1
5,Allennes-les-Marais,MACRON,495,22.01,0,28.45,0,2744,435,2309,2249,15.85,22.01,48.91,27.7,1.38,9.38,22985.0,58.76,14.15,49.0,3462,3508,0
6,Amfroipret,LE PEN,44,30.14,1,39.42,1,175,23,152,146,13.14,17.12,63.01,19.86,0.0,10.52,24860.0,55.44,0.0,0.0,228,236,1
6,Amfroipret,FILLON,34,23.29,0,27.01,0,175,23,152,146,13.14,17.12,63.01,19.86,0.0,10.52,24860.0,55.44,0.0,0.0,228,236,0
7,Anhiers,LE PEN,228,43.1,1,46.51,1,626,87,539,529,13.9,15.12,54.25,28.73,1.89,13.51,19649.0,48.73,0.0,0.0,904,917,1
7,Anhiers,MÉLENCHON,136,25.71,0,16.77,0,626,87,539,529,13.9,15.12,54.25,28.73,1.89,13.51,19649.0,48.73,0.0,0.0,904,917,0
8,Aniche,LE PEN,1930,41.42,1,44.63,1,6791,2029,4762,4660,29.88,12.51,52.3,33.95,1.24,23.83,15799.0,50.3,42.32,436.0,10303,10417,1
8,Aniche,MÉLENCHON,1260,27.04,0,20.82,0,6791,2029,4762,4660,29.88,12.51,52.3,33.95,1.24,23.83,15799.0,50.3,42.32,436.0,10303,10417,0
9,Villeneuve-d'Ascq,MÉLENCHON,8386,27.82,1,34.2,1,39182,8412,30770,30143,21.47,25.93,34.68,37.61,1.77,18.06,19900.0,66.78,85.52,5333.0,62358,63085,1
9,Villeneuve-d'Ascq,MACRON,7816,25.93,0,29.46,0,39182,8412,30770,30143,21.47,25.93,34.68,37.61,1.77,18.06,19900.0,66.78,85.52,5333.0,62358,63085,0
10,Anneux,LE PEN,59,35.76,1,40.54,1,197,24,173,165,12.18,20.0,55.76,23.64,0.61,13.99,20865.0,57.71,0.0,0.0,279,283,1
10,Anneux,MACRON,33,20.0,0,33.11,0,197,24,173,165,12.18,20.0,55.76,23.64,0.61,13.99,20865.0,57.71,0.0,0.0,279,283,0
11,Annoeullin,LE PEN,1829,32.67,1,32.36,1,7410,1592,5818,5599,21.48,21.18,51.49,25.92,1.41,12.73,21040.0,58.73,36.42,382.0,10490,10597,1
11,Annoeullin,MACRON,1186,21.18,0,29.06,0,7410,1592,5818,5599,21.48,21.18,51.49,25.92,1.41,12.73,21040.0,58.73,36.42,382.0,10490,10597,0
12,Anor,LE PEN,606,37.38,1,42.77,1,2294,624,1670,1621,27.2,17.21,52.81,28.56,1.42,22.35,17072.0,53.37,22.34,73.0,3267,3318,1
12,Anor,MÉLENCHON,333,20.54,0,19.14,0,2294,624,1670,1621,27.2,17.21,52.81,28.56,1.42,22.35,17072.0,53.37,22.34,73.0,3267,3318,0
13,Anstaing,MACRON,225,24.32,1,34.81,1,1113,163,950,925,14.65,24.32,41.95,32.43,1.3,4.29,24253.0,64.01,13.27,19.0,1432,1446,1
13,Anstaing,MÉLENCHON,220,23.78,0,20.45,0,1113,163,950,925,14.65,24.32,41.95,32.43,1.3,4.29,24253.0,64.01,13.27,19.0,1432,1446,0
14,Anzin,LE PEN,2290,39.55,1,40.11,1,8649,2722,5927,5790,31.47,15.28,50.76,32.61,1.35,28.56,14963.0,55.82,59.06,793.0,13426,13586,1
14,Anzin,MÉLENCHON,1434,24.77,0,22.94,0,8649,2722,5927,5790,31.47,15.28,50.76,32.61,1.35,28.56,14963.0,55.82,59.06,793.0,13426,13586,0
15,Arleux,LE PEN,813,44.23,1,44.59,1,2291,406,1885,1838,17.72,13.71,62.95,22.03,1.31,15.62,19845.0,55.13,20.77,65.0,3130,3158,1
15,Arleux,MÉLENCHON,317,17.25,0,20.48,0,2291,406,1885,1838,17.72,13.71,62.95,22.03,1.31,15.62,19845.0,55.13,20.77,65.0,3130,3158,0
16,Armbouts-Cappel,LE PEN,541,34.46,1,36.49,1,1854,237,1617,1570,12.78,19.62,54.52,24.78,1.08,8.09,22284.0,53.1,6.53,15.0,2296,2344,1
16,Armbouts-Cappel,MACRON,308,19.62,0,27.3,0,1854,237,1617,1570,12.78,19.62,54.52,24.78,1.08,8.09,22284.0,53.1,6.53,15.0,2296,2344,0
17,Armentières,LE PEN,3442,29.03,1,28.87,1,17127,4966,12161,11857,29.0,19.1,44.75,34.47,1.68,19.85,17264.0,59.94,64.44,1612.0,25015,25373,1
17,Armentières,MÉLENCHON,2877,24.26,0,25.39,0,17127,4966,12161,11857,29.0,19.1,44.75,34.47,1.68,19.85,17264.0,59.94,64.44,1612.0,25015,25373,0
18,Arnèke,LE PEN,267,27.13,1,33.48,1,1167,161,1006,984,13.8,19.51,56.2,22.56,1.73,11.26,19539.0,61.51,3.66,6.0,1641,1679,1
18,Arnèke,FILLON,223,22.66,0,28.05,0,1167,161,1006,984,13.8,19.51,56.2,22.56,1.73,11.26,19539.0,61.51,3.66,6.0,1641,1679,0
19,Artres,LE PEN,186,30.44,1,31.18,1,741,118,623,611,15.92,22.91,53.03,21.77,2.29,14.05,22752.0,59.32,0.0,0.0,1053,1065,1
19,Artres,MACRON,140,22.91,0,29.62,0,741,118,623,611,15.92,22.91,53.03,21.77,2.29,14.05,22752.0,59.32,0.0,0.0,1053,1065,0
21,Assevent,LE PEN,441,42.2,1,41.87,1,1302,223,1079,1045,17.13,18.66,57.13,22.97,1.24,16.77,19471.0,51.24,7.08,13.0,1837,1857,1
21,Assevent,MACRON,195,18.66,0,21.47,0,1302,223,1079,1045,17.13,18.66,57.13,22.97,1.24,16.77,19471.0,51.24,7.08,13.0,1837,1857,0
22,Attiches,LE PEN,441,28.62,1,32.85,1,1862,292,1570,1541,15.68,21.8,53.54,22.71,1.95,9.65,24071.0,59.21,9.7,22.0,2268,2300,1
22,Attiches,MACRON,336,21.8,0,26.26,0,1862,292,1570,1541,15.68,21.8,53.54,22.71,1.95,9.65,24071.0,59.21,9.7,22.0,2268,2300,0
23,Aubencheul-au-Bac,LE PEN,125,36.66,1,39.4,1,421,64,357,341,15.2,13.78,63.93,20.53,1.76,13.71,21629.0,52.76,0.0,0.0,530,535,1
23,Aubencheul-au-Bac,FILLON,57,16.72,0,23.28,0,421,64,357,341,15.2,13.78,63.93,20.53,1.76,13.71,21629.0,52.76,0.0,0.0,530,535,0
24,Auberchicourt,LE PEN,940,38.29,1,41.52,1,3241,709,2532,2455,21.88,17.07,51.32,30.92,0.69,17.81,18157.0,51.83,27.47,121.0,4405,4437,1
24,Auberchicourt,MÉLENCHON,536,21.83,0,20.52,0,3241,709,2532,2455,21.88,17.07,51.32,30.92,0.69,17.81,18157.0,51.83,27.47,121.0,4405,4437,0
25,Aubers,FILLON,361,31.5,1,35.88,1,1385,221,1164,1146,15.96,23.56,57.24,16.67,2.53,6.16,27613.0,63.9,0.0,0.0,1610,1629,1
25,Aubers,MACRON,270,23.56,0,22.96,0,1385,221,1164,1146,15.96,23.56,57.24,16.67,2.53,6.16,27613.0,63.9,0.0,0.0,1610,1629,0
26,Aubigny-au-Bac,LE PEN,336,46.8,1,51.1,1,886,148,738,718,16.7,14.07,64.76,19.22,1.95,13.93,20809.0,53.2,11.82,14.0,1184,1210,1
26,Aubigny-au-Bac,MÉLENCHON,104,14.48,0,18.3,0,886,148,738,718,16.7,14.07,64.76,19.22,1.95,13.93,20809.0,53.2,11.82,14.0,1184,1210,0
27,Aubry-du-Hainaut,LE PEN,285,27.35,1,34.4,1,1267,194,1073,1042,15.31,23.13,54.13,20.92,1.82,8.82,23462.0,59.88,12.72,21.0,1651,1667,1
27,Aubry-du-Hainaut,MACRON,241,23.13,0,27.6,0,1267,194,1073,1042,15.31,23.13,54.13,20.92,1.82,8.82,23462.0,59.88,12.72,21.0,1651,1667,0
28,Auby,LE PEN,1417,37.32,1,38.82,1,4991,1107,3884,3797,22.18,12.3,45.22,40.8,1.69,25.66,16623.0,56.47,44.61,325.0,7285,7344,1
28,Auby,MÉLENCHON,1273,33.53,0,32.58,0,4991,1107,3884,3797,22.18,12.3,45.22,40.8,1.69,25.66,16623.0,56.47,44.61,325.0,7285,7344,0
29,Auchy-lez-Orchies,FILLON,268,29.78,1,34.85,1,1030,112,918,900,10.87,20.11,59.11,19.11,1.67,6.8,24980.0,60.63,16.32,25.0,1532,1553,1
29,Auchy-lez-Orchies,LE PEN,208,23.11,0,24.01,0,1030,112,918,900,10.87,20.11,59.11,19.11,1.67,6.8,24980.0,60.63,16.32,25.0,1532,1553,0
31,Audignies,LE PEN,95,39.92,1,41.07,1,298,57,241,238,19.13,14.71,66.39,17.65,1.26,2.5,23086.0,54.62,0.0,0.0,357,361,1
31,Audignies,FILLON,57,23.95,0,18.75,0,298,57,241,238,19.13,14.71,66.39,17.65,1.26,2.5,23086.0,54.62,0.0,0.0,357,361,0
32,Aulnoy-lez-Valenciennes,LE PEN,1197,34.01,1,35.68,1,4741,1130,3611,3520,23.83,18.66,49.46,30.6,1.28,19.65,17953.0,54.93,48.52,355.0,7316,7385,1
32,Aulnoy-lez-Valenciennes,MÉLENCHON,798,22.67,0,21.73,0,4741,1130,3611,3520,23.83,18.66,49.46,30.6,1.28,19.65,17953.0,54.93,48.52,355.0,7316,7385,0
33,Aulnoye-Aymeries,LE PEN,1532,33.74,1,37.33,1,6691,2019,4672,4540,30.17,14.05,46.23,38.17,1.54,26.66,16545.0,48.99,39.18,347.0,8856,9093,1
33,Aulnoye-Aymeries,MÉLENCHON,1432,31.54,0,21.27,0,6691,2019,4672,4540,30.17,14.05,46.23,38.17,1.54,26.66,16545.0,48.99,39.18,347.0,8856,9093,0
34,Avelin,FILLON,524,28.98,1,41.56,1,2182,344,1838,1808,15.77,25.11,56.64,17.26,1.0,7.17,27384.0,62.56,23.3,63.0,2704,2738,1
34,Avelin,MACRON,454,25.11,0,24.58,0,2182,344,1838,1808,15.77,25.11,56.64,17.26,1.0,7.17,27384.0,62.56,23.3,63.0,2704,2738,0
35,Avesnelles,LE PEN,452,31.9,1,36.32,1,1949,507,1442,1417,26.01,14.89,58.5,25.19,1.41,19.76,18500.0,57.71,19.23,48.0,2496,2528,1
35,Avesnelles,MÉLENCHON,284,20.04,0,24.43,0,1949,507,1442,1417,26.01,14.89,58.5,25.19,1.41,19.76,18500.0,57.71,19.23,48.0,2496,2528,0
36,Avesnes-sur-Helpe,LE PEN,565,29.26,1,33.3,1,2996,1026,1970,1931,34.25,14.4,53.86,30.24,1.5,35.22,14204.0,61.21,52.0,242.0,4654,4809,1
36,Avesnes-sur-Helpe,MÉLENCHON,436,22.58,0,25.18,0,2996,1026,1970,1931,34.25,14.4,53.86,30.24,1.5,35.22,14204.0,61.21,52.0,242.0,4654,4809,0
37,Avesnes-les-Aubert,LE PEN,846,40.52,1,45.88,1,2630,509,2121,2088,19.35,12.21,53.07,33.91,0.81,22.52,17599.0,52.16,34.12,124.0,3634,3669,1
37,Avesnes-les-Aubert,MÉLENCHON,584,27.97,0,15.15,0,2630,509,2121,2088,19.35,12.21,53.07,33.91,0.81,22.52,17599.0,52.16,34.12,124.0,3634,3669,0
38,Avesnes-le-Sec,LE PEN,357,40.16,1,45.29,1,1064,159,905,889,14.94,14.17,60.29,24.97,0.56,14.0,20382.0,50.24,0.0,0.0,1470,1486,1
38,Avesnes-le-Sec,MÉLENCHON,197,22.16,0,20.65,0,1064,159,905,889,14.94,14.17,60.29,24.97,0.56,14.0,20382.0,50.24,0.0,0.0,1470,1486,0
39,Awoingt,LE PEN,145,29.59,1,34.38,1,619,116,503,490,18.74,25.1,52.04,21.43,1.43,9.89,22664.0,57.21,0.0,0.0,844,862,1
39,Awoingt,MACRON,123,25.1,0,28.29,0,619,116,503,490,18.74,25.1,52.04,21.43,1.43,9.89,22664.0,57.21,0.0,0.0,844,862,0
41,Bachant,LE PEN,538,40.97,1,44.64,1,1823,460,1363,1313,25.23,12.11,53.47,33.51,0.91,22.2,17569.0,47.58,18.85,44.0,2334,2362,1
41,Bachant,MÉLENCHON,351,26.73,0,19.24,0,1823,460,1363,1313,25.23,12.11,53.47,33.51,0.91,22.2,17569.0,47.58,18.85,44.0,2334,2362,0
42,Bachy,MACRON,284,26.89,1,37.68,1,1203,128,1075,1056,10.64,26.89,51.04,20.83,1.23,8.43,24915.0,61.97,6.51,11.0,1690,1711,1
42,Bachy,FILLON,247,23.39,0,22.07,0,1203,128,1075,1056,10.64,26.89,51.04,20.83,1.23,8.43,24915.0,61.97,6.51,11.0,1690,1711,0
43,Bailleul,LE PEN,2527,29.02,1,31.0,1,10878,1933,8945,8709,17.77,20.53,51.62,26.12,1.72,13.19,20994.0,57.6,36.43,527.0,14467,14725,1
43,Bailleul,MACRON,1788,20.53,0,28.99,0,10878,1933,8945,8709,17.77,20.53,51.62,26.12,1.72,13.19,20994.0,57.6,36.43,527.0,14467,14725,0
44,Baisieux,MACRON,777,25.38,1,38.05,1,3791,684,3107,3062,18.04,25.38,51.57,21.36,1.7,5.56,24511.0,62.82,30.53,145.0,4750,4800,1
44,Baisieux,FILLON,708,23.12,0,23.32,0,3791,684,3107,3062,18.04,25.38,51.57,21.36,1.7,5.56,24511.0,62.82,30.53,145.0,4750,4800,0
45,Baives,LE PEN,35,47.3,1,38.6,1,115,41,74,74,35.65,8.11,71.62,16.22,4.05,15.79,18107.0,58.97,0.0,0.0,165,167,1
45,Baives,FILLON,11,14.86,0,29.82,0,115,41,74,74,35.65,8.11,71.62,16.22,4.05,15.79,18107.0,58.97,0.0,0.0,165,167,0
46,Bambecque,LE PEN,169,35.43,1,37.68,1,563,73,490,477,12.97,16.77,64.36,17.61,1.26,15.71,19319.0,55.69,0.0,0.0,741,751,1
46,Bambecque,FILLON,107,22.43,0,25.36,0,563,73,490,477,12.97,16.77,64.36,17.61,1.26,15.71,19319.0,55.69,0.0,0.0,741,751,0
47,Banteux,LE PEN,82,39.61,1,46.11,1,266,55,211,207,20.68,11.59,62.32,24.15,1.93,21.43,18327.0,49.42,0.0,0.0,341,343,1
47,Banteux,FILLON,38,18.36,0,16.06,0,266,55,211,207,20.68,11.59,62.32,24.15,1.93,21.43,18327.0,49.42,0.0,0.0,341,343,0
48,Bantigny,LE PEN,110,34.16,1,42.28,1,386,50,336,322,12.95,22.36,56.83,18.32,2.48,11.76,22500.0,54.08,0.0,0.0,507,519,1
48,Bantigny,MACRON,72,22.36,0,22.15,0,386,50,336,322,12.95,22.36,56.83,18.32,2.48,11.76,22500.0,54.08,0.0,0.0,507,519,0
49,Bantouzelle,LE PEN,93,39.41,1,40.18,1,316,73,243,236,23.1,15.25,63.56,18.64,2.54,22.55,18517.0,59.86,0.0,0.0,420,424,1
49,Bantouzelle,MÉLENCHON,39,16.53,0,19.18,0,316,73,243,236,23.1,15.25,63.56,18.64,2.54,22.55,18517.0,59.86,0.0,0.0,420,424,0
50,Bas-Lieu,LE PEN,63,31.98,1,35.94,1,233,34,199,197,14.59,20.3,63.96,14.21,1.52,23.81,20601.0,50.61,0.0,0.0,353,361,1
50,Bas-Lieu,FILLON,47,23.86,0,31.77,0,233,34,199,197,14.59,20.3,63.96,14.21,1.52,23.81,20601.0,50.61,0.0,0.0,353,361,0
51,La Bassée,LE PEN,1126,33.94,1,37.6,1,4409,1006,3403,3318,22.82,18.63,54.46,25.47,1.45,15.22,18819.0,56.44,45.01,289.0,6421,6476,1
51,La Bassée,MACRON,618,18.63,0,26.37,0,4409,1006,3403,3318,22.82,18.63,54.46,25.47,1.45,15.22,18819.0,56.44,45.01,289.0,6421,6476,0
52,Bauvin,LE PEN,1248,39.47,1,40.26,1,4113,859,3254,3162,20.88,16.41,53.45,28.75,1.39,12.65,20365.0,53.2,24.09,126.0,5230,5272,1
52,Bauvin,MÉLENCHON,688,21.76,0,21.37,0,4113,859,3254,3162,20.88,16.41,53.45,28.75,1.39,12.65,20365.0,53.2,24.09,126.0,5230,5272,0
53,Bavay,LE PEN,652,37.11,1,38.38,1,2222,409,1813,1757,18.41,17.3,60.73,20.38,1.59,20.82,18379.0,54.61,37.31,125.0,3350,3442,1
53,Bavay,FILLON,312,17.76,0,25.3,0,2222,409,1813,1757,18.41,17.3,60.73,20.38,1.59,20.82,18379.0,54.61,37.31,125.0,3350,3442,0
54,Bavinchove,LE PEN,186,31.31,1,37.29,1,745,129,616,594,17.32,21.72,54.38,23.23,0.67,11.96,20784.0,53.79,7.29,7.0,960,969,1
54,Bavinchove,MACRON,129,21.72,0,31.02,0,745,129,616,594,17.32,21.72,54.38,23.23,0.67,11.96,20784.0,53.79,7.29,7.0,960,969,0
55,Bazuel,LE PEN,124,38.51,1,46.42,1,429,96,333,322,22.38,15.84,67.08,16.77,0.31,20.0,17630.0,57.49,16.89,9.0,533,545,1
55,Bazuel,FILLON,76,23.6,0,25.94,0,429,96,333,322,22.38,15.84,67.08,16.77,0.31,20.0,17630.0,57.49,16.89,9.0,533,545,0
56,Beaucamps-Ligny,FILLON,239,38.61,1,43.78,1,742,106,636,619,14.29,26.17,59.77,12.92,1.13,7.59,27237.0,70.4,17.5,15.0,857,879,1
56,Beaucamps-Ligny,MACRON,162,26.17,0,16.8,0,742,106,636,619,14.29,26.17,59.77,12.92,1.13,7.59,27237.0,70.4,17.5,15.0,857,879,0
57,Beaudignies,LE PEN,121,32.7,1,33.52,1,430,49,381,370,11.4,17.84,57.57,21.62,2.97,4.08,20787.0,51.22,0.0,0.0,563,578,1
57,Beaudignies,FILLON,68,18.38,0,24.18,0,430,49,381,370,11.4,17.84,57.57,21.62,2.97,4.08,20787.0,51.22,0.0,0.0,563,578,0
58,Beaufort,LE PEN,261,39.07,1,43.78,1,799,122,677,668,15.27,13.92,69.01,15.57,1.5,8.42,20893.0,50.59,0.0,0.0,987,1001,1
58,Beaufort,FILLON,152,22.75,0,24.68,0,799,122,677,668,15.27,13.92,69.01,15.57,1.5,8.42,20893.0,50.59,0.0,0.0,987,1001,0
59,Beaumont-en-Cambrésis,LE PEN,105,41.02,1,47.29,1,333,71,262,256,21.32,19.92,57.03,20.7,2.34,19.15,17835.0,56.64,0.0,0.0,448,451,1
59,Beaumont-en-Cambrésis,MACRON,51,19.92,0,16.25,0,333,71,262,256,21.32,19.92,57.03,20.7,2.34,19.15,17835.0,56.64,0.0,0.0,448,451,0
60,Beaurain,LE PEN,70,50.0,1,46.45,1,176,33,143,140,18.75,12.86,65.71,17.86,3.57,4.35,19059.0,54.19,0.0,0.0,231,234,1
60,Beaurain,MACRON,18,12.86,0,23.87,0,176,33,143,140,18.75,12.86,65.71,17.86,3.57,4.35,19059.0,54.19,0.0,0.0,231,234,0
61,Beaurepaire-sur-Sambre,LE PEN,52,35.14,1,40.16,1,189,39,150,148,20.63,13.51,65.54,18.24,2.7,9.76,17676.0,59.6,0.0,0.0,257,261,1
61,Beaurepaire-sur-Sambre,FILLON,33,22.3,0,25.41,0,189,39,150,148,20.63,13.51,65.54,18.24,2.7,9.76,17676.0,59.6,0.0,0.0,257,261,0
62,Beaurieux,LE PEN,25,27.17,1,32.94,1,107,14,93,92,13.08,19.57,56.52,19.57,4.35,16.67,22157.0,50.86,0.0,0.0,165,165,1
62,Beaurieux,FILLON,24,26.09,0,30.59,0,107,14,93,92,13.08,19.57,56.52,19.57,4.35,16.67,22157.0,50.86,0.0,0.0,165,165,0
63,Beauvois-en-Cambrésis,LE PEN,471,40.6,1,43.07,1,1532,348,1184,1160,22.72,19.05,56.64,21.72,2.59,25.73,17952.0,52.44,12.99,27.0,2079,2103,1
63,Beauvois-en-Cambrésis,MACRON,221,19.05,0,21.3,0,1532,348,1184,1160,22.72,19.05,56.64,21.72,2.59,25.73,17952.0,52.44,12.99,27.0,2079,2103,0
64,Bellaing,LE PEN,218,28.42,1,36.12,1,963,168,795,767,17.45,17.47,51.24,29.2,2.09,17.48,19952.0,50.69,34.29,42.0,1225,1236,1
64,Bellaing,MÉLENCHON,173,22.56,0,24.04,0,963,168,795,767,17.45,17.47,51.24,29.2,2.09,17.48,19952.0,50.69,34.29,42.0,1225,1236,0
65,Bellignies,LE PEN,179,38.49,1,37.61,1,623,148,475,465,23.76,16.99,58.06,23.87,1.08,18.75,20711.0,51.45,0.0,0.0,833,841,1
65,Bellignies,MACRON,79,16.99,0,25.9,0,623,148,475,465,23.76,16.99,58.06,23.87,1.08,18.75,20711.0,51.45,0.0,0.0,833,841,0
66,Bérelles,LE PEN,27,33.75,1,42.22,1,102,20,82,80,19.61,20.0,60.0,16.25,3.75,18.18,22968.0,50.0,0.0,0.0,149,152,1
66,Bérelles,MACRON,16,20.0,0,18.89,0,102,20,82,80,19.61,20.0,60.0,16.25,3.75,18.18,22968.0,50.0,0.0,0.0,149,152,0
67,Bergues,LE PEN,722,32.46,1,33.1,1,2992,713,2279,2224,23.83,18.3,56.56,23.61,1.53,15.31,19373.0,59.78,29.77,111.0,3729,3790,1
67,Bergues,FILLON,419,18.84,0,31.02,0,2992,713,2279,2224,23.83,18.3,56.56,23.61,1.53,15.31,19373.0,59.78,29.77,111.0,3729,3790,0
68,Berlaimont,LE PEN,563,32.89,1,38.74,1,2372,605,1767,1712,25.51,16.59,54.44,27.57,1.4,19.38,18438.0,53.52,18.36,57.0,3105,3141,1
68,Berlaimont,MÉLENCHON,365,21.32,0,22.97,0,2372,605,1767,1712,25.51,16.59,54.44,27.57,1.4,19.38,18438.0,53.52,18.36,57.0,3105,3141,0
69,Bermerain,LE PEN,144,31.65,1,41.13,1,567,95,472,455,16.75,17.8,54.51,26.37,1.32,11.3,20848.0,54.54,0.0,0.0,717,723,1
69,Bermerain,MÉLENCHON,95,20.88,0,25.68,0,567,95,472,455,16.75,17.8,54.51,26.37,1.32,11.3,20848.0,54.54,0.0,0.0,717,723,0
70,Bermeries,LE PEN,81,35.53,1,33.0,1,278,44,234,228,15.83,14.91,63.16,21.05,0.88,12.73,22159.0,55.22,6.11,7.0,375,379,1
70,Bermeries,FILLON,48,21.05,0,20.5,0,278,44,234,228,15.83,14.91,63.16,21.05,0.88,12.73,22159.0,55.22,6.11,7.0,375,379,0
71,Bersée,MACRON,411,26.13,1,38.05,1,1860,258,1602,1573,13.87,26.13,53.91,17.86,2.1,7.57,24905.0,59.12,6.78,15.0,2213,2245,1
71,Bersée,FILLON,392,24.92,0,23.64,0,1860,258,1602,1573,13.87,26.13,53.91,17.86,2.1,7.57,24905.0,59.12,6.78,15.0,2213,2245,0
72,Bersillies,LE PEN,52,32.3,1,34.56,1,203,41,162,161,20.2,24.22,59.01,16.15,0.62,4.35,22083.0,46.19,0.0,0.0,254,261,1
72,Bersillies,MACRON,39,24.22,0,33.82,0,203,41,162,161,20.2,24.22,59.01,16.15,0.62,4.35,22083.0,46.19,0.0,0.0,254,261,0
73,Berthen,LE PEN,96,25.53,1,30.43,1,454,63,391,376,13.88,20.48,55.32,21.54,2.66,5.36,21979.0,57.46,0.0,0.0,551,564,1
73,Berthen,FILLON,88,23.4,0,24.04,0,454,63,391,376,13.88,20.48,55.32,21.54,2.66,5.36,21979.0,57.46,0.0,0.0,551,564,0
74,Bertry,LE PEN,462,36.64,1,43.93,1,1666,363,1303,1261,21.79,15.94,55.75,26.01,2.3,16.85,18413.0,52.8,11.0,24.0,2181,2218,1
74,Bertry,MÉLENCHON,237,18.79,0,20.62,0,1666,363,1303,1261,21.79,15.94,55.75,26.01,2.3,16.85,18413.0,52.8,11.0,24.0,2181,2218,0
75,Béthencourt,LE PEN,174,39.28,1,45.26,1,538,81,457,443,15.06,13.54,67.72,16.7,2.03,11.27,19347.0,51.97,17.36,13.0,749,761,1
75,Béthencourt,FILLON,93,20.99,0,19.91,0,538,81,457,443,15.06,13.54,67.72,16.7,2.03,11.27,19347.0,51.97,17.36,13.0,749,761,0
76,Bettignies,LE PEN,64,35.56,1,41.51,1,210,28,182,180,13.33,17.22,57.78,22.22,2.78,11.21,19116.0,44.88,0.0,0.0,310,315,1
76,Bettignies,MÉLENCHON,32,17.78,0,24.53,0,210,28,182,180,13.33,17.22,57.78,22.22,2.78,11.21,19116.0,44.88,0.0,0.0,310,315,0
77,Bettrechies,LE PEN,42,30.0,1,35.86,1,174,30,144,140,17.24,17.86,52.86,24.29,5.0,14.29,20582.0,60.57,0.0,0.0,253,257,1
77,Bettrechies,MÉLENCHON,27,19.29,0,22.07,0,174,30,144,140,17.24,17.86,52.86,24.29,5.0,14.29,20582.0,60.57,0.0,0.0,253,257,0
78,Beugnies,LE PEN,130,35.91,1,36.02,1,442,73,369,362,16.52,16.02,60.5,22.93,0.55,20.9,19614.0,50.88,0.0,0.0,630,638,1
78,Beugnies,MÉLENCHON,64,17.68,0,27.38,0,442,73,369,362,16.52,16.02,60.5,22.93,0.55,20.9,19614.0,50.88,0.0,0.0,630,638,0
79,Beuvrages,LE PEN,1200,37.34,1,37.71,1,4627,1340,3287,3214,28.96,14.84,47.95,36.22,1.0,27.27,15389.0,49.63,29.88,199.0,6660,6692,1
79,Beuvrages,MÉLENCHON,953,29.65,0,26.87,0,4627,1340,3287,3214,28.96,14.84,47.95,36.22,1.0,27.27,15389.0,49.63,29.88,199.0,6660,6692,0
80,Beuvry-la-Forêt,LE PEN,493,26.84,1,31.35,1,2260,374,1886,1837,16.55,23.41,51.06,24.33,1.2,9.16,23058.0,57.48,16.04,44.0,2743,2772,1
80,Beuvry-la-Forêt,MACRON,430,23.41,0,28.93,0,2260,374,1886,1837,16.55,23.41,51.06,24.33,1.2,9.16,23058.0,57.48,16.04,44.0,2743,2772,0
81,Bévillers,LE PEN,138,38.44,1,45.09,1,441,69,372,359,15.65,15.32,62.12,22.01,0.56,12.96,19502.0,55.3,0.0,0.0,556,563,1
81,Bévillers,FILLON,65,18.11,0,20.55,0,441,69,372,359,15.65,15.32,62.12,22.01,0.56,12.96,19502.0,55.3,0.0,0.0,556,563,0
82,Bierne,LE PEN,399,33.42,1,34.77,1,1417,190,1227,1194,13.41,23.12,53.27,22.36,1.26,12.85,22936.0,51.31,6.6,12.0,1817,1848,1
82,Bierne,MACRON,276,23.12,0,27.6,0,1417,190,1227,1194,13.41,23.12,53.27,22.36,1.26,12.85,22936.0,51.31,6.6,12.0,1817,1848,0
83,Bissezeele,FILLON,42,28.19,1,27.61,1,182,28,154,149,15.38,16.11,63.76,20.13,0.0,6.67,22246.0,59.17,0.0,0.0,243,245,1
83,Bissezeele,LE PEN,39,26.17,0,24.54,0,182,28,154,149,15.38,16.11,63.76,20.13,0.0,6.67,22246.0,59.17,0.0,0.0,243,245,0
84,Blaringhem,LE PEN,399,31.52,1,37.94,1,1629,320,1309,1266,19.64,21.01,55.29,22.43,1.26,9.92,19949.0,54.06,6.26,13.0,2076,2112,1
84,Blaringhem,MACRON,266,21.01,0,27.59,0,1629,320,1309,1266,19.64,21.01,55.29,22.43,1.26,9.92,19949.0,54.06,6.26,13.0,2076,2112,0
85,Blécourt,LE PEN,88,37.93,1,36.32,1,277,42,235,232,15.16,18.97,65.09,13.36,2.59,18.67,22718.0,52.17,0.0,0.0,305,315,1
85,Blécourt,FILLON,46,19.83,0,34.62,0,277,42,235,232,15.16,18.97,65.09,13.36,2.59,18.67,22718.0,52.17,0.0,0.0,305,315,0
86,Boeschepe,LE PEN,410,29.43,1,32.97,1,1748,316,1432,1393,18.08,18.45,52.69,27.28,1.58,9.96,21422.0,58.19,2.74,6.0,2186,2217,1
86,Boeschepe,MACRON,257,18.45,0,25.25,0,1748,316,1432,1393,18.08,18.45,52.69,27.28,1.58,9.96,21422.0,58.19,2.74,6.0,2186,2217,0
87,Boëseghem,LE PEN,167,32.87,1,37.85,1,604,85,519,508,14.07,21.26,50.59,26.18,1.97,9.92,19350.0,53.66,0.0,0.0,747,760,1
87,Boëseghem,MACRON,108,21.26,0,28.6,0,604,85,519,508,14.07,21.26,50.59,26.18,1.97,9.92,19350.0,53.66,0.0,0.0,747,760,0
88,Bois-Grenier,FILLON,399,35.34,1,43.48,1,1349,191,1158,1129,14.16,22.14,58.46,18.25,1.15,10.03,26546.0,65.67,22.46,36.0,1603,1625,1
88,Bois-Grenier,MACRON,250,22.14,0,18.59,0,1349,191,1158,1129,14.16,22.14,58.46,18.25,1.15,10.03,26546.0,65.67,22.46,36.0,1603,1625,0
89,Bollezeele,LE PEN,309,35.11,1,36.98,1,1065,163,902,880,15.31,15.0,63.41,19.89,1.7,14.47,19455.0,57.59,0.0,0.0,1441,1466,1
89,Bollezeele,FILLON,197,22.39,0,27.95,0,1065,163,902,880,15.31,15.0,63.41,19.89,1.7,14.47,19455.0,57.59,0.0,0.0,1441,1466,0
90,Bondues,FILLON,3860,54.58,1,50.78,1,9112,1946,7166,7072,21.36,22.09,67.52,9.28,1.12,12.14,31947.0,70.63,30.86,310.0,10046,10225,1
90,Bondues,MACRON,1562,22.09,0,11.93,0,9112,1946,7166,7072,21.36,22.09,67.52,9.28,1.12,12.14,31947.0,70.63,30.86,310.0,10046,10225,0
91,Borre,FILLON,107,27.86,1,34.25,1,454,52,402,384,11.45,19.53,61.46,17.71,1.3,3.45,22235.0,54.55,0.0,0.0,603,615,1
91,Borre,LE PEN,103,26.82,0,27.35,0,454,52,402,384,11.45,19.53,61.46,17.71,1.3,3.45,22235.0,54.55,0.0,0.0,603,615,0
92,Bouchain,LE PEN,892,37.09,1,46.82,1,3084,636,2448,2405,20.62,16.13,55.18,27.19,1.5,19.45,19158.0,52.6,43.27,173.0,3998,4037,1
92,Bouchain,MÉLENCHON,530,22.04,0,17.52,0,3084,636,2448,2405,20.62,16.13,55.18,27.19,1.5,19.45,19158.0,52.6,43.27,173.0,3998,4037,0
93,Boulogne-sur-Helpe,LE PEN,72,31.44,1,37.97,1,256,23,233,229,8.98,16.59,64.63,16.59,2.18,2.78,19928.0,50.0,0.0,0.0,340,344,1
93,Boulogne-sur-Helpe,FILLON,62,27.07,0,34.22,0,256,23,233,229,8.98,16.59,64.63,16.59,2.18,2.78,19928.0,50.0,0.0,0.0,340,344,0
94,Bourbourg,LE PEN,1585,41.89,1,43.69,1,4998,1116,3882,3784,22.33,14.64,61.87,21.96,1.53,19.26,17683.0,53.39,22.64,161.0,7112,7168,1
94,Bourbourg,MÉLENCHON,575,15.2,0,23.43,0,4998,1116,3882,3784,22.33,14.64,61.87,21.96,1.53,19.26,17683.0,53.39,22.64,161.0,7112,7168,0
96,Bourghelles,FILLON,317,29.06,1,39.22,1,1280,172,1108,1091,13.44,25.3,52.8,20.16,1.74,7.83,26273.0,64.63,11.93,20.0,1676,1715,1
96,Bourghelles,MACRON,276,25.3,0,19.85,0,1280,172,1108,1091,13.44,25.3,52.8,20.16,1.74,7.83,26273.0,64.63,11.93,20.0,1676,1715,0
97,Boursies,LE PEN,82,41.41,1,44.02,1,241,37,204,198,15.35,8.59,69.19,20.71,1.52,24.32,19237.0,45.49,0.0,0.0,386,391,1
97,Boursies,FILLON,39,19.7,0,15.31,0,241,37,204,198,15.35,8.59,69.19,20.71,1.52,24.32,19237.0,45.49,0.0,0.0,386,391,0
98,Bousbecque,LE PEN,810,27.82,1,35.84,1,3725,747,2978,2912,20.05,20.71,60.13,17.89,1.27,8.87,22338.0,56.28,27.52,133.0,4833,4880,1
98,Bousbecque,FILLON,765,26.27,0,26.12,0,3725,747,2978,2912,20.05,20.71,60.13,17.89,1.27,8.87,22338.0,56.28,27.52,133.0,4833,4880,0
99,Bousies,LE PEN,380,37.36,1,38.71,1,1298,242,1056,1017,18.64,18.29,55.06,25.07,1.57,17.54,18234.0,54.39,3.46,6.0,1734,1746,1
99,Bousies,MÉLENCHON,188,18.49,0,21.51,0,1298,242,1056,1017,18.64,18.29,55.06,25.07,1.57,17.54,18234.0,54.39,3.46,6.0,1734,1746,0
100,Bousignies,FILLON,55,28.06,1,31.1,1,231,29,202,196,12.55,21.43,56.12,21.43,1.02,3.85,22838.0,58.22,0.0,0.0,327,330,1
100,Bousignies,LE PEN,47,23.98,0,24.88,0,231,29,202,196,12.55,21.43,56.12,21.43,1.02,3.85,22838.0,58.22,0.0,0.0,327,330,0
101,Bousignies-sur-Roc,LE PEN,71,40.11,1,33.79,1,236,58,178,177,24.58,10.73,70.06,18.08,1.13,12.25,21113.0,51.35,0.0,0.0,405,408,1
101,Bousignies-sur-Roc,FILLON,42,23.73,0,19.31,0,236,58,178,177,24.58,10.73,70.06,18.08,1.13,12.25,21113.0,51.35,0.0,0.0,405,408,0
102,Boussières-en-Cambrésis,LE PEN,92,37.25,1,36.4,1,311,57,254,247,18.33,13.77,65.18,16.6,4.45,19.67,19928.0,54.74,0.0,0.0,414,420,1
102,Boussières-en-Cambrésis,FILLON,54,21.86,0,29.2,0,311,57,254,247,18.33,13.77,65.18,16.6,4.45,19.67,19928.0,54.74,0.0,0.0,414,420,0
103,Boussières-sur-Sambre,LE PEN,101,37.0,1,40.5,1,342,58,284,273,16.96,16.85,56.78,24.91,1.47,14.63,20774.0,47.58,0.0,0.0,523,532,1
103,Boussières-sur-Sambre,MÉLENCHON,49,17.95,0,25.81,0,342,58,284,273,16.96,16.85,56.78,24.91,1.47,14.63,20774.0,47.58,0.0,0.0,523,532,0
104,Boussois,LE PEN,650,39.78,1,45.72,1,2196,507,1689,1634,23.09,12.67,52.02,33.66,1.65,19.64,17350.0,49.83,23.42,76.0,3245,3268,1
104,Boussois,MÉLENCHON,429,26.25,0,19.69,0,2196,507,1689,1634,23.09,12.67,52.02,33.66,1.65,19.64,17350.0,49.83,23.42,76.0,3245,3268,0
105,Bouvignies,LE PEN,269,25.38,1,31.56,1,1292,204,1088,1060,15.79,21.51,52.17,25.38,0.94,7.59,24540.0,60.83,7.14,11.0,1540,1565,1
105,Bouvignies,MACRON,228,21.51,0,25.92,0,1292,204,1088,1060,15.79,21.51,52.17,25.38,0.94,7.59,24540.0,60.83,7.14,11.0,1540,1565,0
106,Bouvines,MACRON,165,31.67,1,45.38,1,588,61,527,521,10.37,31.67,47.6,19.77,0.96,5.2,27396.0,67.51,0.0,0.0,691,706,1
106,Bouvines,FILLON,136,26.1,0,19.68,0,588,61,527,521,10.37,31.67,47.6,19.77,0.96,5.2,27396.0,67.51,0.0,0.0,691,706,0
107,Bray-Dunes,LE PEN,990,34.27,1,35.95,1,3819,860,2959,2889,22.52,17.93,57.91,22.12,2.04,19.63,20070.0,53.04,44.04,200.0,4541,4595,1
107,Bray-Dunes,FILLON,549,19.0,0,26.83,0,3819,860,2959,2889,22.52,17.93,57.91,22.12,2.04,19.63,20070.0,53.04,44.04,200.0,4541,4595,0
108,Briastre,LE PEN,161,38.52,1,42.3,1,503,74,429,418,14.71,15.07,51.91,31.1,1.91,16.67,18489.0,56.04,0.0,0.0,743,747,1
108,Briastre,MÉLENCHON,106,25.36,0,20.54,0,503,74,429,418,14.71,15.07,51.91,31.1,1.91,16.67,18489.0,56.04,0.0,0.0,743,747,0
109,Brillon,FILLON,146,28.91,1,28.87,1,613,97,516,505,15.82,24.95,53.86,18.42,2.77,12.08,23685.0,63.49,0.0,0.0,721,741,1
109,Brillon,MACRON,126,24.95,0,24.06,0,613,97,516,505,15.82,24.95,53.86,18.42,2.77,12.08,23685.0,63.49,0.0,0.0,721,741,0
110,Brouckerque,LE PEN,336,36.01,1,33.98,1,1124,167,957,933,14.86,17.68,62.59,17.26,2.47,8.33,24265.0,50.36,0.0,0.0,1356,1384,1
110,Brouckerque,FILLON,184,19.72,0,28.09,0,1124,167,957,933,14.86,17.68,62.59,17.26,2.47,8.33,24265.0,50.36,0.0,0.0,1356,1384,0
111,Broxeele,LE PEN,77,36.67,1,42.49,1,272,58,214,210,21.32,16.19,59.05,24.29,0.48,5.13,21393.0,45.71,0.0,0.0,385,386,1
111,Broxeele,FILLON,39,18.57,0,22.32,0,272,58,214,210,21.32,16.19,59.05,24.29,0.48,5.13,21393.0,45.71,0.0,0.0,385,386,0
112,Bruay-sur-l'Escaut,LE PEN,2563,46.24,1,46.63,1,7892,2207,5685,5543,27.97,13.58,57.64,27.33,1.44,25.43,15578.0,52.57,53.62,624.0,11638,11727,1
112,Bruay-sur-l'Escaut,MÉLENCHON,1160,20.93,0,18.97,0,7892,2207,5685,5543,27.97,13.58,57.64,27.33,1.44,25.43,15578.0,52.57,53.62,624.0,11638,11727,0
113,Bruille-lez-Marchiennes,MÉLENCHON,253,33.82,1,38.28,1,881,114,767,748,12.94,13.24,45.19,39.3,2.27,12.9,18582.0,47.97,17.36,23.0,1325,1333,1
113,Bruille-lez-Marchiennes,LE PEN,244,32.62,0,20.13,0,881,114,767,748,12.94,13.24,45.19,39.3,2.27,12.9,18582.0,47.97,17.36,23.0,1325,1333,0
114,Bruille-Saint-Amand,LE PEN,357,37.7,1,34.82,1,1218,249,969,947,20.44,17.95,58.29,22.91,0.84,14.37,21565.0,57.28,11.36,19.0,1673,1693,1
114,Bruille-Saint-Amand,MÉLENCHON,174,18.37,0,20.28,0,1218,249,969,947,20.44,17.95,58.29,22.91,0.84,14.37,21565.0,57.28,11.36,19.0,1673,1693,0
115,Brunémont,LE PEN,176,44.78,1,48.48,1,499,95,404,393,19.04,15.52,62.85,20.61,1.02,16.39,20381.0,53.17,0.0,0.0,712,716,1
115,Brunémont,MACRON,61,15.52,0,17.77,0,499,95,404,393,19.04,15.52,62.85,20.61,1.02,16.39,20381.0,53.17,0.0,0.0,712,716,0
116,Bry,FILLON,73,28.19,1,35.92,1,296,32,264,259,10.81,22.01,55.98,19.69,2.32,9.38,24696.0,64.69,0.0,0.0,415,426,1
116,Bry,LE PEN,60,23.17,0,24.08,0,296,32,264,259,10.81,22.01,55.98,19.69,2.32,9.38,24696.0,64.69,0.0,0.0,415,426,0
117,Bugnicourt,LE PEN,241,38.5,1,43.26,1,771,128,643,626,16.6,16.61,59.42,22.36,1.6,13.98,20162.0,51.71,8.06,8.0,993,1003,1
117,Bugnicourt,MÉLENCHON,116,18.53,0,23.2,0,771,128,643,626,16.6,16.61,59.42,22.36,1.6,13.98,20162.0,51.71,8.06,8.0,993,1003,0
118,Busigny,LE PEN,619,44.09,1,49.96,1,1804,369,1435,1404,20.45,14.03,64.32,19.87,1.78,24.27,16755.0,54.48,11.25,28.0,2488,2519,1
118,Busigny,MÉLENCHON,201,14.32,0,20.34,0,1804,369,1435,1404,20.45,14.03,64.32,19.87,1.78,24.27,16755.0,54.48,11.25,28.0,2488,2519,0
119,Buysscheure,LE PEN,113,31.39,1,33.14,1,426,62,364,360,14.55,18.33,56.94,23.61,1.11,10.2,20104.0,53.3,0.0,0.0,580,589,1
119,Buysscheure,FILLON,78,21.67,0,27.33,0,426,62,364,360,14.55,18.33,56.94,23.61,1.11,10.2,20104.0,53.3,0.0,0.0,580,589,0
120,Caëstre,LE PEN,325,26.97,1,32.02,1,1462,217,1245,1205,14.84,20.83,58.59,19.09,1.49,9.45,22022.0,57.21,8.18,16.0,1957,1988,1
120,Caëstre,FILLON,301,24.98,0,31.85,0,1462,217,1245,1205,14.84,20.83,58.59,19.09,1.49,9.45,22022.0,57.21,8.18,16.0,1957,1988,0
121,Cagnoncles,LE PEN,153,42.62,1,42.64,1,472,101,371,359,21.4,15.6,66.3,15.32,2.79,7.01,21550.0,59.92,0.0,0.0,607,614,1
121,Cagnoncles,FILLON,57,15.88,0,21.96,0,472,101,371,359,21.4,15.6,66.3,15.32,2.79,7.01,21550.0,59.92,0.0,0.0,607,614,0
122,Cambrai,LE PEN,4541,28.5,1,32.85,1,23187,6894,16293,15935,29.73,19.22,54.88,24.1,1.8,24.27,17703.0,57.86,52.19,1705.0,32668,33349,1
122,Cambrai,FILLON,3222,20.22,0,26.92,0,23187,6894,16293,15935,29.73,19.22,54.88,24.1,1.8,24.27,17703.0,57.86,52.19,1705.0,32668,33349,0
123,Camphin-en-Carembault,LE PEN,278,25.07,1,34.4,1,1349,214,1135,1109,15.86,23.53,52.75,22.63,1.08,5.23,24121.0,56.29,13.97,23.0,1646,1669,1
123,Camphin-en-Carembault,MACRON,261,23.53,0,26.53,0,1349,214,1135,1109,15.86,23.53,52.75,22.63,1.08,5.23,24121.0,56.29,13.97,23.0,1646,1669,0
124,Camphin-en-Pévèle,FILLON,464,31.93,1,40.52,1,1770,288,1482,1453,16.27,24.57,56.09,17.69,1.65,7.2,26207.0,65.67,16.5,39.0,2363,2404,1
124,Camphin-en-Pévèle,MACRON,357,24.57,0,21.02,0,1770,288,1482,1453,16.27,24.57,56.09,17.69,1.65,7.2,26207.0,65.67,16.5,39.0,2363,2404,0
125,Cantaing-sur-Escaut,LE PEN,95,35.45,1,43.33,1,329,51,278,268,15.5,15.3,66.04,16.42,2.24,7.14,21842.0,51.3,0.0,0.0,397,407,1
125,Cantaing-sur-Escaut,FILLON,53,19.78,0,27.08,0,329,51,278,268,15.5,15.3,66.04,16.42,2.24,7.14,21842.0,51.3,0.0,0.0,397,407,0
126,Cantin,LE PEN,342,38.04,1,41.61,1,1072,150,922,899,13.99,18.58,58.73,22.02,0.67,14.17,20502.0,52.4,7.75,12.0,1549,1560,1
126,Cantin,MACRON,167,18.58,0,24.6,0,1072,150,922,899,13.99,18.58,58.73,22.02,0.67,14.17,20502.0,52.4,7.75,12.0,1549,1560,0
127,Capelle,LE PEN,31,27.93,1,27.18,1,128,17,111,111,13.28,19.82,53.15,25.23,1.8,10.53,22654.0,57.14,0.0,0.0,156,159,1
127,Capelle,MACRON,22,19.82,0,26.21,0,128,17,111,111,13.28,19.82,53.15,25.23,1.8,10.53,22654.0,57.14,0.0,0.0,156,159,0
128,Capinghem,FILLON,369,29.15,1,38.19,1,1556,262,1294,1266,16.84,24.88,52.05,21.56,1.5,11.5,24556.0,66.94,50.33,122.0,2424,2453,1
128,Capinghem,MACRON,315,24.88,0,20.05,0,1556,262,1294,1266,16.84,24.88,52.05,21.56,1.5,11.5,24556.0,66.94,50.33,122.0,2424,2453,0
129,Cappelle-en-Pévèle,MACRON,355,24.38,1,36.47,1,1743,252,1491,1456,14.46,24.38,50.27,22.46,2.88,7.62,24139.0,61.48,16.57,37.0,2233,2259,1
129,Cappelle-en-Pévèle,LE PEN,337,23.15,0,24.17,0,1743,252,1491,1456,14.46,24.38,50.27,22.46,2.88,7.62,24139.0,61.48,16.57,37.0,2233,2259,0
130,Cappelle-Brouck,LE PEN,273,36.35,1,35.2,1,946,172,774,751,18.18,15.71,59.79,21.97,2.53,13.06,20261.0,54.56,0.0,0.0,1174,1200,1
130,Cappelle-Brouck,FILLON,132,17.58,0,24.57,0,946,172,774,751,18.18,15.71,59.79,21.97,2.53,13.06,20261.0,54.56,0.0,0.0,1174,1200,0
131,Cappelle-la-Grande,LE PEN,2025,41.53,1,43.16,1,6349,1301,5048,4876,20.49,14.03,54.8,29.76,1.42,16.98,18696.0,53.37,21.3,168.0,7888,7972,1
131,Cappelle-la-Grande,MÉLENCHON,1038,21.29,0,19.76,0,6349,1301,5048,4876,20.49,14.03,54.8,29.76,1.42,16.98,18696.0,53.37,21.3,168.0,7888,7972,0
132,Carnières,LE PEN,257,42.2,1,49.32,1,710,84,626,609,11.83,14.78,61.25,22.66,1.31,13.24,20402.0,55.56,14.55,16.0,1100,1110,1
132,Carnières,MÉLENCHON,101,16.58,0,19.15,0,710,84,626,609,11.83,14.78,61.25,22.66,1.31,13.24,20402.0,55.56,14.55,16.0,1100,1110,0
133,Carnin,LE PEN,163,25.12,1,33.57,1,769,95,674,649,12.35,23.57,49.61,25.42,1.39,2.02,24873.0,60.0,0.0,0.0,988,1007,1
133,Carnin,MACRON,153,23.57,0,30.57,0,769,95,674,649,12.35,23.57,49.61,25.42,1.39,2.02,24873.0,60.0,0.0,0.0,988,1007,0
134,Cartignies,LE PEN,247,35.95,1,38.81,1,841,139,702,687,16.53,13.97,70.74,13.25,2.04,13.89,18798.0,53.03,0.0,0.0,1262,1272,1
134,Cartignies,FILLON,161,23.44,0,24.1,0,841,139,702,687,16.53,13.97,70.74,13.25,2.04,13.89,18798.0,53.03,0.0,0.0,1262,1272,0
135,Cassel,FILLON,352,25.05,1,31.01,1,1763,323,1440,1405,18.32,20.07,52.88,24.98,2.06,10.58,21034.0,61.77,15.21,35.0,2301,2405,1
135,Cassel,LE PEN,315,22.42,0,23.1,0,1763,323,1440,1405,18.32,20.07,52.88,24.98,2.06,10.58,21034.0,61.77,15.21,35.0,2301,2405,0
136,Le Cateau-Cambrésis,LE PEN,1259,39.48,1,46.53,1,4396,1117,3279,3189,25.41,15.62,59.61,23.49,1.29,30.23,15426.0,59.71,40.53,283.0,6983,7135,1
136,Le Cateau-Cambrésis,MÉLENCHON,569,17.84,0,20.95,0,4396,1117,3279,3189,25.41,15.62,59.61,23.49,1.29,30.23,15426.0,59.71,40.53,283.0,6983,7135,0
137,Catillon-sur-Sambre,LE PEN,162,34.18,1,38.0,1,597,107,490,474,17.92,13.71,60.34,24.26,1.69,20.3,17801.0,55.96,6.0,5.0,834,841,1
137,Catillon-sur-Sambre,FILLON,92,19.41,0,21.78,0,597,107,490,474,17.92,13.71,60.34,24.26,1.69,20.3,17801.0,55.96,6.0,5.0,834,841,0
138,Cattenières,LE PEN,163,39.47,1,44.7,1,499,75,424,413,15.03,16.22,63.92,19.13,0.73,13.33,20233.0,50.41,0.0,0.0,673,685,1
138,Cattenières,FILLON,78,18.89,0,17.42,0,499,75,424,413,15.03,16.22,63.92,19.13,0.73,13.33,20233.0,50.41,0.0,0.0,673,685,0
139,Caudry,LE PEN,2519,35.77,1,43.44,1,10039,2774,7265,7042,27.63,17.13,54.02,27.11,1.75,28.32,16181.0,57.95,55.68,807.0,14493,14631,1
139,Caudry,MÉLENCHON,1375,19.53,0,20.25,0,10039,2774,7265,7042,27.63,17.13,54.02,27.11,1.75,28.32,16181.0,57.95,55.68,807.0,14493,14631,0
140,Caullery,LE PEN,124,44.6,1,51.87,1,379,94,285,278,24.8,16.91,62.23,20.14,0.72,24.44,18508.0,55.59,0.0,0.0,448,460,1
140,Caullery,MACRON,47,16.91,0,19.4,0,379,94,285,278,24.8,16.91,62.23,20.14,0.72,24.44,18508.0,55.59,0.0,0.0,448,460,0
141,Cauroir,LE PEN,114,31.75,1,33.33,1,446,81,365,359,18.16,19.5,56.55,22.28,1.67,10.0,20162.0,54.24,0.0,0.0,578,595,1
141,Cauroir,MACRON,70,19.5,0,27.4,0,446,81,365,359,18.16,19.5,56.55,22.28,1.67,10.0,20162.0,54.24,0.0,0.0,578,595,0
142,Cerfontaine,LE PEN,193,47.42,1,43.88,1,510,92,418,407,18.04,14.99,67.32,15.97,1.72,14.67,20633.0,45.7,0.0,0.0,669,673,1
142,Cerfontaine,MACRON,61,14.99,0,23.67,0,510,92,418,407,18.04,14.99,67.32,15.97,1.72,14.67,20633.0,45.7,0.0,0.0,669,673,0
143,La Chapelle-d'Armentières,LE PEN,1238,25.31,1,33.07,1,6278,1257,5021,4891,20.02,22.49,53.71,22.2,1.59,12.38,21707.0,58.2,41.51,350.0,8432,8522,1
143,La Chapelle-d'Armentières,MACRON,1100,22.49,0,26.72,0,6278,1257,5021,4891,20.02,22.49,53.71,22.2,1.59,12.38,21707.0,58.2,41.51,350.0,8432,8522,0
144,Château-l'Abbaye,LE PEN,151,31.13,1,28.57,1,595,102,493,485,17.14,17.32,58.35,23.09,1.24,7.7,22965.0,55.34,0.0,0.0,884,894,1
144,Château-l'Abbaye,FILLON,108,22.27,0,24.66,0,595,102,493,485,17.14,17.32,58.35,23.09,1.24,7.7,22965.0,55.34,0.0,0.0,884,894,0
145,Chemy,FILLON,135,26.32,1,37.36,1,597,79,518,513,13.23,21.05,54.97,21.64,2.34,5.71,26168.0,56.83,0.0,0.0,769,781,1
145,Chemy,MACRON,108,21.05,0,20.69,0,597,79,518,513,13.23,21.05,54.97,21.64,2.34,5.71,26168.0,56.83,0.0,0.0,769,781,0
146,Chéreng,FILLON,577,27.89,1,42.12,1,2477,369,2108,2069,14.9,27.79,49.64,20.78,1.79,8.01,27167.0,64.0,16.73,50.0,2989,3032,1
146,Chéreng,MACRON,575,27.79,0,16.82,0,2477,369,2108,2069,14.9,27.79,49.64,20.78,1.79,8.01,27167.0,64.0,16.73,50.0,2989,3032,0
147,Choisies,FILLON,22,51.16,1,28.95,1,52,9,43,43,17.31,16.28,69.77,11.63,2.33,25.0,20770.0,48.84,0.0,0.0,53,54,1
147,Choisies,LE PEN,7,16.28,0,28.95,0,52,9,43,43,17.31,16.28,69.77,11.63,2.33,25.0,20770.0,48.84,0.0,0.0,53,54,0
148,Clairfayts,LE PEN,68,37.78,1,44.44,1,256,72,184,180,28.13,10.56,56.67,30.0,2.78,20.19,19517.0,48.33,0.0,0.0,376,382,1
148,Clairfayts,MÉLENCHON,39,21.67,0,16.05,0,256,72,184,180,28.13,10.56,56.67,30.0,2.78,20.19,19517.0,48.33,0.0,0.0,376,382,0
149,Clary,LE PEN,289,41.23,1,45.47,1,870,153,717,701,17.59,12.27,66.05,20.26,1.43,12.73,19841.0,54.65,7.24,8.0,1105,1121,1
149,Clary,FILLON,125,17.83,0,22.01,0,870,153,717,701,17.59,12.27,66.05,20.26,1.43,12.73,19841.0,54.65,7.24,8.0,1105,1121,0
150,Cobrieux,FILLON,116,30.53,1,41.84,1,446,57,389,380,12.78,27.63,53.95,15.26,3.16,9.26,29109.0,66.93,0.0,0.0,525,536,1
150,Cobrieux,MACRON,105,27.63,0,18.16,0,446,57,389,380,12.78,27.63,53.95,15.26,3.16,9.26,29109.0,66.93,0.0,0.0,525,536,0
151,Colleret,LE PEN,411,43.86,1,46.04,1,1230,271,959,937,22.03,12.81,67.02,17.82,2.35,18.79,20333.0,49.79,12.35,20.0,1620,1636,1
151,Colleret,FILLON,158,16.86,0,20.74,0,1230,271,959,937,22.03,12.81,67.02,17.82,2.35,18.79,20333.0,49.79,12.35,20.0,1620,1636,0
152,Comines,LE PEN,2144,31.38,1,31.56,1,9460,2461,6999,6832,26.01,17.74,55.75,24.88,1.62,13.37,20252.0,58.66,34.93,432.0,12369,12468,1
152,Comines,MÉLENCHON,1342,19.64,0,27.79,0,9460,2461,6999,6832,26.01,17.74,55.75,24.88,1.62,13.37,20252.0,58.66,34.93,432.0,12369,12468,0
153,Condé-sur-l'Escaut,LE PEN,1438,35.51,1,36.3,1,6141,1972,4169,4050,32.11,14.37,50.12,33.48,2.02,31.4,14914.0,59.35,53.2,515.0,9680,9742,1
153,Condé-sur-l'Escaut,MÉLENCHON,1098,27.11,0,28.1,0,6141,1972,4169,4050,32.11,14.37,50.12,33.48,2.02,31.4,14914.0,59.35,53.2,515.0,9680,9742,0
155,Coudekerque-Branche,LE PEN,4283,34.16,1,36.71,1,16467,3564,12903,12539,21.64,17.13,50.24,30.89,1.75,17.31,18897.0,54.71,40.09,850.0,21204,21527,1
155,Coudekerque-Branche,MÉLENCHON,2833,22.59,0,23.07,0,16467,3564,12903,12539,21.64,17.13,50.24,30.89,1.75,17.31,18897.0,54.71,40.09,850.0,21204,21527,0
156,Courchelettes,LE PEN,614,38.59,1,42.34,1,2114,468,1646,1591,22.14,16.66,56.25,25.71,1.38,16.22,19268.0,54.29,11.77,33.0,2804,2830,1
156,Courchelettes,MÉLENCHON,313,19.67,0,21.17,0,2114,468,1646,1591,22.14,16.66,56.25,25.71,1.38,16.22,19268.0,54.29,11.77,33.0,2804,2830,0
157,Cousolre,LE PEN,504,43.52,1,42.32,1,1604,403,1201,1158,25.12,15.11,66.41,17.27,1.21,20.45,18308.0,53.48,13.98,32.0,2289,2332,1
157,Cousolre,FILLON,200,17.27,0,21.86,0,1604,403,1201,1158,25.12,15.11,66.41,17.27,1.21,20.45,18308.0,53.48,13.98,32.0,2289,2332,0
158,Coutiches,LE PEN,511,26.75,1,31.93,1,2252,304,1948,1910,13.5,24.45,53.66,20.94,0.94,7.0,24762.0,60.52,15.0,45.0,3001,3055,1
158,Coutiches,MACRON,467,24.45,0,28.47,0,2252,304,1948,1910,13.5,24.45,53.66,20.94,0.94,7.0,24762.0,60.52,15.0,45.0,3001,3055,0
159,Craywick,LE PEN,159,42.74,1,44.63,1,432,53,379,372,12.27,11.56,60.75,26.34,1.34,7.69,20070.0,48.42,8.44,6.0,711,717,1
159,Craywick,MÉLENCHON,78,20.97,0,20.0,0,432,53,379,372,12.27,11.56,60.75,26.34,1.34,7.69,20070.0,48.42,8.44,6.0,711,717,0
160,Crespin,LE PEN,813,38.71,1,42.16,1,2919,769,2150,2100,26.34,14.95,54.1,29.19,1.76,25.0,16717.0,53.35,33.84,154.0,4551,4577,1
160,Crespin,MÉLENCHON,474,22.57,0,20.61,0,2919,769,2150,2100,26.34,14.95,54.1,29.19,1.76,25.0,16717.0,53.35,33.84,154.0,4551,4577,0
161,Crèvecoeur-sur-l'Escaut,LE PEN,145,31.52,1,37.17,1,568,93,475,460,16.37,16.96,60.65,19.13,3.26,20.63,21848.0,56.18,0.0,0.0,740,786,1
161,Crèvecoeur-sur-l'Escaut,FILLON,100,21.74,0,23.5,0,568,93,475,460,16.37,16.96,60.65,19.13,3.26,20.63,21848.0,56.18,0.0,0.0,740,786,0
162,Crochte,MACRON,121,26.54,1,31.4,1,536,74,462,456,13.81,26.54,49.78,21.49,2.19,7.35,24016.0,54.91,0.0,0.0,669,690,1
162,Crochte,LE PEN,119,26.1,0,26.09,0,536,74,462,456,13.81,26.54,49.78,21.49,2.19,7.35,24016.0,54.91,0.0,0.0,669,690,0
163,Croix,FILLON,2859,25.94,1,32.51,1,14101,2846,11255,11022,20.18,23.04,47.61,27.79,1.55,14.56,20899.0,67.26,57.73,1228.0,21271,21567,1
163,Croix,MACRON,2539,23.04,0,24.74,0,14101,2846,11255,11022,20.18,23.04,47.61,27.79,1.55,14.56,20899.0,67.26,57.73,1228.0,21271,21567,0
164,Croix-Caluyau,LE PEN,60,40.0,1,40.79,1,203,44,159,150,21.67,7.33,72.0,18.0,2.67,7.14,20968.0,57.07,0.0,0.0,262,263,1
164,Croix-Caluyau,FILLON,39,26.0,0,25.66,0,203,44,159,150,21.67,7.33,72.0,18.0,2.67,7.14,20968.0,57.07,0.0,0.0,262,263,0
165,Cuincy,LE PEN,1046,26.89,1,30.38,1,4957,962,3995,3890,19.41,21.85,46.71,29.97,1.47,17.54,21071.0,53.85,31.61,204.0,6454,6554,1
165,Cuincy,MÉLENCHON,905,23.26,0,25.44,0,4957,962,3995,3890,19.41,21.85,46.71,29.97,1.47,17.54,21071.0,53.85,31.61,204.0,6454,6554,0
166,Curgies,LE PEN,233,28.48,1,33.5,1,1016,186,830,818,18.31,24.45,57.09,17.11,1.34,10.56,24243.0,59.4,0.0,0.0,1159,1183,1
166,Curgies,MACRON,200,24.45,0,28.78,0,1016,186,830,818,18.31,24.45,57.09,17.11,1.34,10.56,24243.0,59.4,0.0,0.0,1159,1183,0
167,Cuvillers,LE PEN,45,33.09,1,35.9,1,171,34,137,136,19.88,9.56,72.06,16.91,1.47,4.17,21537.0,50.34,0.0,0.0,198,199,1
167,Cuvillers,FILLON,37,27.21,0,25.64,0,171,34,137,136,19.88,9.56,72.06,16.91,1.47,4.17,21537.0,50.34,0.0,0.0,198,199,0
168,Cysoing,MACRON,832,26.68,1,37.11,1,3844,664,3180,3119,17.27,26.68,49.76,22.57,0.99,7.83,24619.0,65.7,26.62,134.0,5033,5106,1
168,Cysoing,FILLON,764,24.5,0,20.21,0,3844,664,3180,3119,17.27,26.68,49.76,22.57,0.99,7.83,24619.0,65.7,26.62,134.0,5033,5106,0
169,Damousies,FILLON,44,32.35,1,39.02,1,167,26,141,136,15.57,13.97,69.12,16.18,0.74,4.55,20359.0,46.39,0.0,0.0,197,197,1
169,Damousies,LE PEN,40,29.41,0,30.08,0,167,26,141,136,15.57,13.97,69.12,16.18,0.74,4.55,20359.0,46.39,0.0,0.0,197,197,0
170,Dechy,LE PEN,1013,38.96,1,43.27,1,3650,975,2675,2600,26.71,12.23,48.31,38.15,1.31,19.07,16573.0,54.06,37.87,201.0,5307,5350,1
170,Dechy,MÉLENCHON,759,29.19,0,24.36,0,3650,975,2675,2600,26.71,12.23,48.31,38.15,1.31,19.07,16573.0,54.06,37.87,201.0,5307,5350,0
171,Dehéries,LE PEN,17,54.84,1,51.72,1,33,0,33,31,0.0,9.68,87.1,3.23,0.0,12.73,20770.0,53.57,0.0,0.0,40,42,1
171,Dehéries,FILLON,7,22.58,0,31.03,0,33,0,33,31,0.0,9.68,87.1,3.23,0.0,12.73,20770.0,53.57,0.0,0.0,40,42,0
172,Denain,LE PEN,2954,40.03,1,41.67,1,10936,3376,7560,7380,30.87,13.24,49.38,35.89,1.49,36.14,13328.0,57.82,80.75,1592.0,19714,19845,1
172,Denain,MÉLENCHON,1897,25.7,0,28.59,0,10936,3376,7560,7380,30.87,13.24,49.38,35.89,1.49,36.14,13328.0,57.82,80.75,1592.0,19714,19845,0
173,Deûlémont,FILLON,331,29.5,1,35.74,1,1419,275,1144,1122,19.38,18.89,63.19,16.4,1.52,10.12,23964.0,58.17,31.55,53.0,1680,1700,1
173,Deûlémont,LE PEN,311,27.72,0,27.45,0,1419,275,1144,1122,19.38,18.89,63.19,16.4,1.52,10.12,23964.0,58.17,31.55,53.0,1680,1700,0
174,Dimechaux,FILLON,53,27.32,1,35.16,1,231,35,196,194,15.15,19.59,59.79,17.53,3.09,12.73,20804.0,54.25,0.0,0.0,351,356,1
174,Dimechaux,LE PEN,52,26.8,0,27.47,0,231,35,196,194,15.15,19.59,59.79,17.53,3.09,12.73,20804.0,54.25,0.0,0.0,351,356,0
175,Dimont,LE PEN,49,26.49,1,33.68,1,219,29,190,185,13.24,17.84,55.68,24.32,2.16,11.54,20869.0,50.42,0.0,0.0,318,326,1
175,Dimont,MÉLENCHON,41,22.16,0,26.32,0,219,29,190,185,13.24,17.84,55.68,24.32,2.16,11.54,20869.0,50.42,0.0,0.0,318,326,0
176,Doignies,LE PEN,93,41.89,1,47.11,1,269,40,229,222,14.87,6.76,75.23,18.02,0.0,13.51,19266.0,50.85,0.0,0.0,337,342,1
176,Doignies,FILLON,45,20.27,0,23.11,0,269,40,229,222,14.87,6.76,75.23,18.02,0.0,13.51,19266.0,50.85,0.0,0.0,337,342,0
177,Dompierre-sur-Helpe,LE PEN,171,31.9,1,38.31,1,704,158,546,536,22.44,17.54,56.9,22.95,2.61,7.35,19588.0,51.6,8.09,7.0,865,880,1
177,Dompierre-sur-Helpe,MÉLENCHON,100,18.66,0,22.73,0,704,158,546,536,22.44,17.54,56.9,22.95,2.61,7.35,19588.0,51.6,8.09,7.0,865,880,0
178,Douai,LE PEN,4928,26.89,1,28.07,1,26639,7880,18759,18326,29.58,18.99,47.27,31.9,1.83,24.04,17077.0,58.66,75.02,2975.0,39657,40860,1
178,Douai,MÉLENCHON,4345,23.71,0,27.3,0,26639,7880,18759,18326,29.58,18.99,47.27,31.9,1.83,24.04,17077.0,58.66,75.02,2975.0,39657,40860,0
179,Douchy-les-Mines,LE PEN,2177,41.79,1,44.63,1,7210,1838,5372,5210,25.49,12.86,51.32,34.3,1.52,22.48,15962.0,49.59,34.62,371.0,10717,10765,1
179,Douchy-les-Mines,MÉLENCHON,1463,28.08,0,24.4,0,7210,1838,5372,5210,25.49,12.86,51.32,34.3,1.52,22.48,15962.0,49.59,34.62,371.0,10717,10765,0
180,Le Doulieu,LE PEN,243,25.69,1,32.64,1,1092,123,969,946,11.26,19.24,57.19,21.25,2.33,7.64,22572.0,57.19,0.0,0.0,1462,1484,1
180,Le Doulieu,FILLON,229,24.21,0,27.07,0,1092,123,969,946,11.26,19.24,57.19,21.25,2.33,7.64,22572.0,57.19,0.0,0.0,1462,1484,0
181,Dourlers,LE PEN,112,33.04,1,33.96,1,417,75,342,339,17.99,16.81,64.9,16.22,2.06,12.73,21600.0,53.92,0.0,0.0,585,591,1
181,Dourlers,FILLON,74,21.83,0,29.28,0,417,75,342,339,17.99,16.81,64.9,16.22,2.06,12.73,21600.0,53.92,0.0,0.0,585,591,0
182,Drincham,LE PEN,56,32.56,1,31.65,1,209,31,178,172,14.83,21.51,55.81,20.93,1.74,16.67,20238.0,45.88,0.0,0.0,250,257,1
182,Drincham,MACRON,37,21.51,0,22.15,0,209,31,178,172,14.83,21.51,55.81,20.93,1.74,16.67,20238.0,45.88,0.0,0.0,250,257,0
183,Dunkerque,LE PEN,13887,29.82,1,32.4,1,62849,14771,48078,46571,23.5,18.72,49.01,30.45,1.82,21.19,18366.0,57.92,60.95,5370.0,88108,89485,1
183,Dunkerque,MÉLENCHON,10516,22.58,0,24.77,0,62849,14771,48078,46571,23.5,18.72,49.01,30.45,1.82,21.19,18366.0,57.92,60.95,5370.0,88108,89485,0
184,Ebblinghem,LE PEN,158,38.54,1,38.13,1,532,107,425,410,20.11,16.34,60.98,20.24,2.44,4.92,20715.0,53.29,0.0,0.0,681,689,1
184,Ebblinghem,MACRON,67,16.34,0,25.07,0,532,107,425,410,20.11,16.34,60.98,20.24,2.44,4.92,20715.0,53.29,0.0,0.0,681,689,0
185,Ecaillon,LE PEN,406,39.46,1,44.22,1,1401,346,1055,1029,24.7,16.91,51.6,30.52,0.97,20.55,16967.0,54.02,8.24,16.0,1942,1958,1
185,Ecaillon,MÉLENCHON,253,24.59,0,19.96,0,1401,346,1055,1029,24.7,16.91,51.6,30.52,0.97,20.55,16967.0,54.02,8.24,16.0,1942,1958,0
186,Eccles,LE PEN,20,29.85,1,26.53,1,80,11,69,67,13.75,13.43,71.64,14.93,0.0,12.73,20770.0,62.32,0.0,0.0,86,87,1
186,Eccles,FILLON,20,29.85,0,16.33,0,80,11,69,67,13.75,13.43,71.64,14.93,0.0,12.73,20770.0,62.32,0.0,0.0,86,87,0
187,Eclaibes,LE PEN,56,29.17,1,32.26,1,225,24,201,192,10.67,16.15,63.02,19.79,1.04,7.14,22359.0,55.46,0.0,0.0,304,312,1
187,Eclaibes,FILLON,49,25.52,0,30.65,0,225,24,201,192,10.67,16.15,63.02,19.79,1.04,7.14,22359.0,55.46,0.0,0.0,304,312,0
188,Ecuélin,LE PEN,28,35.44,1,48.61,1,100,17,83,79,17.0,20.25,53.16,21.52,5.06,7.69,22994.0,38.46,0.0,0.0,143,147,1
188,Ecuélin,MACRON,16,20.25,0,18.06,0,100,17,83,79,17.0,20.25,53.16,21.52,5.06,7.69,22994.0,38.46,0.0,0.0,143,147,0
189,Eecke,LE PEN,209,27.9,1,29.83,1,898,126,772,749,14.03,18.02,58.34,21.9,1.74,9.0,23393.0,58.73,0.0,0.0,1221,1243,1
189,Eecke,FILLON,177,23.63,0,28.25,0,898,126,772,749,14.03,18.02,58.34,21.9,1.74,9.0,23393.0,58.73,0.0,0.0,1221,1243,0
190,Elesmes,LE PEN,186,31.58,1,37.39,1,694,96,598,589,13.83,23.6,57.89,17.32,1.19,6.74,24397.0,52.52,0.0,0.0,983,997,1
190,Elesmes,MACRON,139,23.6,0,25.04,0,694,96,598,589,13.83,23.6,57.89,17.32,1.19,6.74,24397.0,52.52,0.0,0.0,983,997,0
191,Elincourt,LE PEN,187,49.87,1,52.33,1,473,94,379,375,19.87,9.07,69.87,18.67,2.4,14.75,17517.0,55.6,0.0,0.0,627,632,1
191,Elincourt,MÉLENCHON,59,15.73,0,20.93,0,473,94,379,375,19.87,9.07,69.87,18.67,2.4,14.75,17517.0,55.6,0.0,0.0,627,632,0
192,Emerchicourt,LE PEN,218,40.75,1,42.24,1,660,109,551,535,16.52,13.27,54.39,30.09,2.24,9.6,20315.0,51.44,5.69,5.0,879,935,1
192,Emerchicourt,MÉLENCHON,129,24.11,0,16.31,0,660,109,551,535,16.52,13.27,54.39,30.09,2.24,9.6,20315.0,51.44,5.69,5.0,879,935,0
193,Emmerin,MACRON,493,24.23,1,34.06,1,2479,401,2078,2035,16.18,24.23,47.17,26.54,2.06,8.39,24285.0,59.29,25.83,82.0,3174,3201,1
193,Emmerin,LE PEN,444,21.82,0,21.15,0,2479,401,2078,2035,16.18,24.23,47.17,26.54,2.06,8.39,24285.0,59.29,25.83,82.0,3174,3201,0
194,Englefontaine,LE PEN,272,36.86,1,38.03,1,941,183,758,738,19.45,17.62,56.78,24.8,0.81,19.01,18232.0,56.93,5.36,7.0,1307,1321,1
194,Englefontaine,MÉLENCHON,135,18.29,0,23.26,0,941,183,758,738,19.45,17.62,56.78,24.8,0.81,19.01,18232.0,56.93,5.36,7.0,1307,1321,0
195,Englos,FILLON,115,29.87,1,42.89,1,444,51,393,385,11.49,26.75,53.77,17.66,1.82,11.11,27692.0,62.5,798.68,484.0,606,616,1
195,Englos,MACRON,103,26.75,0,18.09,0,444,51,393,385,11.49,26.75,53.77,17.66,1.82,11.11,27692.0,62.5,798.68,484.0,606,616,0
196,Ennetières-en-Weppes,FILLON,346,37.53,1,43.38,1,1075,137,938,922,12.74,25.49,57.7,15.62,1.19,7.76,27159.0,66.32,37.99,50.0,1316,1336,1
196,Ennetières-en-Weppes,MACRON,235,25.49,0,16.3,0,1075,137,938,922,12.74,25.49,57.7,15.62,1.19,7.76,27159.0,66.32,37.99,50.0,1316,1336,0
197,Ennevelin,FILLON,413,27.39,1,35.96,1,1724,192,1532,1508,11.14,25.46,51.59,21.82,1.13,8.18,26463.0,61.98,6.86,15.0,2186,2211,1
197,Ennevelin,MACRON,384,25.46,0,21.72,0,1724,192,1532,1508,11.14,25.46,51.59,21.82,1.13,8.18,26463.0,61.98,6.86,15.0,2186,2211,0
198,Eppe-Sauvage,MÉLENCHON,28,25.23,1,28.57,1,143,31,112,111,21.68,15.32,47.75,35.14,1.8,10.53,20918.0,54.64,32.73,9.0,275,279,1
198,Eppe-Sauvage,FILLON,27,24.32,0,21.43,0,143,31,112,111,21.68,15.32,47.75,35.14,1.8,10.53,20918.0,54.64,32.73,9.0,275,279,0
199,Erchin,LE PEN,151,31.01,1,31.95,1,594,93,501,487,15.66,18.28,58.11,22.38,1.23,9.04,23305.0,51.91,0.0,0.0,695,714,1
199,Erchin,FILLON,97,19.92,0,28.51,0,594,93,501,487,15.66,18.28,58.11,22.38,1.23,9.04,23305.0,51.91,0.0,0.0,695,714,0
200,Eringhem,LE PEN,113,40.94,1,42.12,1,341,58,283,276,17.01,15.58,68.12,13.77,2.54,17.07,19891.0,52.56,0.0,0.0,473,481,1
200,Eringhem,FILLON,65,23.55,0,20.89,0,341,58,283,276,17.01,15.58,68.12,13.77,2.54,17.07,19891.0,52.56,0.0,0.0,473,481,0
201,Erquinghem-le-Sec,FILLON,122,33.42,1,40.53,1,402,32,370,365,7.96,25.21,55.89,18.08,0.82,10.93,26198.0,66.16,0.0,0.0,590,599,1
201,Erquinghem-le-Sec,MACRON,92,25.21,0,17.63,0,402,32,370,365,7.96,25.21,55.89,18.08,0.82,10.93,26198.0,66.16,0.0,0.0,590,599,0
202,Erquinghem-Lys,LE PEN,851,27.94,1,31.33,1,3925,791,3134,3046,20.15,21.18,51.02,25.94,1.87,9.69,20912.0,56.59,30.51,155.0,5081,5121,1
202,Erquinghem-Lys,MACRON,645,21.18,0,29.87,0,3925,791,3134,3046,20.15,21.18,51.02,25.94,1.87,9.69,20912.0,56.59,30.51,155.0,5081,5121,0
203,Erre,LE PEN,354,38.82,1,41.12,1,1115,184,931,912,16.5,15.9,51.32,30.59,2.19,18.45,20138.0,54.92,8.78,14.0,1594,1613,1
203,Erre,MÉLENCHON,215,23.57,0,18.77,0,1115,184,931,912,16.5,15.9,51.32,30.59,2.19,18.45,20138.0,54.92,8.78,14.0,1594,1613,0
204,Escarmain,LE PEN,117,37.74,1,39.16,1,370,56,314,310,15.14,17.1,61.29,20.32,1.29,14.63,20937.0,52.2,0.0,0.0,469,472,1
204,Escarmain,FILLON,56,18.06,0,18.77,0,370,56,314,310,15.14,17.1,61.29,20.32,1.29,14.63,20937.0,52.2,0.0,0.0,469,472,0
205,Escaudain,LE PEN,1876,43.99,1,46.39,1,6217,1857,4360,4265,29.87,11.42,52.99,33.67,1.92,27.7,15365.0,52.97,42.87,411.0,9588,9641,1
205,Escaudain,MÉLENCHON,1101,25.81,0,21.16,0,6217,1857,4360,4265,29.87,11.42,52.99,33.67,1.92,27.7,15365.0,52.97,42.87,411.0,9588,9641,0
206,Escaudoeuvres,LE PEN,642,34.67,1,37.26,1,2384,486,1898,1852,20.39,18.63,53.46,25.97,1.94,20.61,18489.0,55.05,32.04,105.0,3277,3313,1
206,Escaudoeuvres,MÉLENCHON,360,19.44,0,23.64,0,2384,486,1898,1852,20.39,18.63,53.46,25.97,1.94,20.61,18489.0,55.05,32.04,105.0,3277,3313,0
207,Escautpont,LE PEN,970,44.91,1,45.91,1,3086,867,2219,2160,28.09,11.76,57.18,29.58,1.48,27.01,14909.0,51.73,54.86,231.0,4211,4240,1
207,Escautpont,MÉLENCHON,500,23.15,0,16.08,0,3086,867,2219,2160,28.09,11.76,57.18,29.58,1.48,27.01,14909.0,51.73,54.86,231.0,4211,4240,0
208,Escobecques,FILLON,114,50.67,1,44.35,1,248,20,228,225,8.06,22.67,64.44,11.11,1.78,4.0,34671.0,76.58,0.0,0.0,299,309,1
208,Escobecques,MACRON,51,22.67,0,17.83,0,248,20,228,225,8.06,22.67,64.44,11.11,1.78,4.0,34671.0,76.58,0.0,0.0,299,309,0
209,Esnes,LE PEN,158,39.4,1,43.4,1,506,98,408,401,19.37,18.95,63.34,16.96,0.75,13.81,19987.0,50.09,0.0,0.0,681,697,1
209,Esnes,MACRON,76,18.95,0,21.56,0,506,98,408,401,19.37,18.95,63.34,16.96,0.75,13.81,19987.0,50.09,0.0,0.0,681,697,0
210,Esquelbecq,LE PEN,356,24.76,1,31.5,1,1661,194,1467,1438,11.68,20.03,53.69,24.13,2.16,15.46,21184.0,53.95,7.06,15.0,2124,2163,1
210,Esquelbecq,FILLON,313,21.77,0,26.89,0,1661,194,1467,1438,11.68,20.03,53.69,24.13,2.16,15.46,21184.0,53.95,7.06,15.0,2124,2163,0
211,Esquerchin,LE PEN,168,33.4,1,36.49,1,601,81,520,503,13.48,15.51,62.43,20.08,1.99,8.8,22593.0,53.62,0.0,0.0,897,904,1
211,Esquerchin,FILLON,113,22.47,0,25.2,0,601,81,520,503,13.48,15.51,62.43,20.08,1.99,8.8,22593.0,53.62,0.0,0.0,897,904,0
212,Estaires,LE PEN,1301,35.39,1,39.72,1,4899,1121,3778,3676,22.88,18.36,57.89,22.55,1.2,15.98,19663.0,56.03,33.72,216.0,6406,6564,1
212,Estaires,MACRON,675,18.36,0,25.8,0,4899,1121,3778,3676,22.88,18.36,57.89,22.55,1.2,15.98,19663.0,56.03,33.72,216.0,6406,6564,0
213,Estourmel,LE PEN,88,27.85,1,30.41,1,373,47,326,316,12.6,25.63,53.48,19.3,1.58,7.54,23389.0,56.1,0.0,0.0,460,467,1
213,Estourmel,MACRON,81,25.63,0,29.05,0,373,47,326,316,12.6,25.63,53.48,19.3,1.58,7.54,23389.0,56.1,0.0,0.0,460,467,0
214,Estrées,LE PEN,203,30.12,1,40.17,1,807,114,693,674,14.13,22.26,51.63,24.18,1.93,8.15,23248.0,58.46,0.0,0.0,1119,1144,1
214,Estrées,MACRON,150,22.26,0,23.14,0,807,114,693,674,14.13,22.26,51.63,24.18,1.93,8.15,23248.0,58.46,0.0,0.0,1119,1144,0
215,Estreux,FILLON,177,26.3,1,33.66,1,791,102,689,673,12.9,23.92,52.9,21.4,1.78,6.55,24644.0,61.14,9.5,9.0,947,966,1
215,Estreux,MACRON,161,23.92,0,23.83,0,791,102,689,673,12.9,23.92,52.9,21.4,1.78,6.55,24644.0,61.14,9.5,9.0,947,966,0
216,Eswars,LE PEN,90,36.89,1,36.96,1,291,39,252,244,13.4,18.85,62.7,17.21,1.23,5.56,23662.0,55.02,0.0,0.0,350,360,1
216,Eswars,MACRON,46,18.85,0,24.35,0,291,39,252,244,13.4,18.85,62.7,17.21,1.23,5.56,23662.0,55.02,0.0,0.0,350,360,0
217,Eth,LE PEN,66,28.95,1,32.39,1,279,48,231,228,17.2,19.3,63.16,17.11,0.44,5.41,29755.0,60.24,0.0,0.0,335,342,1
217,Eth,FILLON,66,28.95,0,30.05,0,279,48,231,228,17.2,19.3,63.16,17.11,0.44,5.41,29755.0,60.24,0.0,0.0,335,342,0
218,Etroeungt,LE PEN,299,40.96,1,36.23,1,981,224,757,730,22.83,12.6,69.86,15.07,2.47,12.07,17586.0,53.9,6.81,9.0,1321,1335,1
218,Etroeungt,FILLON,166,22.74,0,28.44,0,981,224,757,730,22.83,12.6,69.86,15.07,2.47,12.07,17586.0,53.9,6.81,9.0,1321,1335,0
219,Estrun,LE PEN,181,42.29,1,42.4,1,504,63,441,428,12.5,16.12,65.65,16.59,1.64,4.08,23087.0,59.93,0.0,0.0,711,716,1
219,Estrun,MACRON,69,16.12,0,20.05,0,504,63,441,428,12.5,16.12,65.65,16.59,1.64,4.08,23087.0,59.93,0.0,0.0,711,716,0
220,Faches-Thumesnil,MÉLENCHON,2258,24.54,1,33.89,1,12312,2899,9413,9203,23.55,24.17,39.41,34.66,1.76,15.37,20461.0,63.23,58.67,1032.0,17591,17719,1
220,Faches-Thumesnil,MACRON,2224,24.17,0,27.46,0,12312,2899,9413,9203,23.55,24.17,39.41,34.66,1.76,15.37,20461.0,63.23,58.67,1032.0,17591,17719,0
221,Famars,MACRON,358,25.83,1,33.92,1,1784,369,1415,1386,20.68,25.83,49.49,23.38,1.3,19.33,22052.0,58.9,22.36,56.0,2505,2575,1
221,Famars,FILLON,338,24.39,0,24.83,0,1784,369,1415,1386,20.68,25.83,49.49,23.38,1.3,19.33,22052.0,58.9,22.36,56.0,2505,2575,0
222,Faumont,LE PEN,396,27.07,1,33.59,1,1752,253,1499,1463,14.44,22.35,55.5,20.51,1.64,9.12,24774.0,58.25,10.71,23.0,2148,2212,1
222,Faumont,MACRON,327,22.35,0,31.03,0,1752,253,1499,1463,14.44,22.35,55.5,20.51,1.64,9.12,24774.0,58.25,10.71,23.0,2148,2212,0
223,Le Favril,LE PEN,106,36.43,1,38.38,1,355,60,295,291,16.9,14.78,57.73,25.43,2.06,9.97,19875.0,54.66,0.0,0.0,516,520,1
223,Le Favril,MÉLENCHON,63,21.65,0,21.13,0,355,60,295,291,16.9,14.78,57.73,25.43,2.06,9.97,19875.0,54.66,0.0,0.0,516,520,0
224,Féchain,LE PEN,373,39.18,1,44.93,1,1255,281,974,952,22.39,16.28,61.34,21.74,0.63,10.62,20397.0,58.68,8.59,15.0,1746,1773,1
224,Féchain,MÉLENCHON,168,17.65,0,20.3,0,1255,281,974,952,22.39,16.28,61.34,21.74,0.63,10.62,20397.0,58.68,8.59,15.0,1746,1773,0
225,Feignies,LE PEN,1336,39.77,1,40.71,1,4480,1037,3443,3359,23.15,15.09,55.14,27.66,2.11,19.23,17430.0,51.73,30.53,212.0,6943,7040,1
225,Feignies,MÉLENCHON,713,21.23,0,22.48,0,4480,1037,3443,3359,23.15,15.09,55.14,27.66,2.11,19.23,17430.0,51.73,30.53,212.0,6943,7040,0
226,Felleries,LE PEN,253,33.87,1,37.95,1,925,160,765,747,17.3,18.61,56.63,22.76,2.01,6.03,19302.0,59.56,8.55,12.0,1403,1425,1
226,Felleries,MACRON,139,18.61,0,24.1,0,925,160,765,747,17.3,18.61,56.63,22.76,2.01,6.03,19302.0,59.56,8.55,12.0,1403,1425,0
227,Fenain,LE PEN,1250,41.17,1,45.7,1,4042,936,3106,3036,23.16,13.44,51.98,33.37,1.22,20.2,17683.0,51.07,24.61,131.0,5323,5359,1
227,Fenain,MÉLENCHON,810,26.68,0,18.87,0,4042,936,3106,3036,23.16,13.44,51.98,33.37,1.22,20.2,17683.0,51.07,24.61,131.0,5323,5359,0
228,Férin,LE PEN,304,32.65,1,35.29,1,1126,173,953,931,15.36,20.52,56.39,20.95,2.15,13.91,22746.0,53.36,6.11,9.0,1472,1491,1
228,Férin,MACRON,191,20.52,0,25.41,0,1126,173,953,931,15.36,20.52,56.39,20.95,2.15,13.91,22746.0,53.36,6.11,9.0,1472,1491,0
229,Féron,LE PEN,90,24.93,1,31.12,1,446,75,371,361,16.82,20.78,52.08,24.38,2.77,13.21,19129.0,58.29,0.0,0.0,568,577,1
229,Féron,FILLON,76,21.05,0,30.51,0,446,75,371,361,16.82,20.78,52.08,24.38,2.77,13.21,19129.0,58.29,0.0,0.0,568,577,0
230,Ferrière-la-Grande,LE PEN,1179,42.49,1,46.57,1,3695,855,2840,2775,23.14,14.59,60.18,23.78,1.44,23.74,17393.0,51.07,30.13,160.0,5311,5362,1
230,Ferrière-la-Grande,MÉLENCHON,481,17.33,0,19.74,0,3695,855,2840,2775,23.14,14.59,60.18,23.78,1.44,23.74,17393.0,51.07,30.13,160.0,5311,5362,0
231,Ferrière-la-Petite,LE PEN,262,42.19,1,40.82,1,781,144,637,621,18.44,13.04,62.64,22.54,1.77,15.84,18263.0,49.68,0.0,0.0,1069,1082,1
231,Ferrière-la-Petite,MÉLENCHON,105,16.91,0,17.11,0,781,144,637,621,18.44,13.04,62.64,22.54,1.77,15.84,18263.0,49.68,0.0,0.0,1069,1082,0
232,La Flamengrie,LE PEN,72,31.72,1,32.56,1,274,42,232,227,15.33,23.35,60.35,12.78,3.52,5.56,22825.0,51.48,0.0,0.0,410,415,1
232,La Flamengrie,MACRON,53,23.35,0,27.91,0,274,42,232,227,15.33,23.35,60.35,12.78,3.52,5.56,22825.0,51.48,0.0,0.0,410,415,0
233,Flaumont-Waudrechies,LE PEN,73,37.82,1,43.08,1,260,59,201,193,22.69,16.06,61.14,21.76,1.04,8.72,19573.0,51.67,0.0,0.0,382,391,1
233,Flaumont-Waudrechies,MÉLENCHON,33,17.1,0,21.54,0,260,59,201,193,22.69,16.06,61.14,21.76,1.04,8.72,19573.0,51.67,0.0,0.0,382,391,0
234,Flers-en-Escrebieux,LE PEN,1116,39.17,1,41.38,1,3707,763,2944,2849,20.58,13.9,53.91,30.33,1.86,20.74,17446.0,51.7,60.42,355.0,5876,5923,1
234,Flers-en-Escrebieux,MÉLENCHON,703,24.68,0,25.15,0,3707,763,2944,2849,20.58,13.9,53.91,30.33,1.86,20.74,17446.0,51.7,60.42,355.0,5876,5923,0
236,Flesquières,LE PEN,62,38.75,1,35.95,1,193,28,165,160,14.51,19.38,65.0,15.62,0.0,13.64,20094.0,59.69,0.0,0.0,262,265,1
236,Flesquières,MACRON,31,19.38,0,24.18,0,193,28,165,160,14.51,19.38,65.0,15.62,0.0,13.64,20094.0,59.69,0.0,0.0,262,265,0
237,Flêtre,LE PEN,186,30.49,1,32.68,1,718,99,619,610,13.79,20.82,56.56,21.15,1.48,7.61,22394.0,55.03,0.0,0.0,974,996,1
237,Flêtre,MACRON,127,20.82,0,26.64,0,718,99,619,610,13.79,20.82,56.56,21.15,1.48,7.61,22394.0,55.03,0.0,0.0,974,996,0
238,Flines-lès-Mortagne,LE PEN,297,33.18,1,32.09,1,1202,290,912,895,24.13,18.88,53.85,26.26,1.01,14.56,22749.0,51.43,3.02,5.0,1655,1684,1
238,Flines-lès-Mortagne,MÉLENCHON,189,21.12,0,23.88,0,1202,290,912,895,24.13,18.88,53.85,26.26,1.01,14.56,22749.0,51.43,3.02,5.0,1655,1684,0
239,Flines-lez-Raches,LE PEN,1131,31.99,1,33.26,1,4410,787,3623,3536,17.85,19.32,53.79,25.0,1.89,9.31,22098.0,53.87,19.84,110.0,5544,5624,1
239,Flines-lez-Raches,MÉLENCHON,686,19.4,0,28.05,0,4410,787,3623,3536,17.85,19.32,53.79,25.0,1.89,9.31,22098.0,53.87,19.84,110.0,5544,5624,0
240,Floursies,LE PEN,30,32.26,1,36.67,1,119,23,96,93,19.33,22.58,58.06,18.28,1.08,10.0,23435.0,59.38,0.0,0.0,128,129,1
240,Floursies,MACRON,21,22.58,0,23.33,0,119,23,96,93,19.33,22.58,58.06,18.28,1.08,10.0,23435.0,59.38,0.0,0.0,128,129,0
241,Floyon,LE PEN,129,43.58,1,43.72,1,382,78,304,296,20.42,11.82,72.97,13.51,1.69,16.99,18618.0,49.25,0.0,0.0,526,534,1
241,Floyon,FILLON,65,21.96,0,24.29,0,382,78,304,296,20.42,11.82,72.97,13.51,1.69,16.99,18618.0,49.25,0.0,0.0,526,534,0
242,Fontaine-au-Bois,LE PEN,184,40.98,1,42.73,1,516,57,459,449,11.05,13.36,66.15,17.59,2.9,8.33,20773.0,48.02,0.0,0.0,691,700,1
242,Fontaine-au-Bois,FILLON,90,20.04,0,20.79,0,516,57,459,449,11.05,13.36,66.15,17.59,2.9,8.33,20773.0,48.02,0.0,0.0,691,700,0
243,Fontaine-au-Pire,LE PEN,266,41.05,1,47.93,1,788,125,663,648,15.86,12.19,61.57,24.54,1.7,21.74,19391.0,55.13,5.77,7.0,1213,1231,1
243,Fontaine-au-Pire,MÉLENCHON,127,19.6,0,19.9,0,788,125,663,648,15.86,12.19,61.57,24.54,1.7,21.74,19391.0,55.13,5.77,7.0,1213,1231,0
244,Fontaine-Notre-Dame,LE PEN,360,34.58,1,39.41,1,1265,190,1075,1041,15.02,19.4,61.38,17.87,1.34,14.86,21193.0,54.36,11.78,21.0,1782,1813,1
244,Fontaine-Notre-Dame,MACRON,202,19.4,0,25.15,0,1265,190,1075,1041,15.02,19.4,61.38,17.87,1.34,14.86,21193.0,54.36,11.78,21.0,1782,1813,0
246,Forest-en-Cambrésis,LE PEN,113,35.53,1,43.23,1,381,51,330,318,13.39,14.47,65.41,19.5,0.63,13.46,18901.0,50.75,0.0,0.0,555,559,1
246,Forest-en-Cambrésis,FILLON,73,22.96,0,25.16,0,381,51,330,318,13.39,14.47,65.41,19.5,0.63,13.46,18901.0,50.75,0.0,0.0,555,559,0
247,Forest-sur-Marque,MACRON,300,30.55,1,41.94,1,1219,216,1003,982,17.72,30.55,48.07,20.26,1.12,11.94,25273.0,67.91,38.7,56.0,1447,1466,1
247,Forest-sur-Marque,FILLON,231,23.52,0,17.55,0,1219,216,1003,982,17.72,30.55,48.07,20.26,1.12,11.94,25273.0,67.91,38.7,56.0,1447,1466,0
249,Fourmies,LE PEN,2194,37.28,1,45.21,1,8667,2597,6070,5885,29.96,16.82,54.22,27.34,1.61,31.23,15096.0,56.04,56.85,689.0,12119,12353,1
249,Fourmies,MÉLENCHON,1206,20.49,0,20.76,0,8667,2597,6070,5885,29.96,16.82,54.22,27.34,1.61,31.23,15096.0,56.04,56.85,689.0,12119,12353,0
250,Fournes-en-Weppes,FILLON,480,32.11,1,43.49,1,1807,280,1527,1495,15.5,23.41,58.86,16.72,1.0,11.6,27005.0,65.2,13.09,29.0,2216,2349,1
250,Fournes-en-Weppes,MACRON,350,23.41,0,18.02,0,1807,280,1527,1495,15.5,23.41,58.86,16.72,1.0,11.6,27005.0,65.2,13.09,29.0,2216,2349,0
251,Frasnoy,LE PEN,67,30.18,1,36.74,1,260,33,227,222,12.69,16.22,60.36,22.07,1.35,12.82,23435.0,63.22,0.0,0.0,379,383,1
251,Frasnoy,FILLON,50,22.52,0,20.0,0,260,33,227,222,12.69,16.22,60.36,22.07,1.35,12.82,23435.0,63.22,0.0,0.0,379,383,0
252,Frelinghien,FILLON,456,28.03,1,36.0,1,2012,353,1659,1627,17.54,21.39,58.21,18.68,1.72,9.57,23025.0,59.84,25.4,61.0,2402,2426,1
252,Frelinghien,LE PEN,377,23.17,0,26.39,0,2012,353,1659,1627,17.54,21.39,58.21,18.68,1.72,9.57,23025.0,59.84,25.4,61.0,2402,2426,0
253,Fresnes-sur-Escaut,LE PEN,1679,46.61,1,44.6,1,5153,1443,3710,3602,28.0,12.97,58.47,27.43,1.14,24.73,15753.0,56.15,38.02,289.0,7601,7661,1
253,Fresnes-sur-Escaut,MÉLENCHON,792,21.99,0,16.26,0,5153,1443,3710,3602,28.0,12.97,58.47,27.43,1.14,24.73,15753.0,56.15,38.02,289.0,7601,7661,0
254,Fressain,LE PEN,218,38.18,1,41.44,1,693,107,586,571,15.44,17.51,55.87,25.04,1.58,7.95,22736.0,52.75,0.0,0.0,884,896,1
254,Fressain,MÉLENCHON,108,18.91,0,24.49,0,693,107,586,571,15.44,17.51,55.87,25.04,1.58,7.95,22736.0,52.75,0.0,0.0,884,896,0
255,Fressies,LE PEN,160,47.48,1,51.43,1,416,70,346,337,16.83,17.21,66.17,16.02,0.59,12.82,19697.0,48.98,0.0,0.0,566,574,1
255,Fressies,MACRON,58,17.21,0,18.29,0,416,70,346,337,16.83,17.21,66.17,16.02,0.59,12.82,19697.0,48.98,0.0,0.0,566,574,0
256,Fretin,MACRON,487,23.64,1,32.2,1,2476,353,2123,2060,14.26,23.64,45.39,28.88,2.09,9.86,23514.0,61.98,41.14,139.0,3379,3404,1
256,Fretin,LE PEN,452,21.94,0,22.15,0,2476,353,2123,2060,14.26,23.64,45.39,28.88,2.09,9.86,23514.0,61.98,41.14,139.0,3379,3404,0
257,Fromelles,FILLON,197,28.47,1,36.83,1,812,101,711,692,12.44,18.64,63.73,16.18,1.45,14.78,25086.0,58.76,0.0,0.0,917,928,1
257,Fromelles,LE PEN,190,27.46,0,23.31,0,812,101,711,692,12.44,18.64,63.73,16.18,1.45,14.78,25086.0,58.76,0.0,0.0,917,928,0
258,Genech,MACRON,462,29.13,1,40.91,1,1918,299,1619,1586,15.59,29.13,47.92,21.37,1.58,6.67,25556.0,63.6,18.25,49.0,2685,3325,1
258,Genech,FILLON,387,24.4,0,18.37,0,1918,299,1619,1586,15.59,29.13,47.92,21.37,1.58,6.67,25556.0,63.6,18.25,49.0,2685,3325,0
259,Ghissignies,MACRON,104,29.71,1,33.13,1,410,48,362,350,11.71,29.71,48.57,18.29,3.43,12.0,24352.0,59.28,0.0,0.0,525,545,1
259,Ghissignies,LE PEN,85,24.29,0,26.81,0,410,48,362,350,11.71,29.71,48.57,18.29,3.43,12.0,24352.0,59.28,0.0,0.0,525,545,0
260,Ghyvelde,LE PEN,930,35.59,1,35.33,1,3228,538,2690,2613,16.67,16.11,58.86,23.31,1.72,11.34,21847.0,53.14,24.81,104.0,4192,4256,1
260,Ghyvelde,MÉLENCHON,483,18.48,0,24.75,0,3228,538,2690,2613,16.67,16.11,58.86,23.31,1.72,11.34,21847.0,53.14,24.81,104.0,4192,4256,0
261,Glageon,LE PEN,373,42.82,1,45.74,1,1149,253,896,871,22.02,16.65,59.13,22.5,1.72,23.33,16606.0,55.67,8.74,16.0,1831,1842,1
261,Glageon,MACRON,145,16.65,0,22.74,0,1149,253,896,871,22.02,16.65,59.13,22.5,1.72,23.33,16606.0,55.67,8.74,16.0,1831,1842,0
262,Godewaersvelde,LE PEN,371,28.87,1,29.29,1,1535,210,1325,1285,13.68,17.82,54.4,26.38,1.4,9.18,20963.0,59.28,4.87,10.0,2055,2093,1
262,Godewaersvelde,FILLON,252,19.61,0,28.95,0,1535,210,1325,1285,13.68,17.82,54.4,26.38,1.4,9.18,20963.0,59.28,4.87,10.0,2055,2093,0
263,Goeulzin,LE PEN,199,27.26,1,37.8,1,929,179,750,730,19.27,18.36,58.36,22.47,0.82,4.56,23819.0,58.9,0.0,0.0,1018,1042,1
263,Goeulzin,FILLON,184,25.21,0,25.45,0,929,179,750,730,19.27,18.36,58.36,22.47,0.82,4.56,23819.0,58.9,0.0,0.0,1018,1042,0
264,Gognies-Chaussée,LE PEN,155,37.35,1,35.98,1,580,157,423,415,27.07,15.18,63.13,19.76,1.93,16.18,21740.0,48.18,6.54,5.0,765,775,1
264,Gognies-Chaussée,FILLON,88,21.2,0,26.91,0,580,157,423,415,27.07,15.18,63.13,19.76,1.93,16.18,21740.0,48.18,6.54,5.0,765,775,0
265,Gommegnies,LE PEN,441,31.43,1,32.07,1,1724,290,1434,1403,16.82,20.17,54.24,24.23,1.35,9.75,22256.0,57.84,7.43,17.0,2289,2329,1
265,Gommegnies,MACRON,283,20.17,0,26.26,0,1724,290,1434,1403,16.82,20.17,54.24,24.23,1.35,9.75,22256.0,57.84,7.43,17.0,2289,2329,0
266,Gondecourt,MACRON,651,24.72,1,33.79,1,3276,575,2701,2633,17.55,24.72,48.88,24.91,1.48,7.04,23886.0,61.12,26.47,106.0,4004,4046,1
266,Gondecourt,LE PEN,611,23.21,0,25.38,0,3276,575,2701,2633,17.55,24.72,48.88,24.91,1.48,7.04,23886.0,61.12,26.47,106.0,4004,4046,0
267,Gonnelieu,LE PEN,78,44.83,1,47.16,1,239,60,179,174,25.1,14.37,63.22,19.54,2.87,23.08,19435.0,47.79,0.0,0.0,313,317,1
267,Gonnelieu,MÉLENCHON,26,14.94,0,18.18,0,239,60,179,174,25.1,14.37,63.22,19.54,2.87,23.08,19435.0,47.79,0.0,0.0,313,317,0
268,La Gorgue,LE PEN,1182,37.75,1,40.49,1,3973,750,3223,3131,18.88,16.86,57.01,24.47,1.66,12.17,19378.0,53.46,31.55,179.0,5673,5727,1
268,La Gorgue,MÉLENCHON,575,18.36,0,24.07,0,3973,750,3223,3131,18.88,16.86,57.01,24.47,1.66,12.17,19378.0,53.46,31.55,179.0,5673,5727,0
269,Gouzeaucourt,LE PEN,341,40.12,1,37.36,1,1112,234,878,850,21.04,15.18,61.76,21.88,1.18,17.83,17810.0,51.55,14.25,22.0,1544,1572,1
269,Gouzeaucourt,MÉLENCHON,144,16.94,0,24.9,0,1112,234,878,850,21.04,15.18,61.76,21.88,1.18,17.83,17810.0,51.55,14.25,22.0,1544,1572,0
270,Grand-Fayt,LE PEN,119,39.4,1,39.86,1,379,68,311,302,17.94,12.91,64.24,21.52,1.32,10.69,18953.0,55.33,0.0,0.0,508,515,1
270,Grand-Fayt,MÉLENCHON,47,15.56,0,20.28,0,379,68,311,302,17.94,12.91,64.24,21.52,1.32,10.69,18953.0,55.33,0.0,0.0,508,515,0
271,Grande-Synthe,MÉLENCHON,3397,33.8,1,42.48,1,15081,4689,10392,10051,31.09,13.79,39.73,43.58,2.91,28.54,15109.0,59.93,57.4,1337.0,23294,23494,1
271,Grande-Synthe,LE PEN,3112,30.96,0,28.67,0,15081,4689,10392,10051,31.09,13.79,39.73,43.58,2.91,28.54,15109.0,59.93,57.4,1337.0,23294,23494,0
272,Grand-Fort-Philippe,LE PEN,1345,44.23,1,47.21,1,4154,995,3159,3041,23.95,13.15,60.67,24.14,2.04,21.27,18291.0,50.99,15.15,77.0,5081,5130,1
272,Grand-Fort-Philippe,MÉLENCHON,507,16.67,0,19.06,0,4154,995,3159,3041,23.95,13.15,60.67,24.14,2.04,21.27,18291.0,50.99,15.15,77.0,5081,5130,0
273,Gravelines,LE PEN,2544,36.97,1,40.33,1,9094,2009,7085,6882,22.09,16.75,52.76,28.06,2.43,15.76,19734.0,56.63,34.38,394.0,11461,11675,1
273,Gravelines,MÉLENCHON,1340,19.47,0,20.41,0,9094,2009,7085,6882,22.09,16.75,52.76,28.06,2.43,15.76,19734.0,56.63,34.38,394.0,11461,11675,0
274,La Groise,LE PEN,104,38.24,1,41.38,1,355,76,279,272,21.41,11.03,66.18,21.32,1.47,19.51,18071.0,52.03,0.0,0.0,489,493,1
274,La Groise,FILLON,53,19.49,0,23.75,0,355,76,279,272,21.41,11.03,66.18,21.32,1.47,19.51,18071.0,52.03,0.0,0.0,489,493,0
275,Gruson,FILLON,404,46.01,1,49.6,1,963,70,893,878,7.27,27.33,60.14,11.16,1.37,9.7,34251.0,70.36,5.81,7.0,1204,1240,1
275,Gruson,MACRON,240,27.33,0,12.46,0,963,70,893,878,7.27,27.33,60.14,11.16,1.37,9.7,34251.0,70.36,5.81,7.0,1204,1240,0
276,Guesnain,LE PEN,1004,36.66,1,40.36,1,3610,797,2813,2739,22.08,14.2,46.7,37.79,1.31,25.17,17233.0,51.1,32.68,152.0,4651,4686,1
276,Guesnain,MÉLENCHON,876,31.98,0,22.2,0,3610,797,2813,2739,22.08,14.2,46.7,37.79,1.31,25.17,17233.0,51.1,32.68,152.0,4651,4686,0
277,Gussignies,LE PEN,46,31.08,1,37.01,1,183,31,152,148,16.94,20.95,57.43,20.27,1.35,12.5,21488.0,51.63,0.0,0.0,337,342,1
277,Gussignies,MACRON,31,20.95,0,25.2,0,183,31,152,148,16.94,20.95,57.43,20.27,1.35,12.5,21488.0,51.63,0.0,0.0,337,342,0
278,Hallennes-lez-Haubourdin,LE PEN,706,27.2,1,28.92,1,3146,501,2645,2596,15.92,22.69,48.84,26.81,1.66,14.02,22283.0,57.94,25.89,110.0,4249,4282,1
278,Hallennes-lez-Haubourdin,MACRON,589,22.69,0,28.57,0,3146,501,2645,2596,15.92,22.69,48.84,26.81,1.66,14.02,22283.0,57.94,25.89,110.0,4249,4282,0
279,Halluin,LE PEN,3227,30.1,1,30.19,1,14825,3826,10999,10720,25.81,18.34,52.58,27.43,1.64,14.84,19599.0,57.0,52.15,1080.0,20708,20857,1
279,Halluin,MÉLENCHON,2182,20.35,0,28.08,0,14825,3826,10999,10720,25.81,18.34,52.58,27.43,1.64,14.84,19599.0,57.0,52.15,1080.0,20708,20857,0
280,Hamel,LE PEN,206,39.54,1,44.69,1,639,100,539,521,15.65,15.36,60.65,22.65,1.34,15.94,21865.0,49.21,9.0,7.0,778,787,1
280,Hamel,MÉLENCHON,92,17.66,0,18.78,0,639,100,539,521,15.65,15.36,60.65,22.65,1.34,15.94,21865.0,49.21,9.0,7.0,778,787,0
281,Hantay,LE PEN,182,25.14,1,28.24,1,853,114,739,724,13.36,21.41,46.96,30.66,0.97,16.67,21489.0,58.2,6.91,9.0,1303,1315,1
281,Hantay,MÉLENCHON,172,23.76,0,27.23,0,853,114,739,724,13.36,21.41,46.96,30.66,0.97,16.67,21489.0,58.2,6.91,9.0,1303,1315,0
282,Hardifort,LE PEN,60,23.08,1,33.84,1,311,45,266,260,14.47,16.92,51.15,29.23,2.69,13.16,21518.0,54.55,0.0,0.0,383,394,1
282,Hardifort,MÉLENCHON,57,21.92,0,23.57,0,311,45,266,260,14.47,16.92,51.15,29.23,2.69,13.16,21518.0,54.55,0.0,0.0,383,394,0
283,Hargnies,LE PEN,164,42.82,1,42.54,1,464,72,392,383,15.52,15.93,65.01,18.54,0.52,3.57,23036.0,54.69,0.0,0.0,606,617,1
283,Hargnies,MACRON,61,15.93,0,27.61,0,464,72,392,383,15.52,15.93,65.01,18.54,0.52,3.57,23036.0,54.69,0.0,0.0,606,617,0
284,Hasnon,LE PEN,753,33.04,1,31.21,1,3066,705,2361,2279,22.99,18.34,50.94,28.57,2.15,12.44,21186.0,58.01,17.05,66.0,3870,3898,1
284,Hasnon,MÉLENCHON,505,22.16,0,21.8,0,3066,705,2361,2279,22.99,18.34,50.94,28.57,2.15,12.44,21186.0,58.01,17.05,66.0,3870,3898,0
285,Haspres,LE PEN,687,41.36,1,43.03,1,2131,425,1706,1661,19.94,15.59,56.17,27.39,0.84,15.07,19099.0,53.13,9.79,27.0,2757,2780,1
285,Haspres,MÉLENCHON,343,20.65,0,20.26,0,2131,425,1706,1661,19.94,15.59,56.17,27.39,0.84,15.07,19099.0,53.13,9.79,27.0,2757,2780,0
286,Haubourdin,LE PEN,2428,32.95,1,31.4,1,9925,2354,7571,7368,23.72,19.2,49.08,29.94,1.78,14.9,19127.0,57.67,47.81,714.0,14934,15054,1
286,Haubourdin,MÉLENCHON,1649,22.38,0,25.25,0,9925,2354,7571,7368,23.72,19.2,49.08,29.94,1.78,14.9,19127.0,57.67,47.81,714.0,14934,15054,0
287,Haucourt-en-Cambrésis,LE PEN,59,43.38,1,52.8,1,155,13,142,136,8.39,15.44,66.18,15.44,2.94,5.88,20168.0,56.69,0.0,0.0,202,206,1
287,Haucourt-en-Cambrésis,FILLON,22,16.18,0,16.0,0,155,13,142,136,8.39,15.44,66.18,15.44,2.94,5.88,20168.0,56.69,0.0,0.0,202,206,0
288,Haulchin,LE PEN,510,39.78,1,44.65,1,1635,301,1334,1282,18.41,14.51,56.01,27.85,1.64,16.95,18330.0,54.24,29.1,66.0,2268,2287,1
288,Haulchin,MÉLENCHON,283,22.07,0,18.12,0,1635,301,1334,1282,18.41,14.51,56.01,27.85,1.64,16.95,18330.0,54.24,29.1,66.0,2268,2287,0
289,Haussy,LE PEN,331,36.57,1,41.47,1,1163,235,928,905,20.21,16.8,55.8,25.75,1.66,15.66,19108.0,54.38,0.0,0.0,1538,1573,1
289,Haussy,MÉLENCHON,188,20.77,0,22.38,0,1163,235,928,905,20.21,16.8,55.8,25.75,1.66,15.66,19108.0,54.38,0.0,0.0,1538,1573,0
290,Haut-Lieu,LE PEN,91,36.99,1,37.23,1,313,61,252,246,19.49,21.14,59.35,18.29,1.22,10.0,20296.0,50.52,0.0,0.0,394,395,1
290,Haut-Lieu,MACRON,52,21.14,0,24.24,0,313,61,252,246,19.49,21.14,59.35,18.29,1.22,10.0,20296.0,50.52,0.0,0.0,394,395,0
291,Hautmont,LE PEN,2365,39.52,1,43.11,1,9703,3555,6148,5984,36.64,13.9,55.13,29.19,1.77,33.11,14900.0,52.73,37.94,552.0,14548,14671,1
291,Hautmont,MÉLENCHON,1343,22.44,0,24.12,0,9703,3555,6148,5984,36.64,13.9,55.13,29.19,1.77,33.11,14900.0,52.73,37.94,552.0,14548,14671,0
292,Haveluy,LE PEN,657,41.32,1,44.82,1,2083,451,1632,1590,21.65,11.38,50.31,36.98,1.32,24.71,15561.0,50.76,22.05,69.0,3129,3136,1
292,Haveluy,MÉLENCHON,423,26.6,0,25.65,0,2083,451,1632,1590,21.65,11.38,50.31,36.98,1.32,24.71,15561.0,50.76,22.05,69.0,3129,3136,0
293,Haverskerque,LE PEN,283,32.64,1,37.42,1,1109,221,888,867,19.93,20.07,55.59,22.38,1.96,8.16,21221.0,51.95,0.0,0.0,1441,1467,1
293,Haverskerque,MACRON,174,20.07,0,28.22,0,1109,221,888,867,19.93,20.07,55.59,22.38,1.96,8.16,21221.0,51.95,0.0,0.0,1441,1467,0
294,Haynecourt,LE PEN,60,31.09,1,39.53,1,239,44,195,193,18.41,19.69,64.25,15.03,1.04,6.47,19964.0,49.74,0.0,0.0,325,329,1
294,Haynecourt,FILLON,47,24.35,0,21.4,0,239,44,195,193,18.41,19.69,64.25,15.03,1.04,6.47,19964.0,49.74,0.0,0.0,325,329,0
295,Hazebrouck,LE PEN,3578,28.21,1,32.63,1,16660,3656,13004,12685,21.94,20.74,50.45,27.36,1.46,15.2,19076.0,57.58,40.72,883.0,21685,22243,1
295,Hazebrouck,MACRON,2631,20.74,0,28.27,0,16660,3656,13004,12685,21.94,20.74,50.45,27.36,1.46,15.2,19076.0,57.58,40.72,883.0,21685,22243,0
296,Hecq,LE PEN,84,35.29,1,36.41,1,298,54,244,238,18.12,15.55,61.76,21.01,1.68,5.88,20949.0,59.51,0.0,0.0,357,366,1
296,Hecq,FILLON,41,17.23,0,23.5,0,298,54,244,238,18.12,15.55,61.76,21.01,1.68,5.88,20949.0,59.51,0.0,0.0,357,366,0
297,Hélesmes,LE PEN,444,41.73,1,44.66,1,1416,322,1094,1064,22.74,15.6,59.02,24.62,0.75,11.41,20330.0,55.07,9.62,19.0,1975,1987,1
297,Hélesmes,MÉLENCHON,200,18.8,0,20.22,0,1416,322,1094,1064,22.74,15.6,59.02,24.62,0.75,11.41,20330.0,55.07,9.62,19.0,1975,1987,0
299,Hem,FILLON,2563,24.45,1,32.64,1,13739,3046,10693,10483,22.17,23.09,45.44,29.94,1.53,17.5,20554.0,64.27,45.26,856.0,18914,19092,1
299,Hem,MÉLENCHON,2475,23.61,0,29.52,0,13739,3046,10693,10483,22.17,23.09,45.44,29.94,1.53,17.5,20554.0,64.27,45.26,856.0,18914,19092,0
300,Hem-Lenglet,LE PEN,168,48.55,1,47.27,1,413,62,351,346,15.01,12.14,68.21,18.5,1.16,18.0,19606.0,56.52,0.0,0.0,574,585,1
300,Hem-Lenglet,FILLON,47,13.58,0,19.09,0,413,62,351,346,15.01,12.14,68.21,18.5,1.16,18.0,19606.0,56.52,0.0,0.0,574,585,0
301,Hergnies,LE PEN,853,36.07,1,38.04,1,3329,882,2447,2365,26.49,16.53,54.71,26.05,2.71,12.38,20371.0,53.4,12.91,57.0,4415,4449,1
301,Hergnies,MÉLENCHON,445,18.82,0,21.66,0,3329,882,2447,2365,26.49,16.53,54.71,26.05,2.71,12.38,20371.0,53.4,12.91,57.0,4415,4449,0
302,Hérin,LE PEN,910,40.84,1,42.68,1,2883,601,2282,2228,20.85,15.35,54.94,28.1,1.62,13.28,18133.0,51.0,28.63,116.0,4052,4083,1
302,Hérin,MÉLENCHON,488,21.9,0,18.79,0,2883,601,2282,2228,20.85,15.35,54.94,28.1,1.62,13.28,18133.0,51.0,28.63,116.0,4052,4083,0
303,Herlies,MACRON,388,25.41,1,35.3,1,1871,311,1560,1527,16.62,25.41,53.7,19.84,1.05,7.52,24467.0,58.44,13.29,32.0,2408,2435,1
303,Herlies,LE PEN,370,24.23,0,23.44,0,1871,311,1560,1527,16.62,25.41,53.7,19.84,1.05,7.52,24467.0,58.44,13.29,32.0,2408,2435,0
304,Herrin,MACRON,78,27.37,1,39.38,1,334,40,294,285,11.98,27.37,50.18,21.4,1.05,15.0,25046.0,60.84,0.0,0.0,423,429,1
304,Herrin,FILLON,73,25.61,0,14.67,0,334,40,294,285,11.98,27.37,50.18,21.4,1.05,15.0,25046.0,60.84,0.0,0.0,423,429,0
305,Herzeele,LE PEN,302,29.49,1,35.14,1,1245,187,1058,1024,15.02,17.29,62.11,19.04,1.56,8.7,21264.0,53.28,27.62,45.0,1629,1661,1
305,Herzeele,FILLON,245,23.93,0,31.53,0,1245,187,1058,1024,15.02,17.29,62.11,19.04,1.56,8.7,21264.0,53.28,27.62,45.0,1629,1661,0
306,Hestrud,LE PEN,42,29.79,1,28.23,1,196,51,145,141,26.02,20.57,57.45,21.99,0.0,20.07,18411.0,49.72,0.0,0.0,295,304,1
306,Hestrud,FILLON,33,23.4,0,27.42,0,196,51,145,141,26.02,20.57,57.45,21.99,0.0,20.07,18411.0,49.72,0.0,0.0,295,304,0
307,Holque,LE PEN,245,43.99,1,44.57,1,699,130,569,557,18.6,13.11,61.94,22.62,2.33,10.71,18893.0,48.3,0.0,0.0,899,904,1
307,Holque,MÉLENCHON,96,17.24,0,18.48,0,699,130,569,557,18.6,13.11,61.94,22.62,2.33,10.71,18893.0,48.3,0.0,0.0,899,904,0
308,Hondeghem,FILLON,168,25.42,1,36.45,1,744,70,674,661,9.41,21.18,54.46,22.84,1.51,6.32,23162.0,54.14,0.0,0.0,970,996,1
308,Hondeghem,LE PEN,142,21.48,0,22.26,0,744,70,674,661,9.41,21.18,54.46,22.84,1.51,6.32,23162.0,54.14,0.0,0.0,970,996,0
309,Hondschoote,LE PEN,797,35.31,1,38.42,1,2975,651,2324,2257,21.88,15.24,58.57,24.9,1.28,12.11,19022.0,60.88,17.82,73.0,4097,4199,1
309,Hondschoote,MÉLENCHON,431,19.1,0,24.96,0,2975,651,2324,2257,21.88,15.24,58.57,24.9,1.28,12.11,19022.0,60.88,17.82,73.0,4097,4199,0
310,Hon-Hergies,LE PEN,142,36.04,1,37.18,1,490,90,400,394,18.37,14.97,62.18,21.57,1.27,14.35,23763.0,59.12,0.0,0.0,853,860,1
310,Hon-Hergies,FILLON,72,18.27,0,24.51,0,490,90,400,394,18.37,14.97,62.18,21.57,1.27,14.35,23763.0,59.12,0.0,0.0,853,860,0
311,Honnechy,LE PEN,121,44.98,1,57.14,1,349,66,283,269,18.91,7.06,67.29,24.54,1.12,19.57,16590.0,56.28,0.0,0.0,545,553,1
311,Honnechy,MÉLENCHON,50,18.59,0,11.28,0,349,66,283,269,18.91,7.06,67.29,24.54,1.12,19.57,16590.0,56.28,0.0,0.0,545,553,0
312,Honnecourt-sur-Escaut,LE PEN,160,39.22,1,38.03,1,515,98,417,408,19.03,13.97,61.76,22.79,1.47,28.01,18854.0,60.36,0.0,0.0,790,802,1
312,Honnecourt-sur-Escaut,MÉLENCHON,74,18.14,0,16.49,0,515,98,417,408,19.03,13.97,61.76,22.79,1.47,28.01,18854.0,60.36,0.0,0.0,790,802,0
313,Hordain,LE PEN,364,39.22,1,46.25,1,1071,124,947,928,11.58,15.19,54.53,29.2,1.08,14.73,20089.0,51.1,6.39,9.0,1408,1414,1
313,Hordain,MÉLENCHON,216,23.28,0,18.34,0,1071,124,947,928,11.58,15.19,54.53,29.2,1.08,14.73,20089.0,51.1,6.39,9.0,1408,1414,0
314,Hornaing,LE PEN,848,40.17,1,43.34,1,2692,528,2164,2111,19.61,12.6,51.4,34.68,1.33,16.83,18107.0,52.99,25.33,90.0,3553,3578,1
314,Hornaing,MÉLENCHON,405,19.19,0,17.36,0,2692,528,2164,2111,19.61,12.6,51.4,34.68,1.33,16.83,18107.0,52.99,25.33,90.0,3553,3578,0
315,Houdain-lez-Bavay,LE PEN,173,33.46,1,36.55,1,670,143,527,517,21.34,17.79,57.83,22.63,1.74,10.83,20781.0,59.02,0.0,0.0,876,884,1
315,Houdain-lez-Bavay,FILLON,95,18.38,0,23.09,0,670,143,527,517,21.34,17.79,57.83,22.63,1.74,10.83,20781.0,59.02,0.0,0.0,876,884,0
316,Houplin-Ancoisne,LE PEN,622,27.92,1,29.51,1,2696,415,2281,2228,15.39,21.27,50.81,26.71,1.21,10.26,22997.0,61.37,40.42,139.0,3439,3482,1
316,Houplin-Ancoisne,MACRON,474,21.27,0,27.67,0,2696,415,2281,2228,15.39,21.27,50.81,26.71,1.21,10.26,22997.0,61.37,40.42,139.0,3439,3482,0
317,Houplines,LE PEN,1282,30.45,1,32.37,1,5912,1594,4318,4210,26.96,19.05,49.98,29.52,1.45,11.06,20012.0,55.39,41.07,322.0,7840,7952,1
317,Houplines,MÉLENCHON,856,20.33,0,25.02,0,5912,1594,4318,4210,26.96,19.05,49.98,29.52,1.45,11.06,20012.0,55.39,41.07,322.0,7840,7952,0
318,Houtkerque,LE PEN,217,37.09,1,33.63,1,752,152,600,585,20.21,12.48,68.89,17.61,1.03,3.88,21300.0,51.24,0.0,0.0,1005,1013,1
318,Houtkerque,FILLON,144,24.62,0,24.28,0,752,152,600,585,20.21,12.48,68.89,17.61,1.03,3.88,21300.0,51.24,0.0,0.0,1005,1013,0
319,Hoymille,LE PEN,649,29.46,1,32.76,1,2643,385,2258,2203,14.57,20.34,57.1,21.43,1.13,6.36,22625.0,52.79,9.31,30.0,3224,3430,1
319,Hoymille,MACRON,448,20.34,0,32.02,0,2643,385,2258,2203,14.57,20.34,57.1,21.43,1.13,6.36,22625.0,52.79,9.31,30.0,3224,3430,0
320,Illies,LE PEN,307,33.12,1,34.33,1,1079,122,957,927,11.31,19.2,58.25,21.25,1.29,10.06,21733.0,57.72,8.41,13.0,1546,1556,1
320,Illies,FILLON,183,19.74,0,30.12,0,1079,122,957,927,11.31,19.2,58.25,21.25,1.29,10.06,21733.0,57.72,8.41,13.0,1546,1556,0
321,Inchy,LE PEN,168,40.29,1,46.61,1,556,128,428,417,23.02,15.59,64.27,18.23,1.92,19.05,17145.0,59.01,0.0,0.0,738,743,1
321,Inchy,FILLON,66,15.83,0,20.34,0,556,128,428,417,23.02,15.59,64.27,18.23,1.92,19.05,17145.0,59.01,0.0,0.0,738,743,0
322,Iwuy,LE PEN,884,44.99,1,51.64,1,2484,460,2024,1965,18.52,13.59,61.42,23.77,1.22,19.41,17647.0,55.3,20.98,70.0,3336,3366,1
322,Iwuy,MÉLENCHON,350,17.81,0,18.48,0,2484,460,2024,1965,18.52,13.59,61.42,23.77,1.22,19.41,17647.0,55.3,20.98,70.0,3336,3366,0
323,Jenlain,LE PEN,209,27.9,1,31.46,1,886,128,758,749,14.45,24.17,56.34,17.49,2.0,3.85,24472.0,59.95,6.17,7.0,1134,1161,1
323,Jenlain,MACRON,181,24.17,0,29.29,0,886,128,758,749,14.45,24.17,56.34,17.49,2.0,3.85,24472.0,59.95,6.17,7.0,1134,1161,0
324,Jeumont,LE PEN,1509,34.55,1,40.13,1,6955,2477,4478,4368,35.61,14.95,48.83,34.32,1.9,31.38,15578.0,52.63,43.5,443.0,10185,10313,1
324,Jeumont,MÉLENCHON,1132,25.92,0,25.91,0,6955,2477,4478,4368,35.61,14.95,48.83,34.32,1.9,31.38,15578.0,52.63,43.5,443.0,10185,10313,0
325,Jolimetz,LE PEN,166,27.57,1,28.92,1,731,111,620,602,15.18,20.27,55.15,21.93,2.66,10.59,23588.0,55.71,0.0,0.0,873,889,1
325,Jolimetz,FILLON,130,21.59,0,28.74,0,731,111,620,602,15.18,20.27,55.15,21.93,2.66,10.59,23588.0,55.71,0.0,0.0,873,889,0
326,Killem,LE PEN,228,34.49,1,43.75,1,816,134,682,661,16.42,11.95,60.97,24.51,2.57,8.0,18977.0,47.81,0.0,0.0,1084,1104,1
326,Killem,FILLON,137,20.73,0,25.16,0,816,134,682,661,16.42,11.95,60.97,24.51,2.57,8.0,18977.0,47.81,0.0,0.0,1084,1104,0
327,Lallaing,LE PEN,1430,43.09,1,49.1,1,4373,939,3434,3319,21.47,10.88,55.05,32.99,1.08,23.67,16879.0,55.72,30.34,187.0,6164,6202,1
327,Lallaing,MÉLENCHON,916,27.6,0,17.28,0,4373,939,3434,3319,21.47,10.88,55.05,32.99,1.08,23.67,16879.0,55.72,30.34,187.0,6164,6202,0
328,Lambersart,MACRON,5036,30.43,1,39.74,1,20728,3889,16839,16549,18.76,30.43,42.44,25.66,1.47,11.77,25080.0,69.89,37.48,1035.0,27618,28027,1
328,Lambersart,FILLON,4510,27.25,0,21.28,0,20728,3889,16839,16549,18.76,30.43,42.44,25.66,1.47,11.77,25080.0,69.89,37.48,1035.0,27618,28027,0
329,Lambres-lez-Douai,LE PEN,899,29.34,1,34.63,1,3805,680,3125,3064,17.87,20.07,52.32,26.37,1.24,16.06,20642.0,55.82,32.8,169.0,5152,5259,1
329,Lambres-lez-Douai,MACRON,615,20.07,0,25.39,0,3805,680,3125,3064,17.87,20.07,52.32,26.37,1.24,16.06,20642.0,55.82,32.8,169.0,5152,5259,0
330,Landas,FILLON,446,27.67,1,32.26,1,1976,326,1650,1612,16.5,20.66,59.37,18.49,1.49,5.38,24021.0,60.95,10.82,26.0,2402,2443,1
330,Landas,LE PEN,392,24.32,0,26.33,0,1976,326,1650,1612,16.5,20.66,59.37,18.49,1.49,5.38,24021.0,60.95,10.82,26.0,2402,2443,0
331,Landrecies,LE PEN,699,36.16,1,41.15,1,2593,600,1993,1933,23.14,13.55,57.37,27.26,1.81,27.4,16587.0,56.77,17.47,61.0,3491,3597,1
331,Landrecies,MÉLENCHON,409,21.16,0,20.75,0,2593,600,1993,1933,23.14,13.55,57.37,27.26,1.81,27.4,16587.0,56.77,17.47,61.0,3491,3597,0
332,Lannoy,LE PEN,207,25.94,1,28.22,1,1241,425,816,798,34.25,23.06,46.99,28.45,1.5,15.49,17717.0,61.54,40.53,71.0,1752,1759,1
332,Lannoy,MACRON,184,23.06,0,25.86,0,1241,425,816,798,34.25,23.06,46.99,28.45,1.5,15.49,17717.0,61.54,40.53,71.0,1752,1759,0
333,Larouillies,LE PEN,53,36.55,1,37.84,1,191,35,156,145,18.32,18.62,66.21,13.1,2.07,18.18,19678.0,51.36,0.0,0.0,257,266,1
333,Larouillies,FILLON,30,20.69,0,30.41,0,191,35,156,145,18.32,18.62,66.21,13.1,2.07,18.18,19678.0,51.36,0.0,0.0,257,266,0
334,Lauwin-Planque,LE PEN,345,31.51,1,34.27,1,1306,173,1133,1095,13.25,18.36,53.88,26.12,1.64,10.29,21890.0,52.64,32.65,56.0,1715,1739,1
334,Lauwin-Planque,MÉLENCHON,215,19.63,0,24.56,0,1306,173,1133,1095,13.25,18.36,53.88,26.12,1.64,10.29,21890.0,52.64,32.65,56.0,1715,1739,0
335,Lecelles,LE PEN,529,28.69,1,31.34,1,2321,424,1897,1844,18.27,21.2,55.91,20.88,2.01,6.04,23588.0,60.43,7.17,20.0,2791,2837,1
335,Lecelles,MACRON,391,21.2,0,25.96,0,2321,424,1897,1844,18.27,21.2,55.91,20.88,2.01,6.04,23588.0,60.43,7.17,20.0,2791,2837,0
336,Lécluse,LE PEN,355,44.49,1,45.53,1,1017,199,818,798,19.57,13.53,58.15,26.69,1.63,19.33,18526.0,49.81,19.72,27.0,1369,1385,1
336,Lécluse,MÉLENCHON,162,20.3,0,16.82,0,1017,199,818,798,19.57,13.53,58.15,26.69,1.63,19.33,18526.0,49.81,19.72,27.0,1369,1385,0
337,Lederzeele,LE PEN,133,31.74,1,37.59,1,520,94,426,419,18.08,19.81,62.77,14.32,3.1,1.82,20251.0,53.87,0.0,0.0,667,682,1
337,Lederzeele,FILLON,105,25.06,0,30.5,0,520,94,426,419,18.08,19.81,62.77,14.32,3.1,1.82,20251.0,53.87,0.0,0.0,667,682,0
338,Ledringhem,LE PEN,107,25.36,1,29.36,1,471,40,431,422,8.49,23.22,53.55,21.33,1.9,9.52,22848.0,52.83,0.0,0.0,664,691,1
338,Ledringhem,MACRON,98,23.22,0,28.64,0,471,40,431,422,8.49,23.22,53.55,21.33,1.9,9.52,22848.0,52.83,0.0,0.0,664,691,0
339,Leers,LE PEN,1698,27.05,1,31.2,1,8254,1799,6455,6277,21.8,22.37,51.97,23.9,1.77,10.98,22309.0,56.27,63.8,609.0,9546,9621,1
339,Leers,MACRON,1404,22.37,0,29.17,0,8254,1799,6455,6277,21.8,22.37,51.97,23.9,1.77,10.98,22309.0,56.27,63.8,609.0,9546,9621,0
340,Leffrinckoucke,LE PEN,777,27.19,1,29.34,1,3585,645,2940,2858,17.99,20.29,48.43,28.94,2.34,20.27,21099.0,57.58,26.65,114.0,4277,4376,1
340,Leffrinckoucke,MÉLENCHON,598,20.92,0,28.64,0,3585,645,2940,2858,17.99,20.29,48.43,28.94,2.34,20.27,21099.0,57.58,26.65,114.0,4277,4376,0
341,Lesdain,LE PEN,83,32.05,1,36.71,1,322,57,265,259,17.7,24.71,52.9,20.46,1.93,4.3,20305.0,56.65,0.0,0.0,408,418,1
341,Lesdain,MACRON,64,24.71,0,21.1,0,322,57,265,259,17.7,24.71,52.9,20.46,1.93,4.3,20305.0,56.65,0.0,0.0,408,418,0
342,Lez-Fontaine,FILLON,46,33.09,1,29.08,1,160,18,142,139,11.25,13.67,64.03,20.14,2.16,9.52,22106.0,53.18,0.0,0.0,232,236,1
342,Lez-Fontaine,LE PEN,36,25.9,0,25.53,0,160,18,142,139,11.25,13.67,64.03,20.14,2.16,9.52,22106.0,53.18,0.0,0.0,232,236,0
343,Lesquin,MACRON,1132,24.64,1,33.19,1,5547,850,4697,4595,15.32,24.64,50.23,24.05,1.09,9.36,23044.0,60.19,80.01,633.0,7912,7981,1
343,Lesquin,LE PEN,1127,24.53,0,24.68,0,5547,850,4697,4595,15.32,24.64,50.23,24.05,1.09,9.36,23044.0,60.19,80.01,633.0,7912,7981,0
344,Leval,LE PEN,525,38.89,1,40.25,1,1839,449,1390,1350,24.42,13.85,49.48,35.19,1.48,20.16,17558.0,46.24,12.98,32.0,2465,2477,1
344,Leval,MÉLENCHON,391,28.96,0,18.74,0,1839,449,1390,1350,24.42,13.85,49.48,35.19,1.48,20.16,17558.0,46.24,12.98,32.0,2465,2477,0
345,Lewarde,LE PEN,518,35.41,1,37.56,1,1877,363,1514,1463,19.34,15.17,51.88,31.44,1.5,21.47,18598.0,52.28,16.1,39.0,2422,2456,1
345,Lewarde,MÉLENCHON,381,26.04,0,19.4,0,1877,363,1514,1463,19.34,15.17,51.88,31.44,1.5,21.47,18598.0,52.28,16.1,39.0,2422,2456,0
346,Lezennes,MÉLENCHON,511,25.05,1,28.13,1,2572,471,2101,2040,18.31,22.5,37.6,38.73,1.18,7.85,23664.0,63.36,89.72,282.0,3143,3167,1
346,Lezennes,MACRON,459,22.5,0,25.42,0,2572,471,2101,2040,18.31,22.5,37.6,38.73,1.18,7.85,23664.0,63.36,89.72,282.0,3143,3167,0
347,Liessies,LE PEN,92,29.3,1,36.18,1,385,63,322,314,16.36,22.93,46.18,27.39,3.5,15.69,20389.0,54.92,0.0,0.0,531,547,1
347,Liessies,MACRON,72,22.93,0,19.8,0,385,63,322,314,16.36,22.93,46.18,27.39,3.5,15.69,20389.0,54.92,0.0,0.0,531,547,0
348,Lieu-Saint-Amand,LE PEN,372,42.61,1,46.84,1,1074,181,893,873,16.85,13.75,56.82,27.84,1.6,14.41,20811.0,51.84,7.55,10.0,1325,1336,1
348,Lieu-Saint-Amand,MÉLENCHON,195,22.34,0,17.72,0,1074,181,893,873,16.85,13.75,56.82,27.84,1.6,14.41,20811.0,51.84,7.55,10.0,1325,1336,0
349,Ligny-en-Cambrésis,LE PEN,454,42.67,1,49.64,1,1364,266,1098,1064,19.5,15.6,62.03,20.11,2.26,18.62,18542.0,51.52,9.48,18.0,1899,1926,1
349,Ligny-en-Cambrésis,MACRON,166,15.6,0,20.84,0,1364,266,1098,1064,19.5,15.6,62.03,20.11,2.26,18.62,18542.0,51.52,9.48,18.0,1899,1926,0
350,Lille,MÉLENCHON,26999,29.92,1,47.4,1,123435,31424,92011,90237,25.46,25.02,30.86,42.43,1.69,19.78,18424.0,71.93,132.99,30912.0,232440,236782,1
350,Lille,MACRON,22577,25.02,0,36.61,0,123435,31424,92011,90237,25.46,25.02,30.86,42.43,1.69,19.78,18424.0,71.93,132.99,30912.0,232440,236782,0
351,Limont-Fontaine,LE PEN,132,36.57,1,40.4,1,485,113,372,361,23.3,11.91,71.47,15.24,1.39,13.26,19502.0,48.68,0.0,0.0,561,567,1
351,Limont-Fontaine,FILLON,94,26.04,0,22.6,0,485,113,372,361,23.3,11.91,71.47,15.24,1.39,13.26,19502.0,48.68,0.0,0.0,561,567,0
352,Linselles,FILLON,1418,27.24,1,39.92,1,6552,1234,5318,5205,18.83,22.04,58.37,17.96,1.63,10.3,22802.0,60.52,25.97,217.0,8356,8455,1
352,Linselles,LE PEN,1284,24.67,0,25.36,0,6552,1234,5318,5205,18.83,22.04,58.37,17.96,1.63,10.3,22802.0,60.52,25.97,217.0,8356,8455,0
353,Locquignol,LE PEN,81,36.99,1,38.3,1,267,44,223,219,16.48,15.07,62.1,20.55,2.28,17.07,20665.0,47.81,0.0,0.0,370,372,1
353,Locquignol,FILLON,36,16.44,0,19.68,0,267,44,223,219,16.48,15.07,62.1,20.55,2.28,17.07,20665.0,47.81,0.0,0.0,370,372,0
354,Loffre,LE PEN,141,28.48,1,30.99,1,583,76,507,495,13.04,24.85,48.89,24.85,1.41,11.55,25217.0,53.37,0.0,0.0,737,758,1
354,Loffre,MACRON,123,24.85,0,29.96,0,583,76,507,495,13.04,24.85,48.89,24.85,1.41,11.55,25217.0,53.37,0.0,0.0,737,758,0
356,Lompret,FILLON,644,39.9,1,45.05,1,1851,210,1641,1614,11.35,27.45,55.7,16.05,0.81,7.47,31042.0,70.34,17.82,41.0,2301,2354,1
356,Lompret,MACRON,443,27.45,0,12.59,0,1851,210,1641,1614,11.35,27.45,55.7,16.05,0.81,7.47,31042.0,70.34,17.82,41.0,2301,2354,0
357,La Longueville,LE PEN,406,34.85,1,37.17,1,1517,324,1193,1165,21.36,16.48,60.09,21.8,1.63,12.71,20765.0,54.0,15.59,33.0,2117,2149,1
357,La Longueville,FILLON,213,18.28,0,24.37,0,1517,324,1193,1165,21.36,16.48,60.09,21.8,1.63,12.71,20765.0,54.0,15.59,33.0,2117,2149,0
358,Looberghe,LE PEN,278,36.1,1,39.44,1,957,163,794,770,17.03,16.49,58.57,22.6,2.34,8.82,20366.0,50.23,0.0,0.0,1183,1205,1
358,Looberghe,MÉLENCHON,129,16.75,0,22.66,0,957,163,794,770,17.03,16.49,58.57,22.6,2.34,8.82,20366.0,50.23,0.0,0.0,1183,1205,0
359,Loon-Plage,LE PEN,1627,42.5,1,44.23,1,4795,845,3950,3828,17.62,14.0,59.2,25.44,1.36,14.61,19096.0,52.96,34.31,213.0,6209,6287,1
359,Loon-Plage,MÉLENCHON,689,18.0,0,22.2,0,4795,845,3950,3828,17.62,14.0,59.2,25.44,1.36,14.61,19096.0,52.96,34.31,213.0,6209,6287,0
360,Loos,LE PEN,2489,26.92,1,32.0,1,13104,3640,9464,9245,27.78,19.91,41.54,36.93,1.62,18.45,17863.0,59.13,50.46,1114.0,22076,22439,1
360,Loos,MÉLENCHON,2487,26.9,0,24.12,0,13104,3640,9464,9245,27.78,19.91,41.54,36.93,1.62,18.45,17863.0,59.13,50.46,1114.0,22076,22439,0
361,Lourches,LE PEN,670,42.7,1,44.21,1,2247,652,1595,1569,29.02,10.71,50.8,36.65,1.85,39.29,13708.0,53.46,58.09,229.0,3942,3967,1
361,Lourches,MÉLENCHON,428,27.28,0,28.94,0,2247,652,1595,1569,29.02,10.71,50.8,36.65,1.85,39.29,13708.0,53.46,58.09,229.0,3942,3967,0
363,Louvignies-Quesnoy,LE PEN,155,26.36,1,33.83,1,728,123,605,588,16.9,20.75,49.66,28.91,0.68,12.99,21205.0,56.65,0.0,0.0,936,954,1
363,Louvignies-Quesnoy,MÉLENCHON,135,22.96,0,25.75,0,728,123,605,588,16.9,20.75,49.66,28.91,0.68,12.99,21205.0,56.65,0.0,0.0,936,954,0
364,Louvil,MACRON,204,35.23,1,47.61,1,670,81,589,579,12.09,35.23,43.01,20.73,1.04,5.46,29563.0,68.4,0.0,0.0,828,844,1
364,Louvil,FILLON,164,28.32,0,12.74,0,670,81,589,579,12.09,35.23,43.01,20.73,1.04,5.46,29563.0,68.4,0.0,0.0,828,844,0
365,Louvroil,MÉLENCHON,889,34.77,1,40.75,1,3771,1162,2609,2557,30.81,13.06,44.35,41.22,1.37,37.08,13650.0,52.7,55.81,366.0,6558,6606,1
365,Louvroil,LE PEN,881,34.45,0,32.65,0,3771,1162,2609,2557,30.81,13.06,44.35,41.22,1.37,37.08,13650.0,52.7,55.81,366.0,6558,6606,0
366,Lynde,LE PEN,151,29.9,1,33.07,1,599,83,516,505,13.86,23.17,51.29,24.55,0.99,1.27,22205.0,53.02,0.0,0.0,750,767,1
366,Lynde,MACRON,117,23.17,0,25.9,0,599,83,516,505,13.86,23.17,51.29,24.55,0.99,1.27,22205.0,53.02,0.0,0.0,750,767,0
367,Lys-lez-Lannoy,LE PEN,1867,26.07,1,29.07,1,9085,1708,7377,7161,18.8,20.74,48.82,28.85,1.59,14.3,20048.0,56.39,46.33,618.0,13340,13480,1
367,Lys-lez-Lannoy,MÉLENCHON,1499,20.93,0,27.39,0,9085,1708,7377,7161,18.8,20.74,48.82,28.85,1.59,14.3,20048.0,56.39,46.33,618.0,13340,13480,0
368,La Madeleine,MACRON,3383,28.96,1,36.2,1,15859,3924,11935,11683,24.74,28.96,40.41,29.22,1.41,13.09,22479.0,72.87,53.31,1133.0,21253,21449,1
368,La Madeleine,FILLON,2722,23.3,0,24.87,0,15859,3924,11935,11683,24.74,28.96,40.41,29.22,1.41,13.09,22479.0,72.87,53.31,1133.0,21253,21449,0
369,Maing,LE PEN,677,29.62,1,31.9,1,3022,689,2333,2286,22.8,18.94,53.37,26.42,1.27,15.34,20629.0,56.5,16.94,69.0,4074,4113,1
369,Maing,MÉLENCHON,476,20.82,0,24.83,0,3022,689,2333,2286,22.8,18.94,53.37,26.42,1.27,15.34,20629.0,56.5,16.94,69.0,4074,4113,0
370,Mairieux,LE PEN,139,31.03,1,36.1,1,573,111,462,448,19.37,16.52,64.73,18.08,0.67,17.2,23563.0,56.96,0.0,0.0,740,755,1
370,Mairieux,FILLON,123,27.46,0,30.48,0,573,111,462,448,19.37,16.52,64.73,18.08,0.67,17.2,23563.0,56.96,0.0,0.0,740,755,0
371,Le Maisnil,FILLON,171,37.42,1,44.99,1,524,61,463,457,11.64,25.38,58.42,15.1,1.09,4.69,29352.0,67.84,0.0,0.0,643,658,1
371,Le Maisnil,MACRON,116,25.38,0,14.45,0,524,61,463,457,11.64,25.38,58.42,15.1,1.09,4.69,29352.0,67.84,0.0,0.0,643,658,0
372,Malincourt,LE PEN,110,34.38,1,39.78,1,416,90,326,320,21.63,12.81,71.88,14.37,0.94,15.38,19590.0,51.19,0.0,0.0,512,518,1
372,Malincourt,FILLON,90,28.13,0,24.45,0,416,90,326,320,21.63,12.81,71.88,14.37,0.94,15.38,19590.0,51.19,0.0,0.0,512,518,0
374,Marbaix,LE PEN,117,37.38,1,36.13,1,371,48,323,313,12.94,11.5,65.18,21.09,2.24,15.2,20549.0,56.38,0.0,0.0,487,495,1
374,Marbaix,FILLON,57,18.21,0,23.36,0,371,48,323,313,12.94,11.5,65.18,21.09,2.24,15.2,20549.0,56.38,0.0,0.0,487,495,0
375,Marchiennes,LE PEN,916,31.91,1,33.71,1,3597,658,2939,2871,18.29,19.71,52.07,26.96,1.25,12.38,21159.0,57.96,32.44,149.0,4593,4664,1
375,Marchiennes,MÉLENCHON,589,20.52,0,25.88,0,3597,658,2939,2871,18.29,19.71,52.07,26.96,1.25,12.38,21159.0,57.96,32.44,149.0,4593,4664,0
377,Marcoing,LE PEN,410,34.45,1,42.43,1,1490,276,1214,1190,18.52,15.8,56.89,25.71,1.6,14.37,20194.0,49.33,6.91,13.0,1881,1905,1
377,Marcoing,MÉLENCHON,233,19.58,0,19.48,0,1490,276,1214,1190,18.52,15.8,56.89,25.71,1.6,14.37,20194.0,49.33,6.91,13.0,1881,1905,0
378,Marcq-en-Baroeul,FILLON,8524,36.78,1,42.07,1,29008,5452,23556,23176,18.79,27.02,51.46,20.15,1.37,12.1,26110.0,72.16,57.03,2213.0,38805,39697,1
378,Marcq-en-Baroeul,MACRON,6262,27.02,0,16.15,0,29008,5452,23556,23176,18.79,27.02,51.46,20.15,1.37,12.1,26110.0,72.16,57.03,2213.0,38805,39697,0
379,Marcq-en-Ostrevent,LE PEN,187,44.84,1,48.51,1,514,88,426,417,17.12,10.31,63.55,25.18,0.96,10.14,20737.0,51.63,0.0,0.0,727,731,1
379,Marcq-en-Ostrevent,MÉLENCHON,80,19.18,0,19.4,0,514,88,426,417,17.12,10.31,63.55,25.18,0.96,10.14,20737.0,51.63,0.0,0.0,727,731,0
381,Maresches,LE PEN,169,31.18,1,30.66,1,702,149,553,542,21.23,17.34,59.04,22.32,1.29,10.68,22237.0,56.7,7.25,6.0,828,843,1
381,Maresches,FILLON,116,21.4,0,26.76,0,702,149,553,542,21.23,17.34,59.04,22.32,1.29,10.68,22237.0,56.7,7.25,6.0,828,843,0
382,Maretz,LE PEN,349,45.38,1,50.66,1,941,150,791,769,15.94,11.96,63.85,22.11,2.08,25.19,16359.0,54.46,4.79,7.0,1462,1478,1
382,Maretz,MÉLENCHON,130,16.91,0,18.85,0,941,150,791,769,15.94,11.96,63.85,22.11,2.08,25.19,16359.0,54.46,4.79,7.0,1462,1478,0
383,Marly,LE PEN,1836,29.45,1,29.33,1,8593,2184,6409,6235,25.42,19.1,47.22,32.01,1.67,21.13,17851.0,56.02,46.8,538.0,11495,11591,1
383,Marly,MÉLENCHON,1568,25.15,0,23.42,0,8593,2184,6409,6235,25.42,19.1,47.22,32.01,1.67,21.13,17851.0,56.02,46.8,538.0,11495,11591,0
384,Maroilles,LE PEN,311,36.85,1,40.07,1,1179,305,874,844,25.87,14.69,63.03,20.73,1.54,15.37,18735.0,56.71,5.03,7.0,1391,1405,1
384,Maroilles,FILLON,163,19.31,0,25.21,0,1179,305,874,844,25.87,14.69,63.03,20.73,1.54,15.37,18735.0,56.71,5.03,7.0,1391,1405,0
385,Marpent,LE PEN,513,42.05,1,45.62,1,1676,428,1248,1220,25.54,14.75,58.03,25.82,1.39,24.31,17457.0,49.88,22.12,61.0,2758,2791,1
385,Marpent,MÉLENCHON,250,20.49,0,17.68,0,1676,428,1248,1220,25.54,14.75,58.03,25.82,1.39,24.31,17457.0,49.88,22.12,61.0,2758,2791,0
386,Marquette-lez-Lille,MACRON,1493,25.76,1,34.17,1,7537,1594,5943,5796,21.15,25.76,46.58,25.95,1.71,13.87,22099.0,62.26,42.5,443.0,10424,10496,1
386,Marquette-lez-Lille,LE PEN,1413,24.38,0,24.28,0,7537,1594,5943,5796,21.15,25.76,46.58,25.95,1.71,13.87,22099.0,62.26,42.5,443.0,10424,10496,0
387,Marquette-en-Ostrevant,LE PEN,394,41.61,1,48.77,1,1203,221,982,947,18.37,14.04,56.81,27.88,1.27,12.05,18757.0,54.08,6.45,12.0,1861,1877,1
387,Marquette-en-Ostrevant,MÉLENCHON,201,21.22,0,18.89,0,1203,221,982,947,18.37,14.04,56.81,27.88,1.27,12.05,18757.0,54.08,6.45,12.0,1861,1877,0
388,Marquillies,LE PEN,313,24.47,1,30.72,1,1577,259,1318,1279,16.42,20.64,53.17,24.86,1.33,9.95,23975.0,61.34,5.54,11.0,1986,2011,1
388,Marquillies,FILLON,286,22.36,0,26.49,0,1577,259,1318,1279,16.42,20.64,53.17,24.86,1.33,9.95,23975.0,61.34,5.54,11.0,1986,2011,0
389,Masnières,LE PEN,549,36.77,1,39.05,1,1880,344,1536,1493,18.3,16.08,52.11,30.68,1.14,16.74,18409.0,50.7,12.2,33.0,2704,2732,1
389,Masnières,MÉLENCHON,372,24.92,0,20.89,0,1880,344,1536,1493,18.3,16.08,52.11,30.68,1.14,16.74,18409.0,50.7,12.2,33.0,2704,2732,0
390,Masny,LE PEN,748,36.33,1,41.25,1,2767,639,2128,2059,23.09,14.38,48.52,35.02,2.09,29.07,16362.0,52.34,23.23,96.0,4132,4177,1
390,Masny,MÉLENCHON,602,29.24,0,22.57,0,2767,639,2128,2059,23.09,14.38,48.52,35.02,2.09,29.07,16362.0,52.34,23.23,96.0,4132,4177,0
391,Mastaing,LE PEN,223,38.99,1,44.14,1,679,94,585,572,13.84,15.73,59.44,23.08,1.75,13.92,21217.0,49.93,0.0,0.0,853,858,1
391,Mastaing,MÉLENCHON,100,17.48,0,23.24,0,679,94,585,572,13.84,15.73,59.44,23.08,1.75,13.92,21217.0,49.93,0.0,0.0,853,858,0
392,Maubeuge,LE PEN,3860,31.17,1,34.77,1,18953,6260,12693,12385,33.03,16.34,46.8,35.2,1.66,34.22,14920.0,57.84,64.32,1909.0,29679,29995,1
392,Maubeuge,MÉLENCHON,3319,26.8,0,31.26,0,18953,6260,12693,12385,33.03,16.34,46.8,35.2,1.66,34.22,14920.0,57.84,64.32,1909.0,29679,29995,0
393,Maulde,LE PEN,217,34.89,1,31.55,1,835,209,626,622,25.03,17.36,61.25,19.61,1.77,15.31,21069.0,56.91,0.0,0.0,1016,1028,1
393,Maulde,FILLON,129,20.74,0,22.28,0,835,209,626,622,25.03,17.36,61.25,19.61,1.77,15.31,21069.0,56.91,0.0,0.0,1016,1028,0
394,Maurois,LE PEN,101,55.49,1,54.11,1,240,57,183,182,23.75,13.74,70.88,14.29,1.1,23.03,17707.0,53.62,0.0,0.0,391,399,1
394,Maurois,MACRON,25,13.74,0,23.19,0,240,57,183,182,23.75,13.74,70.88,14.29,1.1,23.03,17707.0,53.62,0.0,0.0,391,399,0
395,Mazinghien,LE PEN,79,42.7,1,42.95,1,246,55,191,185,22.36,15.68,66.49,15.68,2.16,14.29,19410.0,58.59,0.0,0.0,306,310,1
395,Mazinghien,FILLON,32,17.3,0,17.95,0,246,55,191,185,22.36,15.68,66.49,15.68,2.16,14.29,19410.0,58.59,0.0,0.0,306,310,0
396,Mecquignies,LE PEN,146,38.62,1,41.13,1,452,64,388,378,14.16,16.14,59.79,22.49,1.59,10.17,21739.0,55.24,0.0,0.0,692,699,1
396,Mecquignies,MÉLENCHON,62,16.4,0,22.37,0,452,64,388,378,14.16,16.14,59.79,22.49,1.59,10.17,21739.0,55.24,0.0,0.0,692,699,0
397,Merckeghem,LE PEN,136,33.75,1,39.14,1,491,76,415,403,15.48,17.12,59.8,20.84,2.23,6.9,22474.0,48.39,0.0,0.0,586,594,1
397,Merckeghem,FILLON,84,20.84,0,26.81,0,491,76,415,403,15.48,17.12,59.8,20.84,2.23,6.9,22474.0,48.39,0.0,0.0,586,594,0
398,Mérignies,FILLON,835,40.83,1,47.58,1,2344,260,2084,2045,11.09,25.97,57.46,15.01,1.56,8.14,32015.0,68.35,28.69,86.0,2998,3147,1
398,Mérignies,MACRON,531,25.97,0,17.82,0,2344,260,2084,2045,11.09,25.97,57.46,15.01,1.56,8.14,32015.0,68.35,28.69,86.0,2998,3147,0
399,Merris,LE PEN,191,28.17,1,31.68,1,814,125,689,678,15.36,14.6,61.36,23.01,1.03,4.3,23385.0,57.7,0.0,0.0,1025,1054,1
399,Merris,FILLON,175,25.81,0,27.82,0,814,125,689,678,15.36,14.6,61.36,23.01,1.03,4.3,23385.0,57.7,0.0,0.0,1025,1054,0
400,Merville,LE PEN,2051,37.76,1,42.57,1,7187,1593,5594,5432,22.17,14.4,56.63,27.72,1.25,14.22,18437.0,52.54,37.7,371.0,9842,9934,1
400,Merville,MÉLENCHON,1123,20.67,0,21.25,0,7187,1593,5594,5432,22.17,14.4,56.63,27.72,1.25,14.22,18437.0,52.54,37.7,371.0,9842,9934,0
401,Méteren,LE PEN,384,26.87,1,34.58,1,1716,239,1477,1429,13.93,18.19,56.96,22.18,2.66,11.21,22408.0,57.36,13.6,31.0,2279,2315,1
401,Méteren,FILLON,340,23.79,0,28.39,0,1716,239,1477,1429,13.93,18.19,56.96,22.18,2.66,11.21,22408.0,57.36,13.6,31.0,2279,2315,0
402,Millam,LE PEN,174,34.12,1,38.65,1,622,93,529,510,14.95,17.84,61.37,20.0,0.78,10.0,20911.0,53.09,0.0,0.0,809,828,1
402,Millam,FILLON,98,19.22,0,25.3,0,622,93,529,510,14.95,17.84,61.37,20.0,0.78,10.0,20911.0,53.09,0.0,0.0,809,828,0
403,Millonfosse,LE PEN,157,33.69,1,28.38,1,568,92,476,466,16.2,16.95,57.08,25.54,0.43,7.14,22864.0,51.34,0.0,0.0,708,720,1
403,Millonfosse,MÉLENCHON,90,19.31,0,28.15,0,568,92,476,466,16.2,16.95,57.08,25.54,0.43,7.14,22864.0,51.34,0.0,0.0,708,720,0
405,Moeuvres,LE PEN,154,53.1,1,52.87,1,345,51,294,290,14.78,15.86,67.93,14.83,1.38,14.29,19322.0,53.7,0.0,0.0,459,462,1
405,Moeuvres,MACRON,46,15.86,0,17.62,0,345,51,294,290,14.78,15.86,67.93,14.83,1.38,14.29,19322.0,53.7,0.0,0.0,459,462,0
406,Monceau-Saint-Waast,LE PEN,94,35.61,1,37.1,1,330,58,272,264,17.58,14.77,64.77,19.32,1.14,11.73,21159.0,52.66,0.0,0.0,495,499,1
406,Monceau-Saint-Waast,FILLON,60,22.73,0,30.32,0,330,58,272,264,17.58,14.77,64.77,19.32,1.14,11.73,21159.0,52.66,0.0,0.0,495,499,0
407,Monchaux-sur-Ecaillon,LE PEN,126,31.42,1,34.85,1,454,44,410,401,9.69,21.7,59.6,16.96,1.75,1.69,24192.0,58.72,0.0,0.0,542,549,1
407,Monchaux-sur-Ecaillon,FILLON,92,22.94,0,31.06,0,454,44,410,401,9.69,21.7,59.6,16.96,1.75,1.69,24192.0,58.72,0.0,0.0,542,549,0
408,Moncheaux,MACRON,266,26.52,1,34.66,1,1210,183,1027,1003,15.12,26.52,50.55,21.04,1.89,7.09,24740.0,58.56,17.21,26.0,1511,1530,1
408,Moncheaux,LE PEN,254,25.32,0,25.1,0,1210,183,1027,1003,15.12,26.52,50.55,21.04,1.89,7.09,24740.0,58.56,17.21,26.0,1511,1530,0
409,Monchecourt,LE PEN,563,40.36,1,47.51,1,1788,354,1434,1395,19.8,13.84,54.27,30.39,1.51,17.23,18564.0,53.29,15.24,38.0,2493,2528,1
409,Monchecourt,MÉLENCHON,339,24.3,0,16.69,0,1788,354,1434,1395,19.8,13.84,54.27,30.39,1.51,17.23,18564.0,53.29,15.24,38.0,2493,2528,0
410,Mons-en-Baroeul,MÉLENCHON,2735,28.71,1,38.62,1,13286,3519,9767,9527,26.49,23.37,36.22,38.4,2.02,20.37,17438.0,64.46,46.46,969.0,20855,21046,1
410,Mons-en-Baroeul,MACRON,2226,23.37,0,24.71,0,13286,3519,9767,9527,26.49,23.37,36.22,38.4,2.02,20.37,17438.0,64.46,46.46,969.0,20855,21046,0
411,Mons-en-Pévèle,FILLON,354,25.38,1,36.81,1,1737,309,1428,1395,17.79,22.29,52.33,23.87,1.51,7.18,25197.0,62.47,8.94,19.0,2125,2165,1
411,Mons-en-Pévèle,MACRON,311,22.29,0,20.78,0,1737,309,1428,1395,17.79,22.29,52.33,23.87,1.51,7.18,25197.0,62.47,8.94,19.0,2125,2165,0
412,Montay,LE PEN,78,42.39,1,46.88,1,226,41,185,184,18.14,10.33,59.78,26.63,3.26,13.64,17661.0,54.24,0.0,0.0,306,309,1
412,Montay,MÉLENCHON,38,20.65,0,18.12,0,226,41,185,184,18.14,10.33,59.78,26.63,3.26,13.64,17661.0,54.24,0.0,0.0,306,309,0
413,Montigny-en-Cambrésis,LE PEN,160,41.34,1,39.42,1,472,81,391,387,17.16,19.38,61.24,17.05,2.33,12.5,19791.0,57.63,0.0,0.0,564,574,1
413,Montigny-en-Cambrésis,MACRON,75,19.38,0,23.48,0,472,81,391,387,17.16,19.38,61.24,17.05,2.33,12.5,19791.0,57.63,0.0,0.0,564,574,0
414,Montigny-en-Ostrevent,LE PEN,892,35.42,1,39.96,1,3404,814,2590,2518,23.91,15.49,49.52,33.4,1.59,20.89,17638.0,54.69,20.89,100.0,4786,4823,1
414,Montigny-en-Ostrevent,MÉLENCHON,638,25.34,0,20.86,0,3404,814,2590,2518,23.91,15.49,49.52,33.4,1.59,20.89,17638.0,54.69,20.89,100.0,4786,4823,0
415,Montrécourt,LE PEN,51,34.23,1,39.19,1,193,40,153,149,20.73,12.08,59.73,24.16,4.03,12.73,22173.0,52.73,0.0,0.0,228,229,1
415,Montrécourt,FILLON,28,18.79,0,25.68,0,193,40,153,149,20.73,12.08,59.73,24.16,4.03,12.73,22173.0,52.73,0.0,0.0,228,229,0
416,Morbecque,LE PEN,460,26.98,1,31.28,1,2088,341,1747,1705,16.33,20.0,54.31,24.05,1.64,12.64,21652.0,56.23,15.65,40.0,2556,2600,1
416,Morbecque,FILLON,352,20.65,0,28.41,0,2088,341,1747,1705,16.33,20.0,54.31,24.05,1.64,12.64,21652.0,56.23,15.65,40.0,2556,2600,0
418,Mortagne-du-Nord,LE PEN,295,41.43,1,39.89,1,1073,349,724,712,32.53,15.31,54.92,28.23,1.54,24.44,17280.0,62.85,34.1,56.0,1642,1653,1
418,Mortagne-du-Nord,MÉLENCHON,163,22.89,0,17.13,0,1073,349,724,712,32.53,15.31,54.92,28.23,1.54,24.44,17280.0,62.85,34.1,56.0,1642,1653,0
419,Mouchin,FILLON,245,26.78,1,34.88,1,1095,162,933,915,14.79,21.42,55.19,21.31,2.08,10.22,25207.0,57.01,5.01,7.0,1397,1412,1
419,Mouchin,LE PEN,202,22.08,0,24.91,0,1095,162,933,915,14.79,21.42,55.19,21.31,2.08,10.22,25207.0,57.01,5.01,7.0,1397,1412,0
420,Moustier-en-Fagne,MACRON,7,25.0,1,30.0,1,34,6,28,28,17.65,25.0,35.71,39.29,0.0,12.73,20770.0,66.66,0.0,0.0,61,62,1
420,Moustier-en-Fagne,MÉLENCHON,7,25.0,0,23.33,0,34,6,28,28,17.65,25.0,35.71,39.29,0.0,12.73,20770.0,66.66,0.0,0.0,61,62,0
421,Mouvaux,FILLON,3571,42.01,1,44.37,1,10525,1904,8621,8501,18.09,23.34,60.4,15.19,1.07,11.21,25906.0,69.2,36.7,489.0,13326,13526,1
421,Mouvaux,MACRON,1984,23.34,0,14.89,0,10525,1904,8621,8501,18.09,23.34,60.4,15.19,1.07,11.21,25906.0,69.2,36.7,489.0,13326,13526,0
422,Naves,LE PEN,127,31.91,1,37.44,1,513,101,412,398,19.69,17.84,57.29,23.87,1.01,18.52,20325.0,54.91,0.0,0.0,637,646,1
422,Naves,MÉLENCHON,73,18.34,0,21.36,0,513,101,412,398,19.69,17.84,57.29,23.87,1.01,18.52,20325.0,54.91,0.0,0.0,637,646,0
423,Neuf-Berquin,LE PEN,243,31.15,1,38.11,1,944,133,811,780,14.09,20.26,54.62,23.46,1.67,10.28,21246.0,53.09,0.0,0.0,1219,1258,1
423,Neuf-Berquin,MACRON,158,20.26,0,22.92,0,944,133,811,780,14.09,20.26,54.62,23.46,1.67,10.28,21246.0,53.09,0.0,0.0,1219,1258,0
424,Neuf-Mesnil,LE PEN,290,43.09,1,46.47,1,873,174,699,673,19.93,12.93,55.57,31.05,0.45,23.15,17096.0,48.19,0.0,0.0,1337,1342,1
424,Neuf-Mesnil,MÉLENCHON,153,22.73,0,19.62,0,873,174,699,673,19.93,12.93,55.57,31.05,0.45,23.15,17096.0,48.19,0.0,0.0,1337,1342,0
425,Neuville-en-Avesnois,LE PEN,54,25.23,1,30.06,1,241,24,217,214,9.96,22.43,53.27,23.83,0.47,11.11,23291.0,54.16,0.0,0.0,305,311,1
425,Neuville-en-Avesnois,MACRON,48,22.43,0,23.7,0,241,24,217,214,9.96,22.43,53.27,23.83,0.47,11.11,23291.0,54.16,0.0,0.0,305,311,0
426,Neuville-en-Ferrain,LE PEN,1738,27.03,1,34.2,1,8390,1806,6584,6430,21.53,23.17,54.49,21.03,1.31,10.39,22743.0,56.3,37.22,386.0,10371,10439,1
426,Neuville-en-Ferrain,MACRON,1490,23.17,0,27.48,0,8390,1806,6584,6430,21.53,23.17,54.49,21.03,1.31,10.39,22743.0,56.3,37.22,386.0,10371,10439,0
427,La Neuville,FILLON,119,26.33,1,34.51,1,541,82,459,452,15.16,24.34,56.64,16.81,2.21,3.57,26524.0,60.37,0.0,0.0,654,664,1
427,La Neuville,MACRON,110,24.34,0,25.19,0,541,82,459,452,15.16,24.34,56.64,16.81,2.21,3.57,26524.0,60.37,0.0,0.0,654,664,0
428,Neuville-Saint-Rémy,LE PEN,733,35.72,1,40.62,1,2828,710,2118,2052,25.11,17.11,56.48,24.85,1.56,21.03,18193.0,57.16,11.03,42.0,3807,3861,1
428,Neuville-Saint-Rémy,MÉLENCHON,388,18.91,0,24.21,0,2828,710,2118,2052,25.11,17.11,56.48,24.85,1.56,21.03,18193.0,57.16,11.03,42.0,3807,3861,0
429,Neuville-sur-Escaut,LE PEN,625,42.9,1,45.58,1,1849,347,1502,1457,18.77,12.01,53.4,33.56,1.03,14.57,18006.0,51.75,17.03,46.0,2701,2714,1
429,Neuville-sur-Escaut,MÉLENCHON,400,27.45,0,15.67,0,1849,347,1502,1457,18.77,12.01,53.4,33.56,1.03,14.57,18006.0,51.75,17.03,46.0,2701,2714,0
430,Neuvilly,LE PEN,263,45.98,1,50.35,1,727,139,588,572,19.12,12.41,66.61,20.28,0.7,18.79,17284.0,52.46,4.44,5.0,1125,1132,1
430,Neuvilly,FILLON,102,17.83,0,15.14,0,727,139,588,572,19.12,12.41,66.61,20.28,0.7,18.79,17284.0,52.46,4.44,5.0,1125,1132,0
431,Nieppe,LE PEN,1351,28.18,1,29.98,1,6288,1389,4899,4794,22.09,20.0,53.25,25.2,1.54,12.52,21279.0,56.61,44.84,334.0,7449,7532,1
431,Nieppe,MACRON,959,20.0,0,29.73,0,6288,1389,4899,4794,22.09,20.0,53.25,25.2,1.54,12.52,21279.0,56.61,44.84,334.0,7449,7532,0
432,Niergnies,FILLON,108,29.27,1,31.59,1,433,58,375,369,13.39,20.87,59.89,17.62,1.63,3.7,23342.0,53.71,0.0,0.0,510,518,1
432,Niergnies,LE PEN,88,23.85,0,27.25,0,433,58,375,369,13.39,20.87,59.89,17.62,1.63,3.7,23342.0,53.71,0.0,0.0,510,518,0
433,Nieurlet,LE PEN,242,41.23,1,43.11,1,729,128,601,587,17.56,17.89,57.75,23.85,0.51,7.14,17470.0,52.64,0.0,0.0,951,964,1
433,Nieurlet,MACRON,105,17.89,0,18.96,0,729,128,601,587,17.56,17.89,57.75,23.85,0.51,7.14,17470.0,52.64,0.0,0.0,951,964,0
434,Nivelle,LE PEN,265,31.4,1,29.67,1,1024,158,866,844,15.43,18.72,58.89,21.33,1.07,9.34,23651.0,60.33,0.0,0.0,1301,1332,1
434,Nivelle,FILLON,172,20.38,0,25.09,0,1024,158,866,844,15.43,18.72,58.89,21.33,1.07,9.34,23651.0,60.33,0.0,0.0,1301,1332,0
435,Nomain,FILLON,482,28.02,1,36.53,1,2101,346,1755,1720,16.47,22.97,55.93,19.94,1.16,8.63,24834.0,58.89,13.22,33.0,2497,2531,1
435,Nomain,MACRON,395,22.97,0,21.26,0,2101,346,1755,1720,16.47,22.97,55.93,19.94,1.16,8.63,24834.0,58.89,13.22,33.0,2497,2531,0
436,Noordpeene,LE PEN,174,31.69,1,33.74,1,635,71,564,549,11.18,14.94,60.66,20.95,3.46,10.13,18380.0,51.91,0.0,0.0,789,800,1
436,Noordpeene,FILLON,109,19.85,0,24.44,0,635,71,564,549,11.18,14.94,60.66,20.95,3.46,10.13,18380.0,51.91,0.0,0.0,789,800,0
437,Noyelles-lès-Seclin,MACRON,154,25.97,1,38.05,1,686,86,600,593,12.54,25.97,48.9,23.78,1.35,5.88,25430.0,62.71,6.83,6.0,879,892,1
437,Noyelles-lès-Seclin,FILLON,141,23.78,0,18.38,0,686,86,600,593,12.54,25.97,48.9,23.78,1.35,5.88,25430.0,62.71,6.83,6.0,879,892,0
438,Noyelles-sur-Escaut,LE PEN,169,34.7,1,39.55,1,561,65,496,487,11.59,19.51,56.47,22.18,1.85,16.9,20748.0,48.95,0.0,0.0,784,796,1
438,Noyelles-sur-Escaut,MACRON,95,19.51,0,23.73,0,561,65,496,487,11.59,19.51,56.47,22.18,1.85,16.9,20748.0,48.95,0.0,0.0,784,796,0
439,Noyelles-sur-Sambre,LE PEN,59,31.55,1,34.46,1,230,39,191,187,16.96,21.39,57.22,20.32,1.07,3.23,20590.0,52.1,0.0,0.0,288,293,1
439,Noyelles-sur-Sambre,MACRON,40,21.39,0,27.12,0,230,39,191,187,16.96,21.39,57.22,20.32,1.07,3.23,20590.0,52.1,0.0,0.0,288,293,0
440,Noyelles-sur-Selle,LE PEN,195,41.49,1,46.55,1,552,74,478,470,13.41,14.47,59.79,24.47,1.28,7.69,20015.0,46.36,0.0,0.0,711,715,1
440,Noyelles-sur-Selle,MÉLENCHON,94,20.0,0,15.6,0,552,74,478,470,13.41,14.47,59.79,24.47,1.28,7.69,20015.0,46.36,0.0,0.0,711,715,0
441,Obies,LE PEN,120,28.24,1,32.74,1,520,89,431,425,17.12,21.41,57.41,19.76,1.41,12.73,22323.0,55.04,0.0,0.0,710,716,1
441,Obies,FILLON,96,22.59,0,30.96,0,520,89,431,425,17.12,21.41,57.41,19.76,1.41,12.73,22323.0,55.04,0.0,0.0,710,716,0
442,Obrechies,LE PEN,75,38.86,1,41.84,1,231,34,197,193,14.72,19.69,61.66,18.13,0.52,19.18,23234.0,51.28,0.0,0.0,268,276,1
442,Obrechies,MACRON,38,19.69,0,26.53,0,231,34,197,193,14.72,19.69,61.66,18.13,0.52,19.18,23234.0,51.28,0.0,0.0,268,276,0
443,Ochtezeele,LE PEN,65,26.32,1,33.01,1,285,29,256,247,10.18,23.08,56.28,17.0,3.64,6.45,22752.0,59.0,0.0,0.0,383,389,1
443,Ochtezeele,MACRON,57,23.08,0,28.16,0,285,29,256,247,10.18,23.08,56.28,17.0,3.64,6.45,22752.0,59.0,0.0,0.0,383,389,0
444,Odomez,LE PEN,201,40.44,1,36.4,1,639,131,508,497,20.5,15.69,58.15,23.74,2.41,13.16,19360.0,57.8,0.0,0.0,932,944,1
444,Odomez,MÉLENCHON,87,17.51,0,17.98,0,639,131,508,497,20.5,15.69,58.15,23.74,2.41,13.16,19360.0,57.8,0.0,0.0,932,944,0
445,Ohain,LE PEN,283,42.18,1,45.66,1,908,217,691,671,23.9,14.61,62.89,20.72,1.79,14.16,18479.0,54.91,10.8,13.0,1204,1229,1
445,Ohain,MÉLENCHON,111,16.54,0,19.29,0,908,217,691,671,23.9,14.61,62.89,20.72,1.79,14.16,18479.0,54.91,10.8,13.0,1204,1229,0
446,Oisy,LE PEN,89,25.28,1,34.32,1,432,68,364,352,15.74,21.31,53.41,24.43,0.85,5.18,24791.0,56.68,0.0,0.0,596,603,1
446,Oisy,FILLON,77,21.88,0,26.49,0,432,68,364,352,15.74,21.31,53.41,24.43,0.85,5.18,24791.0,56.68,0.0,0.0,596,603,0
447,Onnaing,LE PEN,1714,38.47,1,40.21,1,6225,1647,4578,4455,26.46,14.01,53.65,30.59,1.75,20.89,16910.0,50.75,51.13,449.0,8782,8842,1
447,Onnaing,MÉLENCHON,1086,24.38,0,18.9,0,6225,1647,4578,4455,26.46,14.01,53.65,30.59,1.75,20.89,16910.0,50.75,51.13,449.0,8782,8842,0
448,Oost-Cappel,LE PEN,101,37.69,1,41.47,1,348,71,277,268,20.4,19.03,65.3,13.81,1.87,5.22,18992.0,47.38,0.0,0.0,471,474,1
448,Oost-Cappel,FILLON,53,19.78,0,22.87,0,348,71,277,268,20.4,19.03,65.3,13.81,1.87,5.22,18992.0,47.38,0.0,0.0,471,474,0
449,Orchies,LE PEN,1505,29.34,1,32.63,1,6641,1362,5279,5129,20.51,21.08,49.19,28.43,1.31,15.48,20510.0,58.76,53.51,462.0,8634,8797,1
449,Orchies,MACRON,1081,21.08,0,25.85,0,6641,1362,5279,5129,20.51,21.08,49.19,28.43,1.31,15.48,20510.0,58.76,53.51,462.0,8634,8797,0
450,Ors,LE PEN,161,40.45,1,36.76,1,501,93,408,398,18.56,13.57,61.06,23.12,2.26,18.87,19634.0,48.6,0.0,0.0,651,658,1
450,Ors,MÉLENCHON,75,18.84,0,18.51,0,501,93,408,398,18.56,13.57,61.06,23.12,2.26,18.87,19634.0,48.6,0.0,0.0,651,658,0
451,Orsinval,LE PEN,103,27.76,1,29.14,1,426,52,374,371,12.21,21.56,58.76,16.98,2.7,8.62,24737.0,56.1,0.0,0.0,545,548,1
451,Orsinval,FILLON,93,25.07,0,27.54,0,426,52,374,371,12.21,21.56,58.76,16.98,2.7,8.62,24737.0,56.1,0.0,0.0,545,548,0
452,Ostricourt,LE PEN,869,31.61,1,33.59,1,3940,1120,2820,2749,28.43,15.28,48.42,34.19,2.11,21.33,17126.0,55.22,55.63,299.0,5375,5403,1
452,Ostricourt,MÉLENCHON,710,25.83,0,31.27,0,3940,1120,2820,2749,28.43,15.28,48.42,34.19,2.11,21.33,17126.0,55.22,55.63,299.0,5375,5403,0
453,Oudezeele,LE PEN,128,30.84,1,33.09,1,507,81,426,415,15.98,18.31,56.87,22.65,2.17,8.32,20660.0,56.58,0.0,0.0,685,694,1
453,Oudezeele,MACRON,76,18.31,0,27.34,0,507,81,426,415,15.98,18.31,56.87,22.65,2.17,8.32,20660.0,56.58,0.0,0.0,685,694,0
454,Oxelaëre,FILLON,121,34.97,1,33.87,1,385,32,353,346,8.31,16.47,63.29,16.47,3.76,9.26,20798.0,56.77,0.0,0.0,528,532,1
454,Oxelaëre,LE PEN,84,24.28,0,25.24,0,385,32,353,346,8.31,16.47,63.29,16.47,3.76,9.26,20798.0,56.77,0.0,0.0,528,532,0
455,Paillencourt,LE PEN,229,36.29,1,39.47,1,757,116,641,631,15.32,15.85,58.8,24.09,1.27,13.25,20767.0,51.49,0.0,0.0,992,999,1
455,Paillencourt,MÉLENCHON,118,18.7,0,24.54,0,757,116,641,631,15.32,15.85,58.8,24.09,1.27,13.25,20767.0,51.49,0.0,0.0,992,999,0
456,Pecquencourt,LE PEN,1237,40.76,1,46.09,1,4360,1250,3110,3035,28.67,14.23,52.69,31.47,1.61,25.29,16734.0,52.14,42.86,256.0,5973,6229,1
456,Pecquencourt,MÉLENCHON,764,25.17,0,21.13,0,4360,1250,3110,3035,28.67,14.23,52.69,31.47,1.61,25.29,16734.0,52.14,42.86,256.0,5973,6229,0
457,Pérenchies,LE PEN,1297,27.53,1,29.54,1,6163,1318,4845,4711,21.39,20.29,50.84,27.26,1.61,11.43,21236.0,60.97,34.78,291.0,8366,8409,1
457,Pérenchies,MACRON,956,20.29,0,28.12,0,6163,1318,4845,4711,21.39,20.29,50.84,27.26,1.61,11.43,21236.0,60.97,34.78,291.0,8366,8409,0
458,Péronne-en-Mélantois,FILLON,178,30.17,1,36.28,1,645,45,600,590,6.98,22.2,55.76,20.17,1.86,5.31,28066.0,64.62,9.97,9.0,903,916,1
458,Péronne-en-Mélantois,MACRON,131,22.2,0,20.66,0,645,45,600,590,6.98,22.2,55.76,20.17,1.86,5.31,28066.0,64.62,9.97,9.0,903,916,0
459,Petite-Forêt,LE PEN,1215,40.98,1,40.6,1,3823,803,3020,2965,21.0,15.99,54.57,28.23,1.21,16.99,19119.0,52.73,70.9,347.0,4894,4929,1
459,Petite-Forêt,MÉLENCHON,670,22.6,0,18.7,0,3823,803,3020,2965,21.0,15.99,54.57,28.23,1.21,16.99,19119.0,52.73,70.9,347.0,4894,4929,0
461,Petit-Fayt,LE PEN,76,38.78,1,42.27,1,231,33,198,196,14.29,14.8,70.41,13.78,1.02,23.33,20578.0,51.57,0.0,0.0,305,307,1
461,Petit-Fayt,FILLON,46,23.47,0,19.07,0,231,33,198,196,14.29,14.8,70.41,13.78,1.02,23.33,20578.0,51.57,0.0,0.0,305,307,0
462,Phalempin,MACRON,764,24.82,1,36.05,1,3715,565,3150,3078,15.21,24.82,51.04,22.84,1.3,9.96,24339.0,62.14,45.2,215.0,4757,4798,1
462,Phalempin,FILLON,753,24.46,0,21.68,0,3715,565,3150,3078,15.21,24.82,51.04,22.84,1.3,9.96,24339.0,62.14,45.2,215.0,4757,4798,0
463,Pitgam,LE PEN,229,36.94,1,39.66,1,727,92,635,620,12.65,13.71,66.45,17.1,2.74,13.0,21158.0,53.08,0.0,0.0,958,971,1
463,Pitgam,FILLON,153,24.68,0,28.81,0,727,92,635,620,12.65,13.71,66.45,17.1,2.74,13.0,21158.0,53.08,0.0,0.0,958,971,0
464,Poix-du-Nord,LE PEN,518,44.85,1,50.44,1,1556,372,1184,1155,23.91,13.16,62.51,22.77,1.56,21.35,16413.0,56.26,7.28,16.0,2199,2215,1
464,Poix-du-Nord,MÉLENCHON,174,15.06,0,18.92,0,1556,372,1184,1155,23.91,13.16,62.51,22.77,1.56,21.35,16413.0,56.26,7.28,16.0,2199,2215,0
465,Pommereuil,LE PEN,197,47.24,1,51.73,1,517,81,436,417,15.67,10.07,69.78,19.42,0.72,15.29,18253.0,53.57,0.0,0.0,774,778,1
465,Pommereuil,FILLON,70,16.79,0,19.06,0,517,81,436,417,15.67,10.07,69.78,19.42,0.72,15.29,18253.0,53.57,0.0,0.0,774,778,0
466,Pont-à-Marcq,MACRON,432,25.41,1,34.78,1,2055,319,1736,1700,15.52,25.41,49.29,23.88,1.41,7.53,23731.0,63.21,22.45,65.0,2895,2991,1
466,Pont-à-Marcq,LE PEN,421,24.76,0,25.41,0,2055,319,1736,1700,15.52,25.41,49.29,23.88,1.41,7.53,23731.0,63.21,22.45,65.0,2895,2991,0
467,Pont-sur-Sambre,LE PEN,459,33.87,1,39.31,1,1813,411,1402,1355,22.67,17.93,54.61,25.24,2.21,18.5,18242.0,50.59,15.34,39.0,2542,2566,1
467,Pont-sur-Sambre,MÉLENCHON,262,19.34,0,23.16,0,1813,411,1402,1355,22.67,17.93,54.61,25.24,2.21,18.5,18242.0,50.59,15.34,39.0,2542,2566,0
468,Potelle,FILLON,73,28.4,1,29.12,1,325,60,265,257,18.46,17.51,57.98,22.96,1.56,3.23,24521.0,55.48,0.0,0.0,379,383,1
468,Potelle,LE PEN,64,24.9,0,24.91,0,325,60,265,257,18.46,17.51,57.98,22.96,1.56,3.23,24521.0,55.48,0.0,0.0,379,383,0
469,Pradelles,LE PEN,87,37.18,1,33.72,1,282,36,246,234,12.77,21.79,64.1,11.11,2.99,2.56,23502.0,57.81,0.0,0.0,385,388,1
469,Pradelles,MACRON,51,21.79,0,33.33,0,282,36,246,234,12.77,21.79,64.1,11.11,2.99,2.56,23502.0,57.81,0.0,0.0,385,388,0
470,Prémesques,FILLON,377,27.32,1,37.23,1,1616,212,1404,1380,13.12,23.84,55.94,18.99,1.23,7.35,25162.0,63.67,25.72,55.0,2138,2160,1
470,Prémesques,MACRON,329,23.84,0,21.45,0,1616,212,1404,1380,13.12,23.84,55.94,18.99,1.23,7.35,25162.0,63.67,25.72,55.0,2138,2160,0
471,Préseau,LE PEN,312,25.83,1,29.86,1,1524,290,1234,1208,19.03,23.43,51.49,23.26,1.82,10.31,22941.0,56.97,10.42,20.0,1920,1944,1
471,Préseau,MACRON,283,23.43,0,28.4,0,1524,290,1234,1208,19.03,23.43,51.49,23.26,1.82,10.31,22941.0,56.97,10.42,20.0,1920,1944,0
472,Preux-au-Bois,LE PEN,157,31.21,1,36.65,1,647,135,512,503,20.87,20.08,49.5,27.83,2.58,13.69,18284.0,56.94,0.0,0.0,845,856,1
472,Preux-au-Bois,MÉLENCHON,106,21.07,0,21.95,0,647,135,512,503,20.87,20.08,49.5,27.83,2.58,13.69,18284.0,56.94,0.0,0.0,845,856,0
473,Preux-au-Sart,LE PEN,50,29.59,1,30.86,1,212,41,171,169,19.34,16.57,61.54,20.12,1.78,11.43,22127.0,60.19,0.0,0.0,309,316,1
473,Preux-au-Sart,FILLON,44,26.04,0,29.14,0,212,41,171,169,19.34,16.57,61.54,20.12,1.78,11.43,22127.0,60.19,0.0,0.0,309,316,0
474,Prisches,LE PEN,210,33.98,1,37.18,1,826,192,634,618,23.24,15.53,62.3,20.23,1.94,3.94,17410.0,58.53,0.0,0.0,1081,1110,1
474,Prisches,FILLON,129,20.87,0,21.39,0,826,192,634,618,23.24,15.53,62.3,20.23,1.94,3.94,17410.0,58.53,0.0,0.0,1081,1110,0
475,Prouvy,LE PEN,526,39.05,1,38.65,1,1736,336,1400,1347,19.35,15.44,53.45,29.77,1.34,16.27,19512.0,52.65,43.67,100.0,2290,2329,1
475,Prouvy,MÉLENCHON,329,24.42,0,19.01,0,1736,336,1400,1347,19.35,15.44,53.45,29.77,1.34,16.27,19512.0,52.65,43.67,100.0,2290,2329,0
476,Proville,LE PEN,621,28.68,1,32.93,1,2774,560,2214,2165,20.19,21.39,57.78,19.45,1.39,19.18,21303.0,53.87,23.38,74.0,3165,3236,1
476,Proville,FILLON,493,22.77,0,29.62,0,2774,560,2214,2165,20.19,21.39,57.78,19.45,1.39,19.18,21303.0,53.87,23.38,74.0,3165,3236,0
477,Provin,LE PEN,913,35.93,1,39.35,1,3179,555,2624,2541,17.46,18.69,53.92,25.97,1.42,11.33,20488.0,55.46,16.74,71.0,4242,4270,1
477,Provin,MACRON,475,18.69,0,23.44,0,3179,555,2624,2541,17.46,18.69,53.92,25.97,1.42,11.33,20488.0,55.46,16.74,71.0,4242,4270,0
478,Quaëdypre,LE PEN,260,33.9,1,32.47,1,944,163,781,767,17.27,16.43,68.84,13.95,0.78,7.91,22526.0,51.73,10.2,11.0,1078,1114,1
478,Quaëdypre,FILLON,213,27.77,0,30.04,0,944,163,781,767,17.27,16.43,68.84,13.95,0.78,7.91,22526.0,51.73,10.2,11.0,1078,1114,0
479,Quarouble,LE PEN,690,37.97,1,41.01,1,2521,674,1847,1817,26.74,15.69,58.5,23.78,2.04,14.69,19762.0,49.49,21.23,64.0,3015,3043,1
479,Quarouble,MÉLENCHON,328,18.05,0,19.88,0,2521,674,1847,1817,26.74,15.69,58.5,23.78,2.04,14.69,19762.0,49.49,21.23,64.0,3015,3043,0
480,Quérénaing,LE PEN,165,28.06,1,29.47,1,708,105,603,588,14.83,21.6,55.1,21.26,2.04,12.79,23759.0,56.33,0.0,0.0,905,925,1
480,Quérénaing,MACRON,127,21.6,0,28.71,0,708,105,603,588,14.83,21.6,55.1,21.26,2.04,12.79,23759.0,56.33,0.0,0.0,905,925,0
481,Le Quesnoy,LE PEN,829,31.95,1,35.71,1,3580,911,2669,2595,25.45,17.23,53.1,28.17,1.5,19.42,17500.0,62.78,56.44,283.0,5014,5157,1
481,Le Quesnoy,MÉLENCHON,480,18.5,0,23.12,0,3580,911,2669,2595,25.45,17.23,53.1,28.17,1.5,19.42,17500.0,62.78,56.44,283.0,5014,5157,0
482,Quesnoy-sur-Deûle,FILLON,1002,24.57,1,35.65,1,5240,1072,4168,4078,20.46,23.69,52.8,21.97,1.54,9.12,23323.0,61.77,28.91,196.0,6780,6838,1
482,Quesnoy-sur-Deûle,MACRON,966,23.69,0,24.84,0,5240,1072,4168,4078,20.46,23.69,52.8,21.97,1.54,9.12,23323.0,61.77,28.91,196.0,6780,6838,0
483,Quiévelon,LE PEN,34,33.01,1,34.57,1,124,20,104,103,16.13,13.59,63.11,20.39,2.91,47.37,21329.0,50.94,0.0,0.0,129,130,1
483,Quiévelon,FILLON,30,29.13,0,30.86,0,124,20,104,103,16.13,13.59,63.11,20.39,2.91,47.37,21329.0,50.94,0.0,0.0,129,130,0
484,Quiévrechain,LE PEN,969,37.15,1,38.32,1,3845,1168,2677,2608,30.38,13.04,50.42,34.55,1.99,31.17,14945.0,52.36,56.62,360.0,6358,6386,1
484,Quiévrechain,MÉLENCHON,745,28.57,0,29.45,0,3845,1168,2677,2608,30.38,13.04,50.42,34.55,1.99,31.17,14945.0,52.36,56.62,360.0,6358,6386,0
485,Quiévy,LE PEN,431,43.54,1,49.6,1,1353,323,1030,990,23.87,15.56,61.11,22.02,1.31,22.88,18615.0,54.71,4.53,8.0,1765,1785,1
485,Quiévy,MÉLENCHON,162,16.36,0,19.8,0,1353,323,1030,990,23.87,15.56,61.11,22.02,1.31,22.88,18615.0,54.71,4.53,8.0,1765,1785,0
486,Râches,LE PEN,557,35.21,1,38.22,1,1958,347,1611,1582,17.72,17.32,54.68,26.86,1.14,13.86,19793.0,54.32,18.26,50.0,2738,2769,1
486,Râches,MÉLENCHON,314,19.85,0,26.72,0,1958,347,1611,1582,17.72,17.32,54.68,26.86,1.14,13.86,19793.0,54.32,18.26,50.0,2738,2769,0
487,Radinghem-en-Weppes,FILLON,360,35.02,1,43.72,1,1174,126,1048,1028,10.73,27.53,57.39,14.2,0.88,7.05,28835.0,64.15,10.99,15.0,1365,1386,1
487,Radinghem-en-Weppes,MACRON,283,27.53,0,16.88,0,1174,126,1048,1028,10.73,27.53,57.39,14.2,0.88,7.05,28835.0,64.15,10.99,15.0,1365,1386,0
488,Raillencourt-Sainte-Olle,LE PEN,470,32.75,1,37.43,1,1741,274,1467,1435,15.74,20.91,57.77,20.28,1.05,20.82,20519.0,55.51,15.43,35.0,2268,2300,1
488,Raillencourt-Sainte-Olle,MACRON,300,20.91,0,30.23,0,1741,274,1467,1435,15.74,20.91,57.77,20.28,1.05,20.82,20519.0,55.51,15.43,35.0,2268,2300,0
489,Raimbeaucourt,LE PEN,838,33.27,1,35.65,1,3140,565,2575,2519,17.99,18.58,54.59,25.33,1.51,12.34,21494.0,55.14,21.7,88.0,4055,4114,1
489,Raimbeaucourt,MACRON,468,18.58,0,24.23,0,3140,565,2575,2519,17.99,18.58,54.59,25.33,1.51,12.34,21494.0,55.14,21.7,88.0,4055,4114,0
490,Rainsars,LE PEN,54,38.57,1,45.04,1,164,23,141,140,14.02,14.29,71.43,14.29,0.0,13.33,20875.0,44.76,0.0,0.0,184,186,1
490,Rainsars,FILLON,33,23.57,0,18.32,0,164,23,141,140,14.02,14.29,71.43,14.29,0.0,13.33,20875.0,44.76,0.0,0.0,184,186,0
491,Raismes,LE PEN,2590,39.53,1,39.69,1,9627,2896,6731,6552,30.08,13.87,51.92,32.94,1.27,27.79,15916.0,54.16,54.9,694.0,12642,12747,1
491,Raismes,MÉLENCHON,1738,26.53,0,18.62,0,9627,2896,6731,6552,30.08,13.87,51.92,32.94,1.27,27.79,15916.0,54.16,54.9,694.0,12642,12747,0
492,Ramillies,LE PEN,147,38.79,1,44.29,1,445,58,387,379,13.03,17.94,58.05,22.69,1.32,19.64,19593.0,47.51,0.0,0.0,597,604,1
492,Ramillies,MACRON,68,17.94,0,20.06,0,445,58,387,379,13.03,17.94,58.05,22.69,1.32,19.64,19593.0,47.51,0.0,0.0,597,604,0
493,Ramousies,LE PEN,43,30.71,1,45.67,1,184,42,142,140,22.83,21.43,59.29,17.14,2.14,11.11,18066.0,43.93,0.0,0.0,229,231,1
493,Ramousies,MACRON,30,21.43,0,25.2,0,184,42,142,140,22.83,21.43,59.29,17.14,2.14,11.11,18066.0,43.93,0.0,0.0,229,231,0
494,Raucourt-au-Bois,LE PEN,37,40.66,1,36.14,1,121,29,92,91,23.97,13.19,59.34,26.37,1.1,17.65,20920.0,50.77,0.0,0.0,173,174,1
494,Raucourt-au-Bois,MÉLENCHON,18,19.78,0,24.1,0,121,29,92,91,23.97,13.19,59.34,26.37,1.1,17.65,20920.0,50.77,0.0,0.0,173,174,0
495,Recquignies,LE PEN,499,43.96,1,48.03,1,1710,554,1156,1135,32.4,13.3,57.18,27.58,1.94,29.25,16768.0,52.45,9.16,22.0,2401,2426,1
495,Recquignies,MÉLENCHON,253,22.29,0,17.29,0,1710,554,1156,1135,32.4,13.3,57.18,27.58,1.94,29.25,16768.0,52.45,9.16,22.0,2401,2426,0
496,Rejet-de-Beaulieu,LE PEN,85,54.84,1,54.74,1,185,24,161,155,12.97,8.39,76.77,13.55,1.29,9.09,18068.0,57.15,0.0,0.0,270,272,1
496,Rejet-de-Beaulieu,FILLON,32,20.65,0,18.25,0,185,24,161,155,12.97,8.39,76.77,13.55,1.29,9.09,18068.0,57.15,0.0,0.0,270,272,0
497,Renescure,LE PEN,416,30.54,1,37.63,1,1745,356,1389,1362,20.4,21.15,54.99,22.1,1.76,7.79,20960.0,57.98,4.31,9.0,2089,2128,1
497,Renescure,MACRON,288,21.15,0,32.25,0,1745,356,1389,1362,20.4,21.15,54.99,22.1,1.76,7.79,20960.0,57.98,4.31,9.0,2089,2128,0
498,Reumont,LE PEN,70,33.82,1,37.07,1,251,40,211,207,15.94,19.32,60.39,19.32,0.97,21.29,18083.0,52.22,0.0,0.0,368,377,1
498,Reumont,FILLON,45,21.74,0,23.9,0,251,40,211,207,15.94,19.32,60.39,19.32,0.97,21.29,18083.0,52.22,0.0,0.0,368,377,0
499,Rexpoëde,LE PEN,389,33.08,1,36.28,1,1459,254,1205,1176,17.41,16.92,58.08,23.13,1.87,8.52,20286.0,53.39,3.45,7.0,2027,2062,1
499,Rexpoëde,FILLON,226,19.22,0,26.27,0,1459,254,1205,1176,17.41,16.92,58.08,23.13,1.87,8.52,20286.0,53.39,3.45,7.0,2027,2062,0
500,Ribécourt-la-Tour,LE PEN,109,41.76,1,39.22,1,312,45,267,261,14.42,12.26,69.35,17.24,1.15,17.14,19832.0,56.84,0.0,0.0,375,380,1
500,Ribécourt-la-Tour,FILLON,56,21.46,0,27.16,0,312,45,267,261,14.42,12.26,69.35,17.24,1.15,17.14,19832.0,56.84,0.0,0.0,375,380,0
501,Rieulay,LE PEN,269,32.37,1,33.16,1,1070,219,851,831,20.47,19.98,49.7,28.76,1.56,10.79,20079.0,58.47,17.65,24.0,1360,1384,1
501,Rieulay,MÉLENCHON,192,23.1,0,24.9,0,1070,219,851,831,20.47,19.98,49.7,28.76,1.56,10.79,20079.0,58.47,17.65,24.0,1360,1384,0
502,Rieux-en-Cambrésis,LE PEN,297,35.48,1,39.53,1,1035,170,865,837,16.43,15.05,54.48,28.55,1.91,19.49,18125.0,51.04,4.79,7.0,1460,1469,1
502,Rieux-en-Cambrésis,MÉLENCHON,197,23.54,0,17.46,0,1035,170,865,837,16.43,15.05,54.48,28.55,1.91,19.49,18125.0,51.04,4.79,7.0,1460,1469,0
503,Robersart,LE PEN,46,37.4,1,37.82,1,136,10,126,123,7.35,18.7,64.23,17.07,0.0,12.73,21087.0,57.04,0.0,0.0,177,184,1
503,Robersart,MACRON,23,18.7,0,19.33,0,136,10,126,123,7.35,18.7,64.23,17.07,0.0,12.73,21087.0,57.04,0.0,0.0,177,184,0
504,Roeulx,LE PEN,883,43.14,1,46.27,1,2592,497,2095,2047,19.17,11.82,54.42,32.78,0.98,21.24,17073.0,50.36,27.42,105.0,3830,3851,1
504,Roeulx,MÉLENCHON,560,27.36,0,15.37,0,2592,497,2095,2047,19.17,11.82,54.42,32.78,0.98,21.24,17073.0,50.36,27.42,105.0,3830,3851,0
505,Rombies-et-Marchipont,LE PEN,149,31.63,1,39.22,1,569,79,490,471,13.88,19.75,59.24,19.11,1.91,9.46,24178.0,59.4,0.0,0.0,760,764,1
505,Rombies-et-Marchipont,FILLON,94,19.96,0,24.08,0,569,79,490,471,13.88,19.75,59.24,19.11,1.91,9.46,24178.0,59.4,0.0,0.0,760,764,0
506,Romeries,LE PEN,78,27.46,1,34.16,1,339,48,291,284,14.16,22.18,57.39,19.72,0.7,13.12,21014.0,60.24,0.0,0.0,440,444,1
506,Romeries,FILLON,73,25.7,0,29.18,0,339,48,291,284,14.16,22.18,57.39,19.72,0.7,13.12,21014.0,60.24,0.0,0.0,440,444,0
507,Ronchin,MÉLENCHON,2418,25.4,1,31.48,1,12536,2785,9751,9518,22.22,23.02,39.61,35.74,1.63,16.12,20178.0,63.72,51.85,989.0,19074,19206,1
507,Ronchin,MACRON,2191,23.02,0,27.13,0,12536,2785,9751,9518,22.22,23.02,39.61,35.74,1.63,16.12,20178.0,63.72,51.85,989.0,19074,19206,0
508,Roncq,FILLON,2265,27.22,1,35.92,1,10890,2381,8509,8320,21.86,21.94,56.23,20.18,1.66,11.03,22928.0,59.92,55.21,744.0,13475,13580,1
508,Roncq,LE PEN,1943,23.35,0,23.27,0,10890,2381,8509,8320,21.86,21.94,56.23,20.18,1.66,11.03,22928.0,59.92,55.21,744.0,13475,13580,0
509,Roost-Warendin,LE PEN,1390,39.59,1,41.82,1,4676,1062,3614,3511,22.71,15.15,54.37,28.97,1.51,17.71,18962.0,53.66,23.58,146.0,6191,6247,1
509,Roost-Warendin,MÉLENCHON,813,23.16,0,19.93,0,4676,1062,3614,3511,22.71,15.15,54.37,28.97,1.51,17.71,18962.0,53.66,23.58,146.0,6191,6247,0
511,Rosult,LE PEN,323,25.59,1,30.97,1,1489,201,1288,1262,13.5,23.53,51.66,23.69,1.11,5.21,24600.0,59.28,7.34,14.0,1908,1936,1
511,Rosult,MACRON,297,23.53,0,23.8,0,1489,201,1288,1262,13.5,23.53,51.66,23.69,1.11,5.21,24600.0,59.28,7.34,14.0,1908,1936,0
512,Roubaix,MÉLENCHON,10131,35.85,1,51.29,1,46335,17328,29007,28259,37.4,20.72,31.37,45.43,2.48,31.79,13298.0,64.97,83.4,8041.0,96412,96953,1
512,Roubaix,MACRON,5855,20.72,0,20.29,0,46335,17328,29007,28259,37.4,20.72,31.37,45.43,2.48,31.79,13298.0,64.97,83.4,8041.0,96412,96953,0
513,Roucourt,LE PEN,90,30.51,1,28.9,1,345,45,300,295,13.04,18.31,53.9,26.1,1.69,8.7,23749.0,50.9,0.0,0.0,450,457,1
513,Roucourt,FILLON,61,20.68,0,24.25,0,345,45,300,295,13.04,18.31,53.9,26.1,1.69,8.7,23749.0,50.9,0.0,0.0,450,457,0
514,Rousies,LE PEN,837,37.42,1,39.91,1,2836,543,2293,2237,19.15,15.2,58.29,24.59,1.92,19.56,19213.0,53.31,27.4,110.0,4015,4076,1
514,Rousies,MÉLENCHON,389,17.39,0,20.65,0,2836,543,2293,2237,19.15,15.2,58.29,24.59,1.92,19.56,19213.0,53.31,27.4,110.0,4015,4076,0
515,Rouvignies,LE PEN,163,41.58,1,41.71,1,491,93,398,392,18.94,17.35,55.1,26.53,1.02,19.68,19280.0,48.15,27.27,18.0,660,666,1
515,Rouvignies,MÉLENCHON,82,20.92,0,19.52,0,491,93,398,392,18.94,17.35,55.1,26.53,1.02,19.68,19280.0,48.15,27.27,18.0,660,666,0
516,Rubrouck,FILLON,164,28.08,1,31.88,1,683,82,601,584,12.01,14.21,60.96,22.26,2.57,9.18,20951.0,52.11,0.0,0.0,944,965,1
516,Rubrouck,LE PEN,149,25.51,0,28.75,0,683,82,601,584,12.01,14.21,60.96,22.26,2.57,9.18,20951.0,52.11,0.0,0.0,944,965,0
517,Les Rues-des-Vignes,LE PEN,172,34.13,1,34.79,1,640,124,516,504,19.38,15.48,62.9,20.44,1.19,8.94,21333.0,51.65,0.0,0.0,794,811,1
517,Les Rues-des-Vignes,FILLON,93,18.45,0,25.79,0,640,124,516,504,19.38,15.48,62.9,20.44,1.19,8.94,21333.0,51.65,0.0,0.0,794,811,0
518,Ruesnes,LE PEN,88,30.56,1,32.18,1,350,59,291,288,16.86,19.44,57.64,20.83,2.08,6.52,22156.0,53.89,0.0,0.0,439,445,1
518,Ruesnes,FILLON,60,20.83,0,29.12,0,350,59,291,288,16.86,19.44,57.64,20.83,2.08,6.52,22156.0,53.89,0.0,0.0,439,445,0
519,Rumegies,LE PEN,301,29.42,1,31.65,1,1315,259,1056,1023,19.7,18.77,58.46,21.51,1.27,10.81,22786.0,54.54,6.81,12.0,1763,1779,1
519,Rumegies,FILLON,220,21.51,0,28.98,0,1315,259,1056,1023,19.7,18.77,58.46,21.51,1.27,10.81,22786.0,54.54,6.81,12.0,1763,1779,0
520,Rumilly-en-Cambrésis,LE PEN,250,27.93,1,35.56,1,1144,220,924,895,19.23,20.34,50.61,27.6,1.45,15.77,19991.0,50.15,4.1,6.0,1462,1486,1
520,Rumilly-en-Cambrésis,MACRON,182,20.34,0,24.77,0,1144,220,924,895,19.23,20.34,50.61,27.6,1.45,15.77,19991.0,50.15,4.1,6.0,1462,1486,0
521,Sailly-lez-Cambrai,LE PEN,85,32.69,1,32.6,1,325,59,266,260,18.15,16.15,61.92,21.54,0.38,13.96,20542.0,57.03,0.0,0.0,468,477,1
521,Sailly-lez-Cambrai,FILLON,53,20.38,0,28.19,0,325,59,266,260,18.15,16.15,61.92,21.54,0.38,13.96,20542.0,57.03,0.0,0.0,468,477,0
522,Sailly-lez-Lannoy,FILLON,475,38.46,1,46.52,1,1488,234,1254,1235,15.73,27.04,55.71,15.87,1.38,5.38,27867.0,67.42,19.74,35.0,1773,1807,1
522,Sailly-lez-Lannoy,MACRON,334,27.04,0,14.93,0,1488,234,1254,1235,15.73,27.04,55.71,15.87,1.38,5.38,27867.0,67.42,19.74,35.0,1773,1807,0
523,Sainghin-en-Mélantois,FILLON,614,32.5,1,41.18,1,2187,262,1925,1889,11.98,26.84,52.46,19.48,1.22,8.79,28058.0,71.0,39.82,107.0,2687,2712,1
523,Sainghin-en-Mélantois,MACRON,507,26.84,0,16.56,0,2187,262,1925,1889,11.98,26.84,52.46,19.48,1.22,8.79,28058.0,71.0,39.82,107.0,2687,2712,0
524,Sainghin-en-Weppes,LE PEN,929,26.52,1,31.18,1,4343,749,3594,3503,17.25,22.5,48.96,27.41,1.14,9.5,22481.0,59.29,26.06,147.0,5640,5700,1
524,Sainghin-en-Weppes,MACRON,788,22.5,0,29.04,0,4343,749,3594,3503,17.25,22.5,48.96,27.41,1.14,9.5,22481.0,59.29,26.06,147.0,5640,5700,0
525,Sains-du-Nord,LE PEN,619,41.57,1,44.77,1,1952,416,1536,1489,21.31,14.37,58.9,24.78,1.95,21.56,17258.0,56.12,20.42,60.0,2939,2976,1
525,Sains-du-Nord,MÉLENCHON,251,16.86,0,20.27,0,1952,416,1536,1489,21.31,14.37,58.9,24.78,1.95,21.56,17258.0,56.12,20.42,60.0,2939,2976,0
526,Saint-Amand-les-Eaux,LE PEN,2816,31.2,1,28.24,1,12724,3456,9268,9027,27.16,17.91,50.11,30.33,1.65,17.54,18617.0,58.0,55.06,889.0,16147,16323,1
526,Saint-Amand-les-Eaux,MÉLENCHON,2103,23.3,0,20.71,0,12724,3456,9268,9027,27.16,17.91,50.11,30.33,1.65,17.54,18617.0,58.0,55.06,889.0,16147,16323,0
527,Saint-André-lez-Lille,MACRON,1782,27.95,1,35.16,1,8194,1684,6510,6375,20.55,27.95,41.69,28.52,1.84,11.22,21954.0,65.17,38.64,475.0,12293,12429,1
527,Saint-André-lez-Lille,MÉLENCHON,1237,19.4,0,22.45,0,8194,1684,6510,6375,20.55,27.95,41.69,28.52,1.84,11.22,21954.0,65.17,38.64,475.0,12293,12429,0
528,Saint-Aubert,LE PEN,372,40.88,1,47.04,1,1164,238,926,910,20.45,13.19,59.89,25.71,1.21,9.93,18971.0,51.6,8.29,13.0,1569,1591,1
528,Saint-Aubert,MÉLENCHON,177,19.45,0,19.51,0,1164,238,926,910,20.45,13.19,59.89,25.71,1.21,9.93,18971.0,51.6,8.29,13.0,1569,1591,0
529,Saint-Aubin,LE PEN,81,32.66,1,32.98,1,289,36,253,248,12.46,14.11,62.9,20.16,2.82,5.88,22054.0,53.31,0.0,0.0,367,375,1
529,Saint-Aubin,FILLON,63,25.4,0,24.47,0,289,36,253,248,12.46,14.11,62.9,20.16,2.82,5.88,22054.0,53.31,0.0,0.0,367,375,0
530,Saint-Aybert,LE PEN,80,34.78,1,39.78,1,287,53,234,230,18.47,14.78,59.57,22.61,3.04,18.94,20884.0,49.02,18.77,7.0,373,378,1
530,Saint-Aybert,FILLON,44,19.13,0,20.43,0,287,53,234,230,18.47,14.78,59.57,22.61,3.04,18.94,20884.0,49.02,18.77,7.0,373,378,0
531,Saint-Benin,LE PEN,108,49.09,1,37.02,1,262,38,224,220,14.5,11.36,60.91,23.18,4.55,13.79,18102.0,47.15,0.0,0.0,338,341,1
531,Saint-Benin,MÉLENCHON,42,19.09,0,20.99,0,262,38,224,220,14.5,11.36,60.91,23.18,4.55,13.79,18102.0,47.15,0.0,0.0,338,341,0
532,Saint-Georges-sur-l'Aa,LE PEN,68,37.16,1,34.72,1,226,36,190,183,15.93,13.66,64.48,17.49,4.37,11.11,20825.0,51.47,0.0,0.0,309,317,1
532,Saint-Georges-sur-l'Aa,FILLON,32,17.49,0,25.39,0,226,36,190,183,15.93,13.66,64.48,17.49,4.37,11.11,20825.0,51.47,0.0,0.0,309,317,0
533,Saint-Hilaire-lez-Cambrai,LE PEN,352,36.86,1,46.47,1,1167,196,971,955,16.8,15.08,56.86,26.6,1.47,15.83,19010.0,54.84,12.27,20.0,1630,1644,1
533,Saint-Hilaire-lez-Cambrai,MÉLENCHON,209,21.88,0,18.79,0,1167,196,971,955,16.8,15.08,56.86,26.6,1.47,15.83,19010.0,54.84,12.27,20.0,1630,1644,0
534,Saint-Hilaire-sur-Helpe,LE PEN,176,34.11,1,33.57,1,629,103,526,516,16.38,16.86,55.62,25.58,1.94,13.33,19674.0,51.61,0.0,0.0,809,841,1
534,Saint-Hilaire-sur-Helpe,MÉLENCHON,95,18.41,0,23.57,0,629,103,526,516,16.38,16.86,55.62,25.58,1.94,13.33,19674.0,51.61,0.0,0.0,809,841,0
535,Saint-Jans-Cappel,LE PEN,288,24.41,1,36.6,1,1394,172,1222,1180,12.34,24.41,52.71,20.76,2.12,13.64,23661.0,59.34,5.78,10.0,1730,1780,1
535,Saint-Jans-Cappel,MACRON,288,24.41,0,24.71,0,1394,172,1222,1180,12.34,24.41,52.71,20.76,2.12,13.64,23661.0,59.34,5.78,10.0,1730,1780,0
536,Sainte-Marie-Cappel,MACRON,159,25.98,1,33.96,1,689,65,624,612,9.43,25.98,51.8,20.42,1.8,10.34,23226.0,57.17,0.0,0.0,878,899,1
536,Sainte-Marie-Cappel,LE PEN,147,24.02,0,22.7,0,689,65,624,612,9.43,25.98,51.8,20.42,1.8,10.34,23226.0,57.17,0.0,0.0,878,899,0
537,Saint-Martin-sur-Ecaillon,LE PEN,95,28.36,1,26.81,1,411,70,341,335,17.03,19.4,52.24,27.16,1.19,10.87,21849.0,55.56,0.0,0.0,520,528,1
537,Saint-Martin-sur-Ecaillon,MÉLENCHON,72,21.49,0,26.18,0,411,70,341,335,17.03,19.4,52.24,27.16,1.19,10.87,21849.0,55.56,0.0,0.0,520,528,0
538,Saint-Momelin,LE PEN,80,32.92,1,41.81,1,312,60,252,243,19.23,13.58,57.2,25.51,3.7,19.05,17249.0,54.37,0.0,0.0,480,484,1
538,Saint-Momelin,MÉLENCHON,49,20.16,0,19.4,0,312,60,252,243,19.23,13.58,57.2,25.51,3.7,19.05,17249.0,54.37,0.0,0.0,480,484,0
539,Saint-Pierre-Brouck,LE PEN,169,27.48,1,36.1,1,750,123,627,615,16.4,17.07,55.12,25.37,2.44,14.89,20756.0,46.68,0.0,0.0,993,1010,1
539,Saint-Pierre-Brouck,MÉLENCHON,118,19.19,0,26.08,0,750,123,627,615,16.4,17.07,55.12,25.37,2.44,14.89,20756.0,46.68,0.0,0.0,993,1010,0
541,Saint-Python,LE PEN,231,38.63,1,41.62,1,777,160,617,598,20.59,13.88,54.68,29.93,1.51,18.39,18251.0,50.13,10.87,11.0,1012,1021,1
541,Saint-Python,MÉLENCHON,140,23.41,0,20.54,0,777,160,617,598,20.59,13.88,54.68,29.93,1.51,18.39,18251.0,50.13,10.87,11.0,1012,1021,0
542,Saint-Remy-Chaussée,LE PEN,119,41.61,1,42.8,1,385,91,294,286,23.64,17.83,60.49,18.88,2.8,13.33,20578.0,46.48,0.0,0.0,510,523,1
542,Saint-Remy-Chaussée,MACRON,51,17.83,0,16.73,0,385,91,294,286,23.64,17.83,60.49,18.88,2.8,13.33,20578.0,46.48,0.0,0.0,510,523,0
543,Saint-Remy-du-Nord,LE PEN,261,38.27,1,46.97,1,900,197,703,682,21.89,17.89,62.61,18.04,1.47,11.11,19234.0,42.91,8.03,9.0,1121,1131,1
543,Saint-Remy-du-Nord,FILLON,128,18.77,0,21.6,0,900,197,703,682,21.89,17.89,62.61,18.04,1.47,11.11,19234.0,42.91,8.03,9.0,1121,1131,0
544,Saint-Saulve,LE PEN,1774,27.84,1,30.04,1,8232,1689,6543,6372,20.52,20.12,54.35,24.03,1.51,15.89,20258.0,56.86,42.38,473.0,11161,11303,1
544,Saint-Saulve,FILLON,1336,20.97,0,28.45,0,8232,1689,6543,6372,20.52,20.12,54.35,24.03,1.51,15.89,20258.0,56.86,42.38,473.0,11161,11303,0
545,Saint-Souplet,LE PEN,322,43.75,1,50.59,1,944,193,751,736,20.44,13.18,65.08,20.38,1.36,23.15,17142.0,51.36,9.73,12.0,1233,1250,1
545,Saint-Souplet,MÉLENCHON,114,15.49,0,16.47,0,944,193,751,736,20.44,13.18,65.08,20.38,1.36,23.15,17142.0,51.36,9.73,12.0,1233,1250,0
546,Saint-Sylvestre-Cappel,LE PEN,250,31.61,1,32.51,1,934,118,816,791,12.63,17.57,59.17,21.49,1.77,10.18,21373.0,53.35,0.0,0.0,1171,1180,1
546,Saint-Sylvestre-Cappel,FILLON,176,22.25,0,29.79,0,934,118,816,791,12.63,17.57,59.17,21.49,1.77,10.18,21373.0,53.35,0.0,0.0,1171,1180,0
547,Saint-Vaast-en-Cambrésis,LE PEN,186,36.98,1,44.78,1,640,120,520,503,18.75,15.71,52.29,30.22,1.79,15.51,18743.0,58.23,0.0,0.0,906,914,1
547,Saint-Vaast-en-Cambrésis,MÉLENCHON,124,24.65,0,16.87,0,640,120,520,503,18.75,15.71,52.29,30.22,1.79,15.51,18743.0,58.23,0.0,0.0,906,914,0
548,Saint-Waast,LE PEN,138,34.76,1,35.1,1,481,74,407,397,15.38,16.37,58.44,23.17,2.02,3.33,21404.0,54.13,0.0,0.0,630,639,1
548,Saint-Waast,MÉLENCHON,76,19.14,0,22.73,0,481,74,407,397,15.38,16.37,58.44,23.17,2.02,3.33,21404.0,54.13,0.0,0.0,630,639,0
549,Salesches,LE PEN,57,27.27,1,36.0,1,260,49,211,209,18.85,14.35,52.63,30.14,2.87,15.63,19656.0,52.56,0.0,0.0,291,293,1
549,Salesches,FILLON,49,23.44,0,24.57,0,260,49,211,209,18.85,14.35,52.63,30.14,2.87,15.63,19656.0,52.56,0.0,0.0,291,293,0
550,Salomé,LE PEN,601,34.48,1,39.94,1,2251,462,1789,1743,20.52,19.28,51.12,28.0,1.61,12.29,20222.0,53.01,14.15,42.0,2969,2993,1
550,Salomé,MÉLENCHON,369,21.17,0,20.86,0,2251,462,1789,1743,20.52,19.28,51.12,28.0,1.61,12.29,20222.0,53.01,14.15,42.0,2969,2993,0
551,Saméon,LE PEN,257,24.55,1,36.38,1,1250,172,1078,1047,13.76,23.59,52.91,22.25,1.24,6.04,26149.0,66.47,13.41,22.0,1641,1662,1
551,Saméon,FILLON,250,23.88,0,24.52,0,1250,172,1078,1047,13.76,23.59,52.91,22.25,1.24,6.04,26149.0,66.47,13.41,22.0,1641,1662,0
552,Sancourt,LE PEN,63,48.84,1,43.22,1,153,21,132,129,13.73,10.85,70.54,17.05,1.55,4.55,21087.0,57.52,0.0,0.0,198,202,1
552,Sancourt,FILLON,20,15.5,0,19.49,0,153,21,132,129,13.73,10.85,70.54,17.05,1.55,4.55,21087.0,57.52,0.0,0.0,198,202,0
553,Santes,MACRON,919,24.07,1,35.92,1,4697,797,3900,3818,16.97,24.07,51.73,22.87,1.34,7.34,24230.0,61.11,17.68,102.0,5768,5821,1
553,Santes,LE PEN,914,23.94,0,24.73,0,4697,797,3900,3818,16.97,24.07,51.73,22.87,1.34,7.34,24230.0,61.11,17.68,102.0,5768,5821,0
554,Sars-et-Rosières,LE PEN,97,26.01,1,33.97,1,441,56,385,373,12.7,22.52,52.01,23.86,1.61,1.82,25852.0,65.43,0.0,0.0,574,580,1
554,Sars-et-Rosières,MACRON,84,22.52,0,25.12,0,441,56,385,373,12.7,22.52,52.01,23.86,1.61,1.82,25852.0,65.43,0.0,0.0,574,580,0
555,Sars-Poteries,LE PEN,300,41.15,1,42.2,1,983,230,753,729,23.4,16.05,57.75,24.83,1.37,20.95,16385.0,50.05,12.99,19.0,1463,1480,1
555,Sars-Poteries,MÉLENCHON,132,18.11,0,23.15,0,983,230,753,729,23.4,16.05,57.75,24.83,1.37,20.95,16385.0,50.05,12.99,19.0,1463,1480,0
556,Sassegnies,LE PEN,73,42.2,1,41.86,1,224,43,181,173,19.2,10.98,63.58,24.28,1.16,17.77,20683.0,53.54,0.0,0.0,275,278,1
556,Sassegnies,MÉLENCHON,28,16.18,0,14.53,0,224,43,181,173,19.2,10.98,63.58,24.28,1.16,17.77,20683.0,53.54,0.0,0.0,275,278,0
557,Saultain,LE PEN,406,29.51,1,32.21,1,1752,333,1419,1376,19.01,21.22,48.76,27.54,2.47,10.43,21941.0,55.74,23.09,54.0,2339,2354,1
557,Saultain,MÉLENCHON,301,21.88,0,28.36,0,1752,333,1419,1376,19.01,21.22,48.76,27.54,2.47,10.43,21941.0,55.74,23.09,54.0,2339,2354,0
558,Saulzoir,LE PEN,362,32.73,1,36.43,1,1379,243,1136,1106,17.62,15.28,55.7,27.4,1.63,9.3,19672.0,54.22,5.6,10.0,1787,1807,1
558,Saulzoir,MÉLENCHON,231,20.89,0,23.78,0,1379,243,1136,1106,17.62,15.28,55.7,27.4,1.63,9.3,19672.0,54.22,5.6,10.0,1787,1807,0
559,Sebourg,FILLON,351,27.77,1,32.33,1,1547,262,1285,1264,16.94,22.94,57.91,17.01,2.14,4.74,27921.0,66.73,3.05,6.0,1966,1998,1
559,Sebourg,MACRON,290,22.94,0,22.78,0,1547,262,1285,1264,16.94,22.94,57.91,17.01,2.14,4.74,27921.0,66.73,3.05,6.0,1966,1998,0
560,Seclin,LE PEN,1879,27.36,1,29.24,1,8871,1834,7037,6868,20.67,19.47,46.56,32.47,1.5,14.65,20479.0,61.94,86.42,1077.0,12463,12562,1
560,Seclin,MÉLENCHON,1672,24.34,0,26.41,0,8871,1834,7037,6868,20.67,19.47,46.56,32.47,1.5,14.65,20479.0,61.94,86.42,1077.0,12463,12562,0
562,Sémeries,LE PEN,103,31.69,1,36.83,1,418,86,332,325,20.57,18.77,53.54,24.92,2.77,5.66,20013.0,46.91,0.0,0.0,546,552,1
562,Sémeries,MÉLENCHON,66,20.31,0,24.55,0,418,86,332,325,20.57,18.77,53.54,24.92,2.77,5.66,20013.0,46.91,0.0,0.0,546,552,0
563,Semousies,LE PEN,55,35.26,1,39.86,1,197,39,158,156,19.8,13.46,67.31,18.59,0.64,4.35,22551.0,50.56,0.0,0.0,246,249,1
563,Semousies,FILLON,44,28.21,0,29.73,0,197,39,158,156,19.8,13.46,67.31,18.59,0.64,4.35,22551.0,50.56,0.0,0.0,246,249,0
564,La Sentinelle,LE PEN,613,39.63,1,41.84,1,2097,512,1585,1547,24.42,14.35,52.68,31.67,1.29,21.62,16963.0,56.6,56.54,178.0,3148,3232,1
564,La Sentinelle,MÉLENCHON,382,24.69,0,20.44,0,2097,512,1585,1547,24.42,14.35,52.68,31.67,1.29,21.62,16963.0,56.6,56.54,178.0,3148,3232,0
565,Sepmeries,LE PEN,126,30.14,1,31.73,1,501,69,432,418,13.77,23.44,54.07,18.42,4.07,16.13,22651.0,57.14,0.0,0.0,672,683,1
565,Sepmeries,MACRON,98,23.44,0,28.93,0,501,69,432,418,13.77,23.44,54.07,18.42,4.07,16.13,22651.0,57.14,0.0,0.0,672,683,0
566,Sequedin,LE PEN,691,27.18,1,36.47,1,3164,577,2587,2542,18.24,24.47,52.48,22.11,0.94,6.69,23206.0,56.94,43.19,203.0,4700,4725,1
566,Sequedin,MACRON,622,24.47,0,27.46,0,3164,577,2587,2542,18.24,24.47,52.48,22.11,0.94,6.69,23206.0,56.94,43.19,203.0,4700,4725,0
567,Séranvillers-Forenville,LE PEN,82,33.2,1,37.6,1,295,46,249,247,15.59,14.98,65.18,18.22,1.62,14.24,21865.0,58.24,0.0,0.0,404,405,1
567,Séranvillers-Forenville,FILLON,51,20.65,0,19.2,0,295,46,249,247,15.59,14.98,65.18,18.22,1.62,14.24,21865.0,58.24,0.0,0.0,404,405,0
568,Sercus,FILLON,73,26.55,1,35.13,1,325,43,282,275,13.23,17.45,60.0,21.09,1.45,2.22,21369.0,56.99,0.0,0.0,450,455,1
568,Sercus,LE PEN,69,25.09,0,29.39,0,325,43,282,275,13.23,17.45,60.0,21.09,1.45,2.22,21369.0,56.99,0.0,0.0,450,455,0
569,Sin-le-Noble,LE PEN,2727,35.8,1,37.84,1,10741,2879,7862,7617,26.8,14.85,49.51,34.08,1.56,22.91,16698.0,54.25,60.02,927.0,15446,15552,1
569,Sin-le-Noble,MÉLENCHON,2039,26.77,0,24.93,0,10741,2879,7862,7617,26.8,14.85,49.51,34.08,1.56,22.91,16698.0,54.25,60.02,927.0,15446,15552,0
570,Socx,FILLON,260,38.35,1,41.22,1,801,110,691,678,13.73,18.88,63.72,16.52,0.88,8.05,26423.0,57.2,0.0,0.0,934,970,1
570,Socx,MACRON,128,18.88,0,23.35,0,801,110,691,678,13.73,18.88,63.72,16.52,0.88,8.05,26423.0,57.2,0.0,0.0,934,970,0
571,Solesmes,LE PEN,1046,41.94,1,45.71,1,3353,798,2555,2494,23.8,13.35,62.11,23.58,0.96,27.43,17066.0,51.12,36.24,159.0,4387,4487,1
571,Solesmes,MÉLENCHON,460,18.44,0,18.45,0,3353,798,2555,2494,23.8,13.35,62.11,23.58,0.96,27.43,17066.0,51.12,36.24,159.0,4387,4487,0
572,Solre-le-Château,LE PEN,315,30.76,1,35.1,1,1368,318,1050,1024,23.25,19.34,54.69,24.61,1.37,18.91,18719.0,57.08,24.02,44.0,1832,1857,1
572,Solre-le-Château,MACRON,198,19.34,0,28.98,0,1368,318,1050,1024,23.25,19.34,54.69,24.61,1.37,18.91,18719.0,57.08,24.02,44.0,1832,1857,0
573,Solrinnes,LE PEN,32,42.67,1,42.65,1,97,18,79,75,18.56,10.67,70.67,14.67,4.0,30.77,20161.0,46.53,0.0,0.0,136,136,1
573,Solrinnes,FILLON,19,25.33,0,22.06,0,97,18,79,75,18.56,10.67,70.67,14.67,4.0,30.77,20161.0,46.53,0.0,0.0,136,136,0
574,Somain,LE PEN,2434,38.29,1,41.39,1,8777,2251,6526,6357,25.65,12.74,50.39,35.39,1.48,22.74,17000.0,52.38,51.89,648.0,12488,12570,1
574,Somain,MÉLENCHON,1816,28.57,0,20.63,0,8777,2251,6526,6357,25.65,12.74,50.39,35.39,1.48,22.74,17000.0,52.38,51.89,648.0,12488,12570,0
575,Sommaing,LE PEN,85,30.14,1,32.39,1,327,39,288,282,11.93,25.53,54.26,17.73,2.48,6.98,23706.0,60.81,0.0,0.0,421,426,1
575,Sommaing,MACRON,72,25.53,0,26.06,0,327,39,288,282,11.93,25.53,54.26,17.73,2.48,6.98,23706.0,60.81,0.0,0.0,421,426,0
576,Spycker,LE PEN,443,38.12,1,42.42,1,1387,182,1205,1162,13.12,16.87,56.54,25.65,0.95,7.14,22558.0,52.14,0.0,0.0,1807,1834,1
576,Spycker,MÉLENCHON,230,19.79,0,23.9,0,1387,182,1205,1162,13.12,16.87,56.54,25.65,0.95,7.14,22558.0,52.14,0.0,0.0,1807,1834,0
577,Staple,LE PEN,126,29.93,1,32.29,1,503,72,431,421,14.31,20.19,60.81,16.86,2.14,6.85,19853.0,55.0,0.0,0.0,665,670,1
577,Staple,FILLON,104,24.7,0,32.29,0,503,72,431,421,14.31,20.19,60.81,16.86,2.14,6.85,19853.0,55.0,0.0,0.0,665,670,0
578,Steenbecque,LE PEN,290,26.63,1,31.49,1,1303,186,1117,1089,14.27,22.31,52.71,23.88,1.1,9.09,20635.0,55.39,0.0,0.0,1707,1738,1
578,Steenbecque,MACRON,243,22.31,0,30.22,0,1303,186,1117,1089,14.27,22.31,52.71,23.88,1.1,9.09,20635.0,55.39,0.0,0.0,1707,1738,0
579,Steene,LE PEN,303,34.75,1,41.69,1,1054,151,903,872,14.33,18.35,58.37,20.76,2.52,7.52,21812.0,51.5,0.0,0.0,1335,1359,1
579,Steene,MACRON,160,18.35,0,27.63,0,1054,151,903,872,14.33,18.35,58.37,20.76,2.52,7.52,21812.0,51.5,0.0,0.0,1335,1359,0
580,Steenvoorde,LE PEN,780,29.12,1,30.88,1,3236,481,2755,2679,14.86,19.15,58.87,20.34,1.64,9.93,20916.0,59.19,16.34,71.0,4344,4428,1
580,Steenvoorde,FILLON,643,24.0,0,29.6,0,3236,481,2755,2679,14.86,19.15,58.87,20.34,1.64,9.93,20916.0,59.19,16.34,71.0,4344,4428,0
581,Steenwerck,LE PEN,637,28.71,1,29.82,1,2739,452,2287,2219,16.5,19.11,56.02,22.85,2.03,10.42,21998.0,55.68,18.21,66.0,3624,3676,1
581,Steenwerck,FILLON,454,20.46,0,27.32,0,2739,452,2287,2219,16.5,19.11,56.02,22.85,2.03,10.42,21998.0,55.68,18.21,66.0,3624,3676,0
582,Strazeele,LE PEN,164,30.83,1,33.06,1,655,109,546,532,16.64,20.11,55.45,23.31,1.13,8.6,22437.0,53.88,8.41,8.0,951,974,1
582,Strazeele,MACRON,107,20.11,0,28.8,0,655,109,546,532,16.64,20.11,55.45,23.31,1.13,8.6,22437.0,53.88,8.41,8.0,951,974,0
583,Taisnières-en-Thiérache,LE PEN,129,42.16,1,44.61,1,405,92,313,306,22.72,16.01,62.42,18.63,2.94,12.9,19683.0,52.46,0.0,0.0,464,467,1
583,Taisnières-en-Thiérache,MACRON,49,16.01,0,15.61,0,405,92,313,306,22.72,16.01,62.42,18.63,2.94,12.9,19683.0,52.46,0.0,0.0,464,467,0
584,Taisnières-sur-Hon,LE PEN,171,37.58,1,35.25,1,588,126,462,455,21.43,10.99,72.09,14.95,1.98,2.19,23728.0,56.22,6.13,6.0,978,986,1
584,Taisnières-sur-Hon,FILLON,142,31.21,0,28.78,0,588,126,462,455,21.43,10.99,72.09,14.95,1.98,2.19,23728.0,56.22,6.13,6.0,978,986,0
585,Templemars,MACRON,564,26.63,1,31.16,1,2677,506,2171,2118,18.9,26.63,46.03,25.5,1.84,8.16,24681.0,63.08,47.08,158.0,3356,3382,1
585,Templemars,LE PEN,519,24.5,0,25.16,0,2677,506,2171,2118,18.9,26.63,46.03,25.5,1.84,8.16,24681.0,63.08,47.08,158.0,3356,3382,0
586,Templeuve-en-Pévèle,MACRON,1011,25.19,1,35.03,1,4977,856,4121,4014,17.2,25.19,50.1,23.49,1.22,8.53,24117.0,61.38,28.84,171.0,5930,5996,1
586,Templeuve-en-Pévèle,LE PEN,904,22.52,0,22.45,0,4977,856,4121,4014,17.2,25.19,50.1,23.49,1.22,8.53,24117.0,61.38,28.84,171.0,5930,5996,0
587,Terdeghem,FILLON,103,26.82,1,32.75,1,463,70,393,384,15.12,20.83,58.59,17.97,2.6,14.58,22303.0,59.28,0.0,0.0,548,562,1
587,Terdeghem,LE PEN,98,25.52,0,26.61,0,463,70,393,384,15.12,20.83,58.59,17.97,2.6,14.58,22303.0,59.28,0.0,0.0,548,562,0
588,Téteghem-Coudekerque-Village,LE PEN,1357,24.54,1,34.54,1,6830,1180,5650,5529,17.28,22.81,54.95,20.67,1.57,13.66,24112.0,56.91,22.93,186.0,8113,8360,1
588,Téteghem-Coudekerque-Village,FILLON,1335,24.15,0,28.25,0,6830,1180,5650,5529,17.28,22.81,54.95,20.67,1.57,13.66,24112.0,56.91,22.93,186.0,8113,8360,0
589,Thiant,LE PEN,639,40.91,1,42.32,1,2017,415,1602,1562,20.58,16.52,55.76,25.93,1.79,17.12,19279.0,49.68,13.04,37.0,2837,2860,1
589,Thiant,MÉLENCHON,320,20.49,0,18.55,0,2017,415,1602,1562,20.58,16.52,55.76,25.93,1.79,17.12,19279.0,49.68,13.04,37.0,2837,2860,0
590,Thiennes,LE PEN,197,34.32,1,38.26,1,668,84,584,574,12.57,12.89,57.67,25.78,3.66,14.29,18925.0,48.75,0.0,0.0,910,925,1
590,Thiennes,MÉLENCHON,103,17.94,0,19.53,0,668,84,584,574,12.57,12.89,57.67,25.78,3.66,14.29,18925.0,48.75,0.0,0.0,910,925,0
591,Thivencelle,LE PEN,225,48.81,1,51.76,1,620,144,476,461,23.23,13.23,65.08,19.74,1.95,33.75,16662.0,46.42,29.34,25.0,852,854,1
591,Thivencelle,MÉLENCHON,62,13.45,0,15.69,0,620,144,476,461,23.23,13.23,65.08,19.74,1.95,33.75,16662.0,46.42,29.34,25.0,852,854,0
592,Thumeries,LE PEN,831,34.28,1,33.09,1,3055,566,2489,2424,18.53,21.86,55.4,21.12,1.61,7.75,22508.0,59.57,21.71,85.0,3915,3945,1
592,Thumeries,MACRON,530,21.86,0,28.52,0,3055,566,2489,2424,18.53,21.86,55.4,21.12,1.61,7.75,22508.0,59.57,21.71,85.0,3915,3945,0
593,Thun-l'Evêque,LE PEN,173,38.44,1,38.02,1,553,93,460,450,16.82,16.67,62.44,19.56,1.33,7.04,21784.0,51.11,0.0,0.0,750,761,1
593,Thun-l'Evêque,MACRON,75,16.67,0,28.35,0,553,93,460,450,16.82,16.67,62.44,19.56,1.33,7.04,21784.0,51.11,0.0,0.0,750,761,0
594,Thun-Saint-Amand,LE PEN,200,31.75,1,30.45,1,798,149,649,630,18.67,15.56,54.92,28.41,1.11,19.19,20145.0,56.33,11.49,13.0,1131,1143,1
594,Thun-Saint-Amand,MÉLENCHON,135,21.43,0,21.45,0,798,149,649,630,18.67,15.56,54.92,28.41,1.11,19.19,20145.0,56.33,11.49,13.0,1131,1143,0
595,Thun-Saint-Martin,LE PEN,103,31.6,1,38.23,1,381,46,335,326,12.07,20.55,58.9,18.71,1.84,11.36,22806.0,58.53,0.0,0.0,521,525,1
595,Thun-Saint-Martin,MACRON,67,20.55,0,29.05,0,381,46,335,326,12.07,20.55,58.9,18.71,1.84,11.36,22806.0,58.53,0.0,0.0,521,525,0
596,Tilloy-lez-Marchiennes,MACRON,91,25.21,1,31.5,1,434,62,372,361,14.29,25.21,54.02,19.11,1.66,10.17,26000.0,62.99,0.0,0.0,527,544,1
596,Tilloy-lez-Marchiennes,LE PEN,84,23.27,0,25.5,0,434,62,372,361,14.29,25.21,54.02,19.11,1.66,10.17,26000.0,62.99,0.0,0.0,527,544,0
597,Tilloy-lez-Cambrai,LE PEN,106,25.54,1,36.0,1,479,49,430,415,10.23,22.41,57.35,19.52,0.72,11.86,24400.0,58.01,0.0,0.0,569,591,1
597,Tilloy-lez-Cambrai,FILLON,101,24.34,0,28.44,0,479,49,430,415,10.23,22.41,57.35,19.52,0.72,11.86,24400.0,58.01,0.0,0.0,569,591,0
598,Toufflers,LE PEN,770,28.77,1,32.08,1,3343,606,2737,2676,18.13,22.5,53.89,22.05,1.57,11.99,22918.0,57.39,45.88,180.0,3923,3944,1
598,Toufflers,MACRON,602,22.5,0,26.93,0,3343,606,2737,2676,18.13,22.5,53.89,22.05,1.57,11.99,22918.0,57.39,45.88,180.0,3923,3944,0
599,Tourcoing,MÉLENCHON,11369,27.95,1,36.82,1,63076,21372,41704,40676,33.88,19.4,41.88,36.56,2.15,23.84,16548.0,58.46,58.14,5667.0,97476,98170,1
599,Tourcoing,LE PEN,10202,25.08,0,25.25,0,63076,21372,41704,40676,33.88,19.4,41.88,36.56,2.15,23.84,16548.0,58.46,58.14,5667.0,97476,98170,0
600,Tourmignies,MACRON,166,28.77,1,35.93,1,630,42,588,577,6.67,28.77,52.17,17.5,1.56,5.44,27263.0,62.07,0.0,0.0,891,907,1
600,Tourmignies,FILLON,166,28.77,0,22.48,0,630,42,588,577,6.67,28.77,52.17,17.5,1.56,5.44,27263.0,62.07,0.0,0.0,891,907,0
601,Trélon,LE PEN,581,43.55,1,47.65,1,1909,533,1376,1334,27.92,15.14,59.52,23.01,2.32,16.89,16825.0,56.62,13.72,40.0,2915,2988,1
601,Trélon,MÉLENCHON,240,17.99,0,22.96,0,1909,533,1376,1334,27.92,15.14,59.52,23.01,2.32,16.89,16825.0,56.62,13.72,40.0,2915,2988,0
602,Tressin,FILLON,274,29.72,1,40.4,1,1117,174,943,922,15.58,28.42,48.16,21.69,1.74,6.77,26512.0,62.26,20.61,29.0,1407,1440,1
602,Tressin,MACRON,262,28.42,0,15.52,0,1117,174,943,922,15.58,28.42,48.16,21.69,1.74,6.77,26512.0,62.26,20.61,29.0,1407,1440,0
603,Trith-Saint-Léger,LE PEN,1535,41.84,1,42.55,1,4947,1202,3745,3669,24.3,12.7,52.0,33.88,1.42,19.86,17525.0,49.73,33.38,209.0,6261,6351,1
603,Trith-Saint-Léger,MÉLENCHON,1013,27.61,0,20.46,0,4947,1202,3745,3669,24.3,12.7,52.0,33.88,1.42,19.86,17525.0,49.73,33.38,209.0,6261,6351,0
604,Troisvilles,LE PEN,174,38.75,1,47.17,1,562,104,458,449,18.51,16.7,59.02,23.61,0.67,18.98,18412.0,51.93,0.0,0.0,836,845,1
604,Troisvilles,MÉLENCHON,86,19.15,0,16.04,0,562,104,458,449,18.51,16.7,59.02,23.61,0.67,18.98,18412.0,51.93,0.0,0.0,836,845,0
605,Uxem,LE PEN,248,27.62,1,32.3,1,1049,117,932,898,11.15,23.83,52.67,21.38,2.12,9.86,23801.0,55.44,0.0,0.0,1411,1434,1
605,Uxem,MACRON,214,23.83,0,31.49,0,1049,117,932,898,11.15,23.83,52.67,21.38,2.12,9.86,23801.0,55.44,0.0,0.0,1411,1434,0
606,Valenciennes,LE PEN,4315,23.53,1,28.95,1,25838,7121,18717,18340,27.56,22.33,48.57,27.4,1.7,21.86,17978.0,61.63,82.81,3617.0,43680,44509,1
606,Valenciennes,MACRON,4095,22.33,0,24.9,0,25838,7121,18717,18340,27.56,22.33,48.57,27.4,1.7,21.86,17978.0,61.63,82.81,3617.0,43680,44509,0
607,Vendegies-au-Bois,LE PEN,94,31.54,1,34.81,1,377,68,309,298,18.04,16.11,57.38,25.5,1.01,3.62,21231.0,56.29,0.0,0.0,492,504,1
607,Vendegies-au-Bois,FILLON,57,19.13,0,25.26,0,377,68,309,298,18.04,16.11,57.38,25.5,1.01,3.62,21231.0,56.29,0.0,0.0,492,504,0
608,Vendegies-sur-Ecaillon,LE PEN,218,30.07,1,32.06,1,845,101,744,725,11.95,21.93,56.69,20.14,1.24,8.63,24422.0,59.43,0.0,0.0,1075,1094,1
608,Vendegies-sur-Ecaillon,MACRON,159,21.93,0,26.76,0,845,101,744,725,11.95,21.93,56.69,20.14,1.24,8.63,24422.0,59.43,0.0,0.0,1075,1094,0
609,Vendeville,MACRON,303,26.84,1,36.68,1,1396,250,1146,1129,17.91,26.84,50.13,21.08,1.95,6.67,26184.0,62.69,52.86,86.0,1627,1650,1
609,Vendeville,FILLON,283,25.07,0,23.03,0,1396,250,1146,1129,17.91,26.84,50.13,21.08,1.95,6.67,26184.0,62.69,52.86,86.0,1627,1650,0
610,Verchain-Maugré,LE PEN,195,30.47,1,42.31,1,761,101,660,640,13.27,20.31,55.47,22.5,1.72,13.86,21917.0,55.51,0.0,0.0,970,978,1
610,Verchain-Maugré,MACRON,130,20.31,0,21.55,0,761,101,660,640,13.27,20.31,55.47,22.5,1.72,13.86,21917.0,55.51,0.0,0.0,970,978,0
611,Verlinghem,FILLON,664,39.1,1,44.28,1,1934,199,1735,1698,10.29,23.32,59.07,15.84,1.77,6.14,28054.0,67.56,31.08,76.0,2445,2501,1
611,Verlinghem,MACRON,396,23.32,0,15.81,0,1934,199,1735,1698,10.29,23.32,59.07,15.84,1.77,6.14,28054.0,67.56,31.08,76.0,2445,2501,0
612,Vertain,LE PEN,105,31.44,1,31.81,1,407,64,343,334,15.72,16.17,58.68,23.65,1.5,19.23,21894.0,56.87,0.0,0.0,523,532,1
612,Vertain,FILLON,73,21.86,0,23.5,0,407,64,343,334,15.72,16.17,58.68,23.65,1.5,19.23,21894.0,56.87,0.0,0.0,523,532,0
613,Vicq,LE PEN,327,42.58,1,42.88,1,984,202,782,768,20.53,14.06,59.24,25.0,1.69,10.08,19486.0,52.14,23.24,35.0,1506,1527,1
613,Vicq,MÉLENCHON,160,20.83,0,18.56,0,984,202,782,768,20.53,14.06,59.24,25.0,1.69,10.08,19486.0,52.14,23.24,35.0,1506,1527,0
614,Viesly,LE PEN,375,41.71,1,47.76,1,1185,264,921,899,22.28,12.57,60.73,25.92,0.78,15.02,18065.0,57.22,4.51,7.0,1552,1567,1
614,Viesly,MÉLENCHON,193,21.47,0,16.39,0,1185,264,921,899,22.28,12.57,60.73,25.92,0.78,15.02,18065.0,57.22,4.51,7.0,1552,1567,0
615,Vieux-Berquin,LE PEN,441,28.64,1,32.63,1,1859,290,1569,1540,15.6,18.7,59.22,19.87,2.21,8.54,22756.0,52.12,3.18,8.0,2512,2553,1
615,Vieux-Berquin,FILLON,370,24.03,0,27.99,0,1859,290,1569,1540,15.6,18.7,59.22,19.87,2.21,8.54,22756.0,52.12,3.18,8.0,2512,2553,0
616,Vieux-Condé,LE PEN,2118,41.39,1,42.76,1,7586,2316,5270,5117,30.53,12.47,55.54,30.23,1.76,20.25,16507.0,54.76,35.31,367.0,10395,10472,1
616,Vieux-Condé,MÉLENCHON,1202,23.49,0,20.51,0,7586,2316,5270,5117,30.53,12.47,55.54,30.23,1.76,20.25,16507.0,54.76,35.31,367.0,10395,10472,0
617,Vieux-Mesnil,LE PEN,137,38.16,1,38.98,1,417,50,367,359,11.99,18.66,59.33,19.78,2.23,9.33,21149.0,52.87,0.0,0.0,637,646,1
617,Vieux-Mesnil,MACRON,67,18.66,0,28.81,0,417,50,367,359,11.99,18.66,59.33,19.78,2.23,9.33,21149.0,52.87,0.0,0.0,637,646,0
618,Vieux-Reng,LE PEN,207,50.0,1,47.94,1,517,96,421,414,18.57,13.04,70.53,15.22,1.21,15.55,21007.0,50.66,0.0,0.0,853,867,1
618,Vieux-Reng,FILLON,72,17.39,0,18.16,0,517,96,421,414,18.57,13.04,70.53,15.22,1.21,15.55,21007.0,50.66,0.0,0.0,853,867,0
619,Villereau,LE PEN,177,29.75,1,32.65,1,753,150,603,595,19.92,22.18,53.28,22.69,1.85,15.12,23520.0,61.66,0.0,0.0,971,989,1
619,Villereau,MACRON,132,22.18,0,28.18,0,753,150,603,595,19.92,22.18,53.28,22.69,1.85,15.12,23520.0,61.66,0.0,0.0,971,989,0
620,Villers-au-Tertre,LE PEN,137,33.83,1,35.1,1,471,46,425,405,9.77,18.77,49.38,28.64,3.21,12.07,22096.0,49.02,0.0,0.0,619,626,1
620,Villers-au-Tertre,MÉLENCHON,81,20.0,0,22.22,0,471,46,425,405,9.77,18.77,49.38,28.64,3.21,12.07,22096.0,49.02,0.0,0.0,619,626,0
622,Villers-en-Cauchies,LE PEN,315,43.09,1,44.89,1,912,168,744,731,18.42,15.6,63.06,20.11,1.23,16.91,20032.0,52.31,7.04,9.0,1278,1292,1
622,Villers-en-Cauchies,MÉLENCHON,115,15.73,0,18.73,0,912,168,744,731,18.42,15.6,63.06,20.11,1.23,16.91,20032.0,52.31,7.04,9.0,1278,1292,0
623,Villers-Guislain,LE PEN,223,46.75,1,52.56,1,553,68,485,477,12.3,11.74,69.18,17.19,1.89,17.91,18605.0,49.42,0.0,0.0,694,698,1
623,Villers-Guislain,FILLON,76,15.93,0,18.6,0,553,68,485,477,12.3,11.74,69.18,17.19,1.89,17.91,18605.0,49.42,0.0,0.0,694,698,0
624,Villers-Outréaux,LE PEN,440,37.83,1,41.52,1,1460,274,1186,1163,18.77,13.76,68.27,15.31,2.67,20.59,16908.0,60.04,18.65,39.0,2091,2116,1
624,Villers-Outréaux,FILLON,291,25.02,0,24.0,0,1460,274,1186,1163,18.77,13.76,68.27,15.31,2.67,20.59,16908.0,60.04,18.65,39.0,2091,2116,0
625,Villers-Plouich,LE PEN,81,32.79,1,40.6,1,299,45,254,247,15.05,14.17,57.89,25.1,2.83,13.64,20781.0,53.56,0.0,0.0,409,413,1
625,Villers-Plouich,FILLON,47,19.03,0,23.93,0,299,45,254,247,15.05,14.17,57.89,25.1,2.83,13.64,20781.0,53.56,0.0,0.0,409,413,0
626,Villers-Pol,FILLON,218,27.39,1,37.91,1,932,131,801,796,14.06,20.98,57.16,20.6,1.26,11.97,23484.0,58.69,3.97,5.0,1260,1279,1
626,Villers-Pol,LE PEN,189,23.74,0,24.86,0,932,131,801,796,14.06,20.98,57.16,20.6,1.26,11.97,23484.0,58.69,3.97,5.0,1260,1279,0
627,Villers-Sire-Nicole,LE PEN,227,40.97,1,47.23,1,774,204,570,554,26.36,14.62,64.44,20.22,0.72,7.06,21129.0,48.87,0.0,0.0,980,991,1
627,Villers-Sire-Nicole,FILLON,97,17.51,0,20.53,0,774,204,570,554,26.36,14.62,64.44,20.22,0.72,7.06,21129.0,48.87,0.0,0.0,980,991,0
628,Volckerinckhove,LE PEN,109,29.46,1,35.14,1,428,50,378,370,11.68,21.35,61.62,13.78,3.24,12.28,21650.0,56.23,0.0,0.0,577,583,1
628,Volckerinckhove,FILLON,86,23.24,0,32.57,0,428,50,378,370,11.68,21.35,61.62,13.78,3.24,12.28,21650.0,56.23,0.0,0.0,577,583,0
629,Vred,LE PEN,308,34.65,1,35.17,1,1046,142,904,889,13.58,21.26,53.43,24.07,1.24,10.64,21858.0,52.65,0.0,0.0,1381,1399,1
629,Vred,MACRON,189,21.26,0,22.25,0,1046,142,904,889,13.58,21.26,53.43,24.07,1.24,10.64,21858.0,52.65,0.0,0.0,1381,1399,0
630,Wahagnies,LE PEN,434,29.97,1,32.82,1,1906,416,1490,1448,21.83,23.07,49.59,26.31,1.04,13.52,21150.0,56.73,37.61,98.0,2606,2648,1
630,Wahagnies,MACRON,334,23.07,0,25.91,0,1906,416,1490,1448,21.83,23.07,49.59,26.31,1.04,13.52,21150.0,56.73,37.61,98.0,2606,2648,0
631,Walincourt-Selvigny,LE PEN,478,40.85,1,45.23,1,1596,404,1192,1170,25.31,14.96,64.27,19.49,1.28,18.48,18070.0,58.22,13.11,28.0,2135,2164,1
631,Walincourt-Selvigny,FILLON,188,16.07,0,22.47,0,1596,404,1192,1170,25.31,14.96,64.27,19.49,1.28,18.48,18070.0,58.22,13.11,28.0,2135,2164,0
632,Wallers,LE PEN,1201,38.79,1,41.43,1,4097,912,3185,3096,22.26,15.73,58.72,23.77,1.78,19.41,18321.0,53.14,30.58,168.0,5494,5559,1
632,Wallers,MÉLENCHON,542,17.51,0,20.7,0,4097,912,3185,3096,22.26,15.73,58.72,23.77,1.78,19.41,18321.0,53.14,30.58,168.0,5494,5559,0
633,Wallers-en-Fagne,LE PEN,53,36.3,1,47.13,1,192,43,149,146,22.4,14.38,58.22,21.92,5.48,10.0,17901.0,50.47,0.0,0.0,288,292,1
633,Wallers-en-Fagne,FILLON,25,17.12,0,22.29,0,192,43,149,146,22.4,14.38,58.22,21.92,5.48,10.0,17901.0,50.47,0.0,0.0,288,292,0
634,Wallon-Cappel,FILLON,188,32.08,1,38.76,1,661,61,600,586,9.23,20.99,57.17,20.14,1.71,10.39,22609.0,52.79,0.0,0.0,825,847,1
634,Wallon-Cappel,MACRON,123,20.99,0,26.87,0,661,61,600,586,9.23,20.99,57.17,20.14,1.71,10.39,22609.0,52.79,0.0,0.0,825,847,0
635,Wambaix,FILLON,63,27.39,1,31.54,1,276,41,235,230,14.86,21.74,53.91,23.91,0.43,10.2,22709.0,49.13,0.0,0.0,380,383,1
635,Wambaix,MACRON,50,21.74,0,25.73,0,276,41,235,230,14.86,21.74,53.91,23.91,0.43,10.2,22709.0,49.13,0.0,0.0,380,383,0
636,Wambrechies,FILLON,1743,27.71,1,39.3,1,8047,1576,6471,6290,19.58,24.83,53.42,20.38,1.37,9.11,23672.0,63.29,44.6,470.0,10539,10626,1
636,Wambrechies,MACRON,1562,24.83,0,19.63,0,8047,1576,6471,6290,19.58,24.83,53.42,20.38,1.37,9.11,23672.0,63.29,44.6,470.0,10539,10626,0
637,Wandignies-Hamage,LE PEN,278,35.55,1,37.15,1,917,117,800,782,12.76,23.91,53.32,21.23,1.53,12.5,22768.0,57.33,0.0,0.0,1288,1305,1
637,Wandignies-Hamage,MACRON,187,23.91,0,28.53,0,917,117,800,782,12.76,23.91,53.32,21.23,1.53,12.5,22768.0,57.33,0.0,0.0,1288,1305,0
638,Wannehain,LE PEN,196,25.72,1,29.23,1,862,83,779,762,9.63,24.8,49.34,25.33,0.52,6.25,23513.0,58.6,0.0,0.0,1188,1201,1
638,Wannehain,MACRON,189,24.8,0,24.07,0,862,83,779,762,9.63,24.8,49.34,25.33,0.52,6.25,23513.0,58.6,0.0,0.0,1188,1201,0
639,Wargnies-le-Grand,LE PEN,196,29.04,1,31.56,1,788,94,694,675,11.93,23.7,57.04,17.63,1.63,8.85,23606.0,57.07,5.5,6.0,1091,1114,1
639,Wargnies-le-Grand,MACRON,160,23.7,0,27.41,0,788,94,694,675,11.93,23.7,57.04,17.63,1.63,8.85,23606.0,57.07,5.5,6.0,1091,1114,0
640,Wargnies-le-Petit,LE PEN,173,37.37,1,37.8,1,559,90,469,463,16.1,18.57,63.93,16.2,1.3,6.12,23870.0,62.5,0.0,0.0,755,764,1
640,Wargnies-le-Petit,FILLON,87,18.79,0,23.54,0,559,90,469,463,16.1,18.57,63.93,16.2,1.3,6.12,23870.0,62.5,0.0,0.0,755,764,0
641,Warhem,LE PEN,429,31.64,1,32.6,1,1718,323,1395,1356,18.8,18.44,58.19,21.46,1.92,10.65,21985.0,52.2,2.44,5.0,2051,2097,1
641,Warhem,FILLON,279,20.58,0,30.34,0,1718,323,1395,1356,18.8,18.44,58.19,21.46,1.92,10.65,21985.0,52.2,2.44,5.0,2051,2097,0
642,Warlaing,LE PEN,99,27.42,1,30.9,1,412,32,380,361,7.77,22.71,50.69,24.38,2.22,10.71,22718.0,56.12,0.0,0.0,570,587,1
642,Warlaing,MACRON,82,22.71,0,28.09,0,412,32,380,361,7.77,22.71,50.69,24.38,2.22,10.71,22718.0,56.12,0.0,0.0,570,587,0
643,Warneton,FILLON,52,31.71,1,33.77,1,204,38,166,164,18.63,14.02,68.9,17.07,0.0,9.09,21032.0,46.15,0.0,0.0,239,241,1
643,Warneton,LE PEN,48,29.27,0,26.62,0,204,38,166,164,18.63,14.02,68.9,17.07,0.0,9.09,21032.0,46.15,0.0,0.0,239,241,0
645,Wasnes-au-Bac,LE PEN,150,39.16,1,40.58,1,457,63,394,383,13.79,14.1,65.54,19.32,1.04,20.69,19068.0,51.69,0.0,0.0,620,623,1
645,Wasnes-au-Bac,FILLON,72,18.8,0,28.8,0,457,63,394,383,13.79,14.1,65.54,19.32,1.04,20.69,19068.0,51.69,0.0,0.0,620,623,0
646,Wasquehal,FILLON,3200,26.78,1,37.25,1,15193,3001,12192,11948,19.75,25.36,48.84,24.32,1.47,12.01,23082.0,66.82,66.98,1388.0,20722,20983,1
646,Wasquehal,MACRON,3030,25.36,0,19.43,0,15193,3001,12192,11948,19.75,25.36,48.84,24.32,1.47,12.01,23082.0,66.82,66.98,1388.0,20722,20983,0
647,Watten,LE PEN,655,43.06,1,47.83,1,1959,388,1571,1521,19.81,14.14,58.38,25.84,1.64,16.54,17349.0,54.33,8.2,21.0,2561,2593,1
647,Watten,MÉLENCHON,298,19.59,0,20.21,0,1959,388,1571,1521,19.81,14.14,58.38,25.84,1.64,16.54,17349.0,54.33,8.2,21.0,2561,2593,0
648,Wattignies,MACRON,1702,23.38,1,30.28,1,9479,2020,7459,7280,21.31,23.38,44.63,29.96,2.03,16.26,19913.0,61.2,56.61,820.0,14485,14665,1
648,Wattignies,MÉLENCHON,1568,21.54,0,28.24,0,9479,2020,7459,7280,21.31,23.38,44.63,29.96,2.03,16.26,19913.0,61.2,56.61,820.0,14485,14665,0
649,Wattignies-la-Victoire,LE PEN,48,30.0,1,33.9,1,193,30,163,160,15.54,14.37,68.75,13.75,3.12,17.86,22665.0,49.71,0.0,0.0,244,255,1
649,Wattignies-la-Victoire,FILLON,45,28.13,0,28.81,0,193,30,163,160,15.54,14.37,68.75,13.75,3.12,17.86,22665.0,49.71,0.0,0.0,244,255,0
650,Wattrelos,LE PEN,6939,33.92,1,32.86,1,28763,7714,21049,20458,26.82,20.12,47.5,30.76,1.62,19.82,17772.0,55.99,54.3,2245.0,41341,41570,1
650,Wattrelos,MÉLENCHON,4763,23.28,0,28.53,0,28763,7714,21049,20458,26.82,20.12,47.5,30.76,1.62,19.82,17772.0,55.99,54.3,2245.0,41341,41570,0
651,Wavrechain-sous-Denain,LE PEN,343,45.13,1,49.54,1,1006,219,787,760,21.77,13.29,53.95,30.39,2.37,25.0,15514.0,49.24,13.91,23.0,1654,1664,1
651,Wavrechain-sous-Denain,MÉLENCHON,191,25.13,0,19.48,0,1006,219,787,760,21.77,13.29,53.95,30.39,2.37,25.0,15514.0,49.24,13.91,23.0,1654,1664,0
652,Wavrechain-sous-Faulx,LE PEN,103,42.92,1,40.87,1,280,38,242,240,13.57,12.5,65.0,21.67,0.83,8.33,21545.0,50.35,0.0,0.0,372,374,1
652,Wavrechain-sous-Faulx,MÉLENCHON,44,18.33,0,21.03,0,280,38,242,240,13.57,12.5,65.0,21.67,0.83,8.33,21545.0,50.35,0.0,0.0,372,374,0
653,Wavrin,LE PEN,1385,29.66,1,30.77,1,5974,1174,4800,4669,19.65,21.27,49.5,27.22,2.01,13.03,21463.0,58.59,31.07,237.0,7628,7703,1
653,Wavrin,MACRON,993,21.27,0,28.12,0,5974,1174,4800,4669,19.65,21.27,49.5,27.22,2.01,13.03,21463.0,58.59,31.07,237.0,7628,7703,0
654,Waziers,MÉLENCHON,1324,38.09,1,36.27,1,4867,1286,3581,3476,26.42,11.51,43.21,43.64,1.64,28.1,15205.0,56.25,39.32,294.0,7477,7528,1
654,Waziers,LE PEN,1222,35.16,0,34.94,0,4867,1286,3581,3476,26.42,11.51,43.21,43.64,1.64,28.1,15205.0,56.25,39.32,294.0,7477,7528,0
655,Wemaers-Cappel,LE PEN,54,37.5,1,32.62,1,180,32,148,144,17.78,16.67,63.19,17.36,2.78,4.17,20762.0,59.01,0.0,0.0,252,256,1
655,Wemaers-Cappel,FILLON,33,22.92,0,27.66,0,180,32,148,144,17.78,16.67,63.19,17.36,2.78,4.17,20762.0,59.01,0.0,0.0,252,256,0
656,Wervicq-Sud,LE PEN,691,25.84,1,33.62,1,3433,703,2730,2674,20.48,19.75,55.87,22.77,1.61,16.11,21083.0,61.08,27.9,151.0,5412,5461,1
656,Wervicq-Sud,FILLON,659,24.64,0,28.16,0,3433,703,2730,2674,20.48,19.75,55.87,22.77,1.61,16.11,21083.0,61.08,27.9,151.0,5412,5461,0
657,West-Cappel,LE PEN,140,34.06,1,32.9,1,467,49,418,411,10.49,19.22,59.37,18.25,3.16,12.12,22167.0,49.44,0.0,0.0,606,613,1
657,West-Cappel,FILLON,82,19.95,0,26.48,0,467,49,418,411,10.49,19.22,59.37,18.25,3.16,12.12,22167.0,49.44,0.0,0.0,606,613,0
658,Wicres,FILLON,83,28.33,1,30.13,1,327,27,300,293,8.26,21.16,57.68,18.77,2.39,11.54,24158.0,63.02,0.0,0.0,475,482,1
658,Wicres,LE PEN,69,23.55,0,19.87,0,327,27,300,293,8.26,21.16,57.68,18.77,2.39,11.54,24158.0,63.02,0.0,0.0,475,482,0
659,Wignehies,LE PEN,654,43.51,1,45.58,1,2063,518,1545,1503,25.11,15.3,60.61,23.49,0.6,30.5,15987.0,57.27,24.53,72.0,2935,2969,1
659,Wignehies,MÉLENCHON,251,16.7,0,18.34,0,2063,518,1545,1503,25.11,15.3,60.61,23.49,0.6,30.5,15987.0,57.27,24.53,72.0,2935,2969,0
660,Willems,FILLON,471,24.99,1,33.08,1,2288,355,1933,1885,15.52,21.38,53.74,23.66,1.22,9.13,22502.0,60.93,31.52,95.0,3014,3056,1
660,Willems,LE PEN,442,23.45,0,25.3,0,2288,355,1933,1885,15.52,21.38,53.74,23.66,1.22,9.13,22502.0,60.93,31.52,95.0,3014,3056,0
661,Willies,MÉLENCHON,25,30.86,1,28.38,1,101,20,81,81,19.8,11.11,44.44,43.21,1.23,38.46,20806.0,50.46,0.0,0.0,154,158,1
661,Willies,LE PEN,17,20.99,0,27.03,0,101,20,81,81,19.8,11.11,44.44,43.21,1.23,38.46,20806.0,50.46,0.0,0.0,154,158,0
662,Winnezeele,LE PEN,231,29.5,1,32.3,1,927,121,806,783,13.05,17.88,57.09,23.5,1.53,9.77,21198.0,55.67,5.47,7.0,1279,1301,1
662,Winnezeele,FILLON,167,21.33,0,31.09,0,927,121,806,783,13.05,17.88,57.09,23.5,1.53,9.77,21198.0,55.67,5.47,7.0,1279,1301,0
663,Wormhout,LE PEN,1093,30.31,1,31.45,1,4558,857,3701,3606,18.8,19.22,57.88,21.19,1.72,7.91,20671.0,54.17,18.76,105.0,5598,5685,1
663,Wormhout,FILLON,767,21.27,0,29.23,0,4558,857,3701,3606,18.8,19.22,57.88,21.19,1.72,7.91,20671.0,54.17,18.76,105.0,5598,5685,0
664,Wulverdinghe,LE PEN,71,36.41,1,44.0,1,228,27,201,195,11.84,12.82,57.44,29.74,0.0,12.73,18247.0,49.5,0.0,0.0,310,314,1
664,Wulverdinghe,MÉLENCHON,47,24.1,0,15.0,0,228,27,201,195,11.84,12.82,57.44,29.74,0.0,12.73,18247.0,49.5,0.0,0.0,310,314,0
665,Wylder,LE PEN,71,40.11,1,40.98,1,212,29,183,177,13.68,5.65,62.71,29.38,2.26,3.7,20002.0,51.3,0.0,0.0,295,305,1
665,Wylder,MÉLENCHON,37,20.9,0,16.94,0,212,29,183,177,13.68,5.65,62.71,29.38,2.26,3.7,20002.0,51.3,0.0,0.0,295,305,0
666,Zegerscappel,LE PEN,345,36.62,1,39.72,1,1147,171,976,942,14.91,15.18,64.65,18.58,1.59,13.21,20176.0,54.59,0.0,0.0,1542,1575,1
666,Zegerscappel,FILLON,189,20.06,0,23.94,0,1147,171,976,942,14.91,15.18,64.65,18.58,1.59,13.21,20176.0,54.59,0.0,0.0,1542,1575,0
667,Zermezeele,LE PEN,37,25.17,1,34.62,1,162,11,151,147,6.79,22.45,61.9,14.29,1.36,12.73,21414.0,55.77,0.0,0.0,211,215,1
667,Zermezeele,FILLON,36,24.49,0,31.41,0,162,11,151,147,6.79,22.45,61.9,14.29,1.36,12.73,21414.0,55.77,0.0,0.0,211,215,0
668,Zuydcoote,LE PEN,271,27.18,1,29.69,1,1175,148,1027,997,12.6,21.06,49.35,26.88,2.71,9.47,22548.0,52.08,10.93,19.0,1738,1795,1
668,Zuydcoote,MACRON,210,21.06,0,27.08,0,1175,148,1027,997,12.6,21.06,49.35,26.88,2.71,9.47,22548.0,52.08,10.93,19.0,1738,1795,0
669,Zuytpeene,LE PEN,93,25.34,1,34.24,1,423,47,376,367,11.11,19.89,54.77,24.25,1.09,5.26,19724.0,51.42,0.0,0.0,526,543,1
669,Zuytpeene,FILLON,74,20.16,0,23.94,0,423,47,376,367,11.11,19.89,54.77,24.25,1.09,5.26,19724.0,51.42,0.0,0.0,526,543,0
670,Don,LE PEN,224,26.7,1,30.11,1,976,112,864,839,11.48,22.65,50.18,25.98,1.19,9.27,22679.0,56.47,6.89,9.0,1307,1321,1
670,Don,MACRON,190,22.65,0,29.38,0,976,112,864,839,11.48,22.65,50.18,25.98,1.19,9.27,22679.0,56.47,6.89,9.0,1307,1321,0
