code_geo,libelle_commune,pred_binaire,proba_droite,proba_exception,pred_label,scenario
59001,Abancourt,1,0.41210995198127864,0.5878900480187214,EXCEPTION,Neutre
59002,Abscon,0,0.9762802392060714,0.02371976079392859,DROITE,Neutre
59003,Aibes,0,0.9547254859724144,0.045274514027585644,DROITE,Neutre
59004,Aix,1,0.16535907526096894,0.8346409247390311,EXCEPTION,Neutre
59005,Allennes-les-Marais,0,0.5710069808622513,0.42899301913774873,DROITE,Neutre
59006,Amfroipret,1,0.4736182818798904,0.5263817181201096,EXCEPTION,Neutre
59007,Anhiers,0,0.9826530142261871,0.017346985773812884,DROITE,Neutre
59008,Aniche,0,0.9319740663231386,0.06802593367686137,DROITE,Neutre
59009,Villeneuve-d'Ascq,1,0.03978918372400164,0.9602108162759984,EXCEPTION,Neutre
59010,Anneux,0,0.8945285200023213,0.10547147999767867,DROITE,Neutre
59011,Annoeullin,1,0.39287742618097143,0.6071225738190286,EXCEPTION,Neutre
59012,Anor,0,0.8174627498436186,0.18253725015638145,DROITE,Neutre
59013,Anstaing,1,0.10991745230789118,0.8900825476921088,EXCEPTION,Neutre
59014,Anzin,0,0.6407499579938092,0.3592500420061908,DROITE,Neutre
59015,Arleux,0,0.7033122198111548,0.2966877801888452,DROITE,Neutre
59016,Armbouts-Cappel,0,0.7923036420722334,0.2076963579277667,DROITE,Neutre
59017,Armentières,0,0.5526115309634225,0.4473884690365775,DROITE,Neutre
59018,Arnèke,0,0.857842181360739,0.14215781863926102,DROITE,Neutre
59019,Artres,1,0.4097677187561001,0.5902322812438999,EXCEPTION,Neutre
59021,Assevent,0,0.8651035683525428,0.13489643164745724,DROITE,Neutre
59022,Attiches,1,0.06197286988974715,0.9380271301102528,EXCEPTION,Neutre
59023,Aubencheul-au-Bac,0,0.9425784870502705,0.05742151294972957,DROITE,Neutre
59024,Auberchicourt,0,0.7569783238299794,0.24302167617002055,DROITE,Neutre
59025,Aubers,1,0.04676153775428171,0.9532384622457183,EXCEPTION,Neutre
59026,Aubigny-au-Bac,0,0.9772601641048205,0.022739835895179444,DROITE,Neutre
59027,Aubry-du-Hainaut,1,0.366145219592255,0.633854780407745,EXCEPTION,Neutre
59028,Auby,0,0.9136155902384301,0.08638440976156993,DROITE,Neutre
59029,Auchy-lez-Orchies,1,0.20599538812458462,0.7940046118754154,EXCEPTION,Neutre
59031,Audignies,0,0.8393856175000748,0.16061438249992524,DROITE,Neutre
59032,Aulnoy-lez-Valenciennes,0,0.7333703618170191,0.26662963818298085,DROITE,Neutre
59033,Aulnoye-Aymeries,0,0.767623449914866,0.23237655008513403,DROITE,Neutre
59034,Avelin,1,0.0191270983233911,0.9808729016766089,EXCEPTION,Neutre
59035,Avesnelles,1,0.4916684065973195,0.5083315934026805,EXCEPTION,Neutre
59036,Avesnes-sur-Helpe,0,0.7355119796666565,0.2644880203333435,DROITE,Neutre
59037,Avesnes-les-Aubert,0,0.6731849305844342,0.32681506941556576,DROITE,Neutre
59038,Avesnes-le-Sec,0,0.9063135727901032,0.09368642720989687,DROITE,Neutre
59039,Awoingt,1,0.26730540208831133,0.7326945979116887,EXCEPTION,Neutre
59041,Bachant,0,0.9655287690426795,0.0344712309573205,DROITE,Neutre
59042,Bachy,1,0.4308256168055735,0.5691743831944265,EXCEPTION,Neutre
59043,Bailleul,1,0.24894699357303518,0.7510530064269648,EXCEPTION,Neutre
59044,Baisieux,1,0.0722627607678108,0.9277372392321892,EXCEPTION,Neutre
59045,Baives,0,0.9790713101332336,0.020928689866766454,DROITE,Neutre
59046,Bambecque,0,0.9362586354152262,0.06374136458477375,DROITE,Neutre
59047,Banteux,0,0.8586942025568567,0.14130579744314334,DROITE,Neutre
59048,Bantigny,0,0.8994174307365198,0.1005825692634802,DROITE,Neutre
59049,Bantouzelle,0,0.99112930534989,0.008870694650109982,DROITE,Neutre
59050,Bas-Lieu,0,0.9459462076578284,0.05405379234217161,DROITE,Neutre
59051,La Bassée,1,0.4334350300644322,0.5665649699355678,EXCEPTION,Neutre
59052,Bauvin,0,0.6704855851822571,0.32951441481774285,DROITE,Neutre
59053,Bavay,0,0.5117428385194065,0.48825716148059345,DROITE,Neutre
59054,Bavinchove,0,0.9160871560770266,0.08391284392297335,DROITE,Neutre
59055,Bazuel,0,0.8910458291287038,0.10895417087129622,DROITE,Neutre
59056,Beaucamps-Ligny,1,0.06943307197174264,0.9305669280282574,EXCEPTION,Neutre
59057,Beaudignies,0,0.7618811675320694,0.2381188324679307,DROITE,Neutre
59058,Beaufort,0,0.8805004207150172,0.11949957928498275,DROITE,Neutre
59059,Beaumont-en-Cambrésis,0,0.990952547019074,0.00904745298092602,DROITE,Neutre
59060,Beaurain,0,0.9028815144200727,0.09711848557992728,DROITE,Neutre
59061,Beaurepaire-sur-Sambre,0,0.9547278339586555,0.045272166041344514,DROITE,Neutre
59062,Beaurieux,0,0.7029254051890588,0.2970745948109413,DROITE,Neutre
59063,Beauvois-en-Cambrésis,0,0.8899943208883082,0.11000567911169179,DROITE,Neutre
59064,Bellaing,0,0.9106099325720206,0.0893900674279794,DROITE,Neutre
59065,Bellignies,0,0.9377675425401759,0.062232457459824135,DROITE,Neutre
59066,Bérelles,0,0.9938758932986479,0.006124106701352078,DROITE,Neutre
59067,Bergues,1,0.2619194085954285,0.7380805914045715,EXCEPTION,Neutre
59068,Berlaimont,0,0.8987870120093315,0.10121298799066844,DROITE,Neutre
59069,Bermerain,1,0.43137163462391415,0.5686283653760859,EXCEPTION,Neutre
59070,Bermeries,0,0.8519801709877527,0.14801982901224733,DROITE,Neutre
59071,Bersée,1,0.1087830592748783,0.8912169407251217,EXCEPTION,Neutre
59072,Bersillies,0,0.9589800150723976,0.041019984927602435,DROITE,Neutre
59073,Berthen,0,0.9229464765573536,0.0770535234426464,DROITE,Neutre
59074,Bertry,0,0.8344989071236837,0.1655010928763163,DROITE,Neutre
59075,Béthencourt,0,0.9713387150918495,0.028661284908150484,DROITE,Neutre
59076,Bettignies,0,0.9955933573313575,0.0044066426686424935,DROITE,Neutre
59077,Bettrechies,0,0.6147003998233795,0.3852996001766205,DROITE,Neutre
59078,Beugnies,0,0.797185817586217,0.20281418241378307,DROITE,Neutre
59079,Beuvrages,0,0.6509478769891283,0.34905212301087174,DROITE,Neutre
59080,Beuvry-la-Forêt,1,0.1760603763864227,0.8239396236135773,EXCEPTION,Neutre
59081,Bévillers,0,0.8463495672965337,0.15365043270346632,DROITE,Neutre
59082,Bierne,0,0.9379385494798296,0.06206145052017038,DROITE,Neutre
59083,Bissezeele,1,0.2992692238971324,0.7007307761028676,EXCEPTION,Neutre
59084,Blaringhem,0,0.7424087892433411,0.257591210756659,DROITE,Neutre
59085,Blécourt,0,0.8658491728366269,0.13415082716337318,DROITE,Neutre
59086,Boeschepe,0,0.5121747441783908,0.48782525582160924,DROITE,Neutre
59087,Boëseghem,0,0.9728290635693717,0.02717093643062832,DROITE,Neutre
59088,Bois-Grenier,1,0.2851278551451538,0.7148721448548462,EXCEPTION,Neutre
59089,Bollezeele,0,0.9002957166818251,0.09970428331817492,DROITE,Neutre
59090,Bondues,1,0.00241529707425836,0.9975847029257416,EXCEPTION,Neutre
59091,Borre,0,0.9487639558752757,0.05123604412472425,DROITE,Neutre
59092,Bouchain,0,0.9390894193424902,0.060910580657509726,DROITE,Neutre
59093,Boulogne-sur-Helpe,0,0.9818906425030485,0.018109357496951556,DROITE,Neutre
59094,Bourbourg,0,0.7733641630152942,0.22663583698470582,DROITE,Neutre
59096,Bourghelles,1,0.10205856868395125,0.8979414313160488,EXCEPTION,Neutre
59097,Boursies,0,0.9814150160108676,0.018584983989132456,DROITE,Neutre
59098,Bousbecque,1,0.4882601682356803,0.5117398317643197,EXCEPTION,Neutre
59099,Bousies,1,0.4844770534857106,0.5155229465142894,EXCEPTION,Neutre
59100,Bousignies,1,0.11812649237168082,0.8818735076283192,EXCEPTION,Neutre
59101,Bousignies-sur-Roc,0,0.9849960018533179,0.015003998146682115,DROITE,Neutre
59102,Boussières-en-Cambrésis,0,0.9848878877376185,0.015112112262381568,DROITE,Neutre
59103,Boussières-sur-Sambre,0,0.9201625089876366,0.07983749101236337,DROITE,Neutre
59104,Boussois,0,0.9669664470341084,0.033033552965891604,DROITE,Neutre
59105,Bouvignies,1,0.44530126016261706,0.5546987398373829,EXCEPTION,Neutre
59106,Bouvines,1,0.01952388902503266,0.9804761109749673,EXCEPTION,Neutre
59107,Bray-Dunes,0,0.7384830577789692,0.26151694222103083,DROITE,Neutre
59108,Briastre,0,0.9316553660423063,0.0683446339576937,DROITE,Neutre
59109,Brillon,0,0.5309122310744945,0.46908776892550547,DROITE,Neutre
59110,Brouckerque,0,0.7676085527441306,0.23239144725586938,DROITE,Neutre
59111,Broxeele,0,0.9573866077378429,0.04261339226215715,DROITE,Neutre
59112,Bruay-sur-l'Escaut,0,0.7627535041494132,0.2372464958505868,DROITE,Neutre
59113,Bruille-lez-Marchiennes,0,0.9519528152214803,0.04804718477851964,DROITE,Neutre
59114,Bruille-Saint-Amand,0,0.5534427527779368,0.44655724722206325,DROITE,Neutre
59115,Brunémont,0,0.6747606692322748,0.32523933076772515,DROITE,Neutre
59116,Bry,1,0.19581354419596975,0.8041864558040303,EXCEPTION,Neutre
59117,Bugnicourt,0,0.9230225003293557,0.07697749967064428,DROITE,Neutre
59118,Busigny,0,0.962094709780884,0.03790529021911602,DROITE,Neutre
59119,Buysscheure,0,0.7841582325001211,0.2158417674998789,DROITE,Neutre
59120,Caëstre,0,0.6915540938091973,0.30844590619080275,DROITE,Neutre
59121,Cagnoncles,0,0.8387375091064991,0.16126249089350084,DROITE,Neutre
59122,Cambrai,1,0.4572319759866046,0.5427680240133954,EXCEPTION,Neutre
59123,Camphin-en-Carembault,1,0.13322281882227127,0.8667771811777287,EXCEPTION,Neutre
59124,Camphin-en-Pévèle,1,0.050517648474900034,0.9494823515251,EXCEPTION,Neutre
59125,Cantaing-sur-Escaut,0,0.7521750551019374,0.2478249448980626,DROITE,Neutre
59126,Cantin,0,0.7835193747558844,0.2164806252441156,DROITE,Neutre
59127,Capelle,0,0.522108198410157,0.47789180158984307,DROITE,Neutre
59128,Capinghem,1,0.06339384718284913,0.9366061528171509,EXCEPTION,Neutre
59129,Cappelle-en-Pévèle,1,0.1602278991609718,0.8397721008390282,EXCEPTION,Neutre
59130,Cappelle-Brouck,0,0.9692366852909577,0.030763314709042297,DROITE,Neutre
59131,Cappelle-la-Grande,0,0.8756004290236654,0.12439957097633456,DROITE,Neutre
59132,Carnières,0,0.9787539596517161,0.021246040348283913,DROITE,Neutre
59133,Carnin,1,0.059236863289871655,0.9407631367101283,EXCEPTION,Neutre
59134,Cartignies,0,0.9623563697840173,0.03764363021598268,DROITE,Neutre
59135,Cassel,0,0.5528004552541961,0.4471995447458039,DROITE,Neutre
59136,Le Cateau-Cambrésis,0,0.7299075453353396,0.2700924546646603,DROITE,Neutre
59137,Catillon-sur-Sambre,0,0.9909084041665923,0.009091595833407705,DROITE,Neutre
59138,Cattenières,1,0.44485241556964117,0.5551475844303588,EXCEPTION,Neutre
59139,Caudry,0,0.7213067963947668,0.27869320360523325,DROITE,Neutre
59140,Caullery,0,0.9833965807912033,0.016603419208796676,DROITE,Neutre
59141,Cauroir,0,0.9510220510790661,0.04897794892093384,DROITE,Neutre
59142,Cerfontaine,0,0.8816392830687042,0.1183607169312958,DROITE,Neutre
59143,La Chapelle-d'Armentières,1,0.24056533194766305,0.759434668052337,EXCEPTION,Neutre
59144,Château-l'Abbaye,0,0.6419979598700822,0.3580020401299178,DROITE,Neutre
59145,Chemy,1,0.1365702452009211,0.8634297547990789,EXCEPTION,Neutre
59146,Chéreng,1,0.019594926789207268,0.9804050732107927,EXCEPTION,Neutre
59147,Choisies,1,0.1122263838415436,0.8877736161584564,EXCEPTION,Neutre
59148,Clairfayts,0,0.7079401702114303,0.29205982978856965,DROITE,Neutre
59149,Clary,0,0.8799943864834586,0.12000561351654138,DROITE,Neutre
59150,Cobrieux,1,0.11700760901629748,0.8829923909837025,EXCEPTION,Neutre
59151,Colleret,0,0.9502963993502747,0.049703600649725295,DROITE,Neutre
59152,Comines,0,0.5950721006014827,0.4049278993985173,DROITE,Neutre
59153,Condé-sur-l'Escaut,0,0.7750635187013395,0.2249364812986605,DROITE,Neutre
59155,Coudekerque-Branche,0,0.7636859320341739,0.2363140679658261,DROITE,Neutre
59156,Courchelettes,0,0.659841637222857,0.340158362777143,DROITE,Neutre
59157,Cousolre,0,0.9416905064864751,0.05830949351352491,DROITE,Neutre
59158,Coutiches,1,0.255093214728785,0.744906785271215,EXCEPTION,Neutre
59159,Craywick,1,0.3833315029017742,0.6166684970982258,EXCEPTION,Neutre
59160,Crespin,0,0.9657282110020173,0.034271788997982694,DROITE,Neutre
59161,Crèvecoeur-sur-l'Escaut,0,0.9695459676693796,0.030454032330620356,DROITE,Neutre
59162,Crochte,0,0.8712782040366065,0.12872179596339356,DROITE,Neutre
59163,Croix,1,0.08485667652899254,0.9151433234710075,EXCEPTION,Neutre
59164,Croix-Caluyau,0,0.8543896665937735,0.14561033340622656,DROITE,Neutre
59165,Cuincy,0,0.5850473819469666,0.41495261805303335,DROITE,Neutre
59166,Curgies,1,0.2964861934966392,0.7035138065033608,EXCEPTION,Neutre
59167,Cuvillers,0,0.9655868129425348,0.034413187057465225,DROITE,Neutre
59168,Cysoing,1,0.0757379058287827,0.9242620941712173,EXCEPTION,Neutre
59169,Damousies,0,0.9005122432184162,0.09948775678158381,DROITE,Neutre
59170,Dechy,0,0.6987082650983523,0.3012917349016478,DROITE,Neutre
59171,Dehéries,0,0.9619351729686572,0.03806482703134287,DROITE,Neutre
59172,Denain,0,0.8485328147438602,0.15146718525613984,DROITE,Neutre
59173,Deûlémont,0,0.7409297591089126,0.2590702408910874,DROITE,Neutre
59174,Dimechaux,0,0.8934260531322125,0.10657394686778757,DROITE,Neutre
59175,Dimont,0,0.9288253868243148,0.07117461317568516,DROITE,Neutre
59176,Doignies,0,0.6243524112995702,0.37564758870042986,DROITE,Neutre
59177,Dompierre-sur-Helpe,0,0.9028970183678664,0.09710298163213359,DROITE,Neutre
59178,Douai,1,0.4416028990790848,0.5583971009209152,EXCEPTION,Neutre
59179,Douchy-les-Mines,0,0.7530261411411127,0.24697385885888734,DROITE,Neutre
59180,Le Doulieu,1,0.34937975424807866,0.6506202457519213,EXCEPTION,Neutre
59181,Dourlers,0,0.6757904781139996,0.32420952188600044,DROITE,Neutre
59182,Drincham,0,0.8678491659410462,0.13215083405895375,DROITE,Neutre
59183,Dunkerque,0,0.558025371175357,0.441974628824643,DROITE,Neutre
59184,Ebblinghem,0,0.8859032249632683,0.11409677503673168,DROITE,Neutre
59185,Ecaillon,0,0.8813375082773522,0.11866249172264781,DROITE,Neutre
59186,Eccles,0,0.9974959823613769,0.002504017638623091,DROITE,Neutre
59187,Eclaibes,0,0.926077180313424,0.07392281968657598,DROITE,Neutre
59188,Ecuélin,0,0.9950736854624129,0.004926314537587028,DROITE,Neutre
59189,Eecke,0,0.5995774016985833,0.4004225983014167,DROITE,Neutre
59190,Elesmes,0,0.8704256542343228,0.12957434576567714,DROITE,Neutre
59191,Elincourt,0,0.908833341599389,0.09116665840061099,DROITE,Neutre
59192,Emerchicourt,0,0.9560759786734159,0.04392402132658418,DROITE,Neutre
59193,Emmerin,1,0.09403105475198559,0.9059689452480144,EXCEPTION,Neutre
59194,Englefontaine,0,0.5954699425670519,0.4045300574329481,DROITE,Neutre
59195,Englos,1,0.07180194879695145,0.9281980512030485,EXCEPTION,Neutre
59196,Ennetières-en-Weppes,1,0.06362019238717742,0.9363798076128226,EXCEPTION,Neutre
59197,Ennevelin,1,0.06326581810116727,0.9367341818988327,EXCEPTION,Neutre
59198,Eppe-Sauvage,0,0.7034644037968663,0.2965355962031337,DROITE,Neutre
59199,Erchin,0,0.8469065200045514,0.1530934799954487,DROITE,Neutre
59200,Eringhem,0,0.8306451166521511,0.16935488334784887,DROITE,Neutre
59201,Erquinghem-le-Sec,1,0.36516756435397724,0.6348324356460228,EXCEPTION,Neutre
59202,Erquinghem-Lys,0,0.6576741712257679,0.3423258287742321,DROITE,Neutre
59203,Erre,0,0.9166627538914596,0.08333724610854049,DROITE,Neutre
59204,Escarmain,0,0.7907738859844298,0.20922611401557029,DROITE,Neutre
59205,Escaudain,0,0.8051034020786437,0.1948965979213563,DROITE,Neutre
59206,Escaudoeuvres,0,0.6164526554421146,0.3835473445578855,DROITE,Neutre
59207,Escautpont,0,0.9598547332731672,0.04014526672683284,DROITE,Neutre
59208,Escobecques,1,0.005524574710894847,0.9944754252891052,EXCEPTION,Neutre
59209,Esnes,0,0.8777350202772806,0.12226497972271945,DROITE,Neutre
59210,Esquelbecq,0,0.784534265031645,0.215465734968355,DROITE,Neutre
59211,Esquerchin,1,0.47993913998179427,0.5200608600182057,EXCEPTION,Neutre
59212,Estaires,0,0.6090509675591764,0.39094903244082363,DROITE,Neutre
59213,Estourmel,0,0.825784031458746,0.17421596854125398,DROITE,Neutre
59214,Estrées,0,0.8608676003780419,0.1391323996219581,DROITE,Neutre
59215,Estreux,1,0.3917308349901658,0.6082691650098342,EXCEPTION,Neutre
59216,Eswars,1,0.48079425807607956,0.5192057419239204,EXCEPTION,Neutre
59217,Eth,1,0.07099646487177647,0.9290035351282235,EXCEPTION,Neutre
59218,Etroeungt,0,0.9463244336465502,0.053675566353449805,DROITE,Neutre
59219,Estrun,0,0.614794574966442,0.38520542503355804,DROITE,Neutre
59220,Faches-Thumesnil,1,0.17887858897394027,0.8211214110260597,EXCEPTION,Neutre
59221,Famars,0,0.5812034590133632,0.4187965409866368,DROITE,Neutre
59222,Faumont,1,0.2881348751927406,0.7118651248072594,EXCEPTION,Neutre
59223,Le Favril,0,0.9326201215053075,0.06737987849469249,DROITE,Neutre
59224,Féchain,0,0.7289641532835671,0.2710358467164328,DROITE,Neutre
59225,Feignies,0,0.7588793710244333,0.2411206289755668,DROITE,Neutre
59226,Felleries,0,0.7329592627712302,0.2670407372287697,DROITE,Neutre
59227,Fenain,0,0.8748435904885628,0.12515640951143728,DROITE,Neutre
59228,Férin,1,0.3667363173497531,0.6332636826502469,EXCEPTION,Neutre
59229,Féron,0,0.8208031531332063,0.17919684686679377,DROITE,Neutre
59230,Ferrière-la-Grande,0,0.8053874641746325,0.1946125358253675,DROITE,Neutre
59231,Ferrière-la-Petite,0,0.8181736988344208,0.18182630116557913,DROITE,Neutre
59232,La Flamengrie,1,0.40571682990924685,0.5942831700907532,EXCEPTION,Neutre
59233,Flaumont-Waudrechies,0,0.965779348497042,0.03422065150295802,DROITE,Neutre
59234,Flers-en-Escrebieux,0,0.8006309444198987,0.19936905558010137,DROITE,Neutre
59236,Flesquières,0,0.8954308748153202,0.10456912518467973,DROITE,Neutre
59237,Flêtre,1,0.20475298628816674,0.7952470137118333,EXCEPTION,Neutre
59238,Flines-lès-Mortagne,1,0.38765082697306796,0.612349173026932,EXCEPTION,Neutre
59239,Flines-lez-Raches,0,0.5141505065851657,0.4858494934148343,DROITE,Neutre
59240,Floursies,0,0.7246727880347577,0.27532721196524235,DROITE,Neutre
59241,Floyon,0,0.9596338537645331,0.04036614623546691,DROITE,Neutre
59242,Fontaine-au-Bois,0,0.8863853937242794,0.11361460627572068,DROITE,Neutre
59243,Fontaine-au-Pire,0,0.8930405950329174,0.1069594049670826,DROITE,Neutre
59244,Fontaine-Notre-Dame,0,0.9508903172816454,0.049109682718354565,DROITE,Neutre
59246,Forest-en-Cambrésis,0,0.9566111697558194,0.04338883024418061,DROITE,Neutre
59247,Forest-sur-Marque,1,0.01591713454126842,0.9840828654587316,EXCEPTION,Neutre
59249,Fourmies,0,0.774690551610507,0.22530944838949296,DROITE,Neutre
59250,Fournes-en-Weppes,1,0.19830905465241133,0.8016909453475887,EXCEPTION,Neutre
59251,Frasnoy,0,0.5010813624642445,0.49891863753575544,DROITE,Neutre
59252,Frelinghien,0,0.5694404576446117,0.43055954235538824,DROITE,Neutre
59253,Fresnes-sur-Escaut,0,0.8248629028176783,0.1751370971823217,DROITE,Neutre
59254,Fressain,0,0.9657317157786934,0.034268284221306615,DROITE,Neutre
59255,Fressies,0,0.9071400925268389,0.09285990747316109,DROITE,Neutre
59256,Fretin,1,0.146450832100117,0.853549167899883,EXCEPTION,Neutre
59257,Fromelles,1,0.493442330810406,0.506557669189594,EXCEPTION,Neutre
59258,Genech,1,0.13068263914898548,0.8693173608510145,EXCEPTION,Neutre
59259,Ghissignies,1,0.29257773039480583,0.7074222696051942,EXCEPTION,Neutre
59260,Ghyvelde,0,0.8183647516552546,0.1816352483447454,DROITE,Neutre
59261,Glageon,0,0.9386215554923365,0.0613784445076635,DROITE,Neutre
59262,Godewaersvelde,0,0.6271000944617922,0.37289990553820784,DROITE,Neutre
59263,Goeulzin,0,0.8835327627668229,0.11646723723317705,DROITE,Neutre
59264,Gognies-Chaussée,0,0.8465417109290657,0.15345828907093426,DROITE,Neutre
59265,Gommegnies,1,0.45181507348659244,0.5481849265134076,EXCEPTION,Neutre
59266,Gondecourt,1,0.13737263667463506,0.8626273633253649,EXCEPTION,Neutre
59267,Gonnelieu,0,0.7240293465537124,0.2759706534462876,DROITE,Neutre
59268,La Gorgue,0,0.6900623551855205,0.30993764481447955,DROITE,Neutre
59269,Gouzeaucourt,0,0.9644784907255718,0.03552150927442825,DROITE,Neutre
59270,Grand-Fayt,0,0.926674374851662,0.073325625148338,DROITE,Neutre
59271,Grande-Synthe,0,0.8908803531543825,0.10911964684561752,DROITE,Neutre
59272,Grand-Fort-Philippe,0,0.7872669266020601,0.2127330733979399,DROITE,Neutre
59273,Gravelines,0,0.6818265758765252,0.3181734241234748,DROITE,Neutre
59274,La Groise,0,0.9627689192470734,0.03723108075292659,DROITE,Neutre
59275,Gruson,1,0.021549381785680888,0.9784506182143191,EXCEPTION,Neutre
59276,Guesnain,0,0.7286957732533865,0.2713042267466134,DROITE,Neutre
59277,Gussignies,0,0.9107782232199599,0.08922177678004001,DROITE,Neutre
59278,Hallennes-lez-Haubourdin,1,0.22120184515346397,0.778798154846536,EXCEPTION,Neutre
59279,Halluin,0,0.5532575267687782,0.44674247323122185,DROITE,Neutre
59280,Hamel,0,0.9794117410344019,0.02058825896559809,DROITE,Neutre
59281,Hantay,1,0.16859859289343038,0.8314014071065696,EXCEPTION,Neutre
59282,Hardifort,0,0.9318433774575439,0.06815662254245608,DROITE,Neutre
59283,Hargnies,1,0.49962850896123245,0.5003714910387675,EXCEPTION,Neutre
59284,Hasnon,1,0.4001884232801497,0.5998115767198503,EXCEPTION,Neutre
59285,Haspres,0,0.8707379863761601,0.12926201362383996,DROITE,Neutre
59286,Haubourdin,0,0.5969045502909602,0.4030954497090397,DROITE,Neutre
59287,Haucourt-en-Cambrésis,0,0.9611313891817719,0.038868610818228067,DROITE,Neutre
59288,Haulchin,0,0.9301904167848903,0.06980958321510966,DROITE,Neutre
59289,Haussy,0,0.7923716845028601,0.20762831549713992,DROITE,Neutre
59290,Haut-Lieu,0,0.5631987812346795,0.4368012187653206,DROITE,Neutre
59291,Hautmont,0,0.9269499367419584,0.07305006325804166,DROITE,Neutre
59292,Haveluy,0,0.926358960240418,0.07364103975958203,DROITE,Neutre
59293,Haverskerque,0,0.8299628127353438,0.1700371872646562,DROITE,Neutre
59294,Haynecourt,0,0.9392836927698968,0.06071630723010324,DROITE,Neutre
59295,Hazebrouck,1,0.39706492551908235,0.6029350744809177,EXCEPTION,Neutre
59296,Hecq,0,0.701971281190896,0.298028718809104,DROITE,Neutre
59297,Hélesmes,0,0.9257287420778432,0.07427125792215687,DROITE,Neutre
59299,Hem,1,0.07973546894510153,0.9202645310548985,EXCEPTION,Neutre
59300,Hem-Lenglet,0,0.9800784722383772,0.019921527761622867,DROITE,Neutre
59301,Hergnies,0,0.7858602461736163,0.21413975382638376,DROITE,Neutre
59302,Hérin,0,0.8044124848935983,0.19558751510640177,DROITE,Neutre
59303,Herlies,1,0.061371547946662885,0.9386284520533371,EXCEPTION,Neutre
59304,Herrin,1,0.46357686772225726,0.5364231322777427,EXCEPTION,Neutre
59305,Herzeele,0,0.7803989907005467,0.21960100929945328,DROITE,Neutre
59306,Hestrud,0,0.9381313563484761,0.06186864365152386,DROITE,Neutre
59307,Holque,0,0.9393905681796858,0.060609431820314225,DROITE,Neutre
59308,Hondeghem,0,0.7122573936000942,0.28774260639990573,DROITE,Neutre
59309,Hondschoote,0,0.9079872203518234,0.09201277964817654,DROITE,Neutre
59310,Hon-Hergies,0,0.5686099569204467,0.4313900430795533,DROITE,Neutre
59311,Honnechy,0,0.9900572735156064,0.009942726484393698,DROITE,Neutre
59312,Honnecourt-sur-Escaut,0,0.8465852700666954,0.15341472993330457,DROITE,Neutre
59313,Hordain,0,0.8382888849546449,0.1617111150453551,DROITE,Neutre
59314,Hornaing,0,0.938651713026313,0.06134828697368697,DROITE,Neutre
59315,Houdain-lez-Bavay,0,0.9011303439677159,0.09886965603228415,DROITE,Neutre
59316,Houplin-Ancoisne,1,0.10948238327069515,0.8905176167293049,EXCEPTION,Neutre
59317,Houplines,0,0.5754520806579846,0.42454791934201536,DROITE,Neutre
59318,Houtkerque,0,0.5161120494645108,0.48388795053548916,DROITE,Neutre
59319,Hoymille,0,0.7903589133194737,0.20964108668052625,DROITE,Neutre
59320,Illies,1,0.30298495374665046,0.6970150462533495,EXCEPTION,Neutre
59321,Inchy,0,0.9850786494726156,0.014921350527384442,DROITE,Neutre
59322,Iwuy,0,0.7525739148393399,0.24742608516066014,DROITE,Neutre
59323,Jenlain,1,0.09152607139461189,0.9084739286053881,EXCEPTION,Neutre
59324,Jeumont,0,0.9348729872265749,0.06512701277342514,DROITE,Neutre
59325,Jolimetz,1,0.428264242290451,0.571735757709549,EXCEPTION,Neutre
59326,Killem,0,0.9338249674584802,0.0661750325415198,DROITE,Neutre
59327,Lallaing,0,0.8136668787290384,0.18633312127096155,DROITE,Neutre
59328,Lambersart,1,0.01800389063868202,0.981996109361318,EXCEPTION,Neutre
59329,Lambres-lez-Douai,0,0.6055314178131264,0.39446858218687364,DROITE,Neutre
59330,Landas,1,0.10268612095226737,0.8973138790477326,EXCEPTION,Neutre
59331,Landrecies,0,0.7727145363239551,0.22728546367604485,DROITE,Neutre
59332,Lannoy,0,0.6127873028528813,0.3872126971471187,DROITE,Neutre
59333,Larouillies,0,0.9356615800719628,0.0643384199280372,DROITE,Neutre
59334,Lauwin-Planque,1,0.2483493370724944,0.7516506629275056,EXCEPTION,Neutre
59335,Lecelles,1,0.41035089557271365,0.5896491044272864,EXCEPTION,Neutre
59336,Lécluse,0,0.6646314768049407,0.3353685231950593,DROITE,Neutre
59337,Lederzeele,0,0.8425255813849317,0.1574744186150683,DROITE,Neutre
59338,Ledringhem,0,0.7190640639062985,0.2809359360937015,DROITE,Neutre
59339,Leers,1,0.3595746955187126,0.6404253044812874,EXCEPTION,Neutre
59340,Leffrinckoucke,1,0.36355384899216914,0.6364461510078309,EXCEPTION,Neutre
59341,Lesdain,0,0.9393722154259007,0.060627784574099335,DROITE,Neutre
59342,Lez-Fontaine,0,0.8587360796184926,0.1412639203815073,DROITE,Neutre
59343,Lesquin,1,0.10017604466523711,0.8998239553347629,EXCEPTION,Neutre
59344,Leval,0,0.9629456092542733,0.03705439074572666,DROITE,Neutre
59345,Lewarde,0,0.9539487803107802,0.04605121968921976,DROITE,Neutre
59346,Lezennes,1,0.025276008901047198,0.9747239910989528,EXCEPTION,Neutre
59347,Liessies,0,0.958312761282859,0.04168723871714096,DROITE,Neutre
59348,Lieu-Saint-Amand,0,0.8218603751130028,0.1781396248869972,DROITE,Neutre
59349,Ligny-en-Cambrésis,0,0.8661002496369167,0.13389975036308333,DROITE,Neutre
59350,Lille,1,0.022813421445581406,0.9771865785544186,EXCEPTION,Neutre
59351,Limont-Fontaine,0,0.7742547293357427,0.22574527066425726,DROITE,Neutre
59352,Linselles,1,0.12771408440086107,0.8722859155991389,EXCEPTION,Neutre
59353,Locquignol,0,0.875384750396377,0.12461524960362302,DROITE,Neutre
59354,Loffre,0,0.8835753899332739,0.11642461006672614,DROITE,Neutre
59356,Lompret,1,0.016785529684589018,0.983214470315411,EXCEPTION,Neutre
59357,La Longueville,0,0.7401884847119236,0.2598115152880764,DROITE,Neutre
59358,Looberghe,0,0.9143690556054767,0.08563094439452329,DROITE,Neutre
59359,Loon-Plage,0,0.83718752597179,0.16281247402820995,DROITE,Neutre
59360,Loos,1,0.26079044423685827,0.7392095557631417,EXCEPTION,Neutre
59361,Lourches,0,0.955230695470477,0.04476930452952297,DROITE,Neutre
59363,Louvignies-Quesnoy,0,0.7669529120688263,0.23304708793117368,DROITE,Neutre
59364,Louvil,1,0.04096575890043119,0.9590342410995688,EXCEPTION,Neutre
59365,Louvroil,0,0.5702659822667263,0.4297340177332737,DROITE,Neutre
59366,Lynde,0,0.8684945251214532,0.1315054748785468,DROITE,Neutre
59367,Lys-lez-Lannoy,1,0.4119275246423393,0.5880724753576607,EXCEPTION,Neutre
59368,La Madeleine,1,0.016113627496091354,0.9838863725039086,EXCEPTION,Neutre
59369,Maing,0,0.6534849377553609,0.34651506224463907,DROITE,Neutre
59370,Mairieux,0,0.8934871434679297,0.10651285653207028,DROITE,Neutre
59371,Le Maisnil,1,0.024075266485047098,0.9759247335149529,EXCEPTION,Neutre
59372,Malincourt,0,0.8813544527991894,0.1186455472008105,DROITE,Neutre
59374,Marbaix,0,0.9126625973758338,0.08733740262416627,DROITE,Neutre
59375,Marchiennes,0,0.8016357058139514,0.19836429418604867,DROITE,Neutre
59377,Marcoing,0,0.8587482673577962,0.14125173264220384,DROITE,Neutre
59378,Marcq-en-Baroeul,1,0.01229022947372116,0.9877097705262788,EXCEPTION,Neutre
59379,Marcq-en-Ostrevent,0,0.740370433196875,0.25962956680312504,DROITE,Neutre
59381,Maresches,0,0.620431333771891,0.3795686662281091,DROITE,Neutre
59382,Maretz,0,0.9206631450139562,0.07933685498604384,DROITE,Neutre
59383,Marly,0,0.7359787583628343,0.2640212416371657,DROITE,Neutre
59384,Maroilles,0,0.9308878131797502,0.06911218682024979,DROITE,Neutre
59385,Marpent,0,0.9701024466931677,0.029897553306832355,DROITE,Neutre
59386,Marquette-lez-Lille,1,0.09787638894736816,0.9021236110526318,EXCEPTION,Neutre
59387,Marquette-en-Ostrevant,0,0.9472521711068888,0.05274782889311121,DROITE,Neutre
59388,Marquillies,1,0.15183352779359727,0.8481664722064027,EXCEPTION,Neutre
59389,Masnières,0,0.9193370076187383,0.0806629923812617,DROITE,Neutre
59390,Masny,0,0.8383798619627828,0.16162013803721717,DROITE,Neutre
59391,Mastaing,0,0.9278425783404021,0.07215742165959797,DROITE,Neutre
59392,Maubeuge,0,0.6119491177376399,0.38805088226236006,DROITE,Neutre
59393,Maulde,1,0.4712631831606171,0.5287368168393829,EXCEPTION,Neutre
59394,Maurois,0,0.9444480065497305,0.055551993450269455,DROITE,Neutre
59395,Mazinghien,0,0.9174510235604719,0.08254897643952805,DROITE,Neutre
59396,Mecquignies,0,0.5113227803515841,0.48867721964841593,DROITE,Neutre
59397,Merckeghem,0,0.9588949759506022,0.0411050240493978,DROITE,Neutre
59398,Mérignies,1,0.014979875524555042,0.985020124475445,EXCEPTION,Neutre
59399,Merris,1,0.41247538981768184,0.5875246101823182,EXCEPTION,Neutre
59400,Merville,0,0.879811970216418,0.120188029783582,DROITE,Neutre
59401,Méteren,1,0.20902160116908275,0.7909783988309173,EXCEPTION,Neutre
59402,Millam,0,0.9689700363664117,0.031029963633588387,DROITE,Neutre
59403,Millonfosse,0,0.8376617578548982,0.16233824214510184,DROITE,Neutre
59405,Moeuvres,0,0.902806588571106,0.09719341142889408,DROITE,Neutre
59406,Monceau-Saint-Waast,0,0.9094030423050609,0.09059695769493911,DROITE,Neutre
59407,Monchaux-sur-Ecaillon,0,0.9360254805434642,0.06397451945653577,DROITE,Neutre
59408,Moncheaux,1,0.31807905577323115,0.6819209442267689,EXCEPTION,Neutre
59409,Monchecourt,0,0.974070874041062,0.02592912595893807,DROITE,Neutre
59410,Mons-en-Baroeul,1,0.06885838507558983,0.9311416149244102,EXCEPTION,Neutre
59411,Mons-en-Pévèle,1,0.16890147548133716,0.8310985245186628,EXCEPTION,Neutre
59412,Montay,0,0.9927029548360584,0.0072970451639416305,DROITE,Neutre
59413,Montigny-en-Cambrésis,0,0.9321210260593773,0.06787897394062267,DROITE,Neutre
59414,Montigny-en-Ostrevent,0,0.7873958687195262,0.2126041312804738,DROITE,Neutre
59415,Montrécourt,0,0.9772173828492418,0.022782617150758216,DROITE,Neutre
59416,Morbecque,0,0.8455859264820986,0.15441407351790143,DROITE,Neutre
59418,Mortagne-du-Nord,0,0.9061498735344458,0.09385012646555427,DROITE,Neutre
59419,Mouchin,1,0.03809570208180668,0.9619042979181933,EXCEPTION,Neutre
59420,Moustier-en-Fagne,1,0.20862552421223446,0.7913744757877655,EXCEPTION,Neutre
59421,Mouvaux,1,0.018813801464236057,0.9811861985357639,EXCEPTION,Neutre
59422,Naves,0,0.7286186165888979,0.2713813834111021,DROITE,Neutre
59423,Neuf-Berquin,0,0.9477492479020441,0.052250752097955905,DROITE,Neutre
59424,Neuf-Mesnil,0,0.7813558605905611,0.21864413940943897,DROITE,Neutre
59425,Neuville-en-Avesnois,0,0.6757455850983242,0.32425441490167584,DROITE,Neutre
59426,Neuville-en-Ferrain,1,0.23041292567478588,0.7695870743252141,EXCEPTION,Neutre
59427,La Neuville,1,0.09335095866054455,0.9066490413394555,EXCEPTION,Neutre
59428,Neuville-Saint-Rémy,0,0.7456803974467442,0.2543196025532558,DROITE,Neutre
59429,Neuville-sur-Escaut,0,0.9355348383115747,0.06446516168842535,DROITE,Neutre
59430,Neuvilly,0,0.9192335229217846,0.08076647707821541,DROITE,Neutre
59431,Nieppe,1,0.2958193436428681,0.7041806563571319,EXCEPTION,Neutre
59432,Niergnies,0,0.8956229843998834,0.10437701560011658,DROITE,Neutre
59433,Nieurlet,0,0.9788454729125154,0.021154527087484547,DROITE,Neutre
59434,Nivelle,0,0.6479197989053751,0.35208020109462496,DROITE,Neutre
59435,Nomain,1,0.1545320072341817,0.8454679927658183,EXCEPTION,Neutre
59436,Noordpeene,0,0.6745740792787492,0.32542592072125076,DROITE,Neutre
59437,Noyelles-lès-Seclin,1,0.07042562709205968,0.9295743729079403,EXCEPTION,Neutre
59438,Noyelles-sur-Escaut,0,0.8846287423788983,0.11537125762110162,DROITE,Neutre
59439,Noyelles-sur-Sambre,0,0.993550818454638,0.006449181545362034,DROITE,Neutre
59440,Noyelles-sur-Selle,0,0.9538905763756007,0.04610942362439934,DROITE,Neutre
59441,Obies,0,0.8985124585894699,0.10148754141053003,DROITE,Neutre
59442,Obrechies,0,0.7553225638663965,0.24467743613360354,DROITE,Neutre
59443,Ochtezeele,0,0.9264855352534973,0.0735144647465027,DROITE,Neutre
59444,Odomez,0,0.8968062301245757,0.1031937698754243,DROITE,Neutre
59445,Ohain,0,0.9215605635050372,0.0784394364949628,DROITE,Neutre
59446,Oisy,0,0.7398234708043792,0.2601765291956209,DROITE,Neutre
59447,Onnaing,0,0.7668517171155708,0.23314828288442924,DROITE,Neutre
59448,Oost-Cappel,0,0.9059561308310646,0.09404386916893533,DROITE,Neutre
59449,Orchies,1,0.3626450610932086,0.6373549389067914,EXCEPTION,Neutre
59450,Ors,0,0.9078766838760322,0.09212331612396783,DROITE,Neutre
59451,Orsinval,0,0.7129812057650329,0.2870187942349671,DROITE,Neutre
59452,Ostricourt,0,0.6454971489436785,0.3545028510563215,DROITE,Neutre
59453,Oudezeele,0,0.8523607976955277,0.14763920230447228,DROITE,Neutre
59454,Oxelaëre,0,0.9495896938500914,0.05041030614990862,DROITE,Neutre
59455,Paillencourt,0,0.7406826616068132,0.2593173383931868,DROITE,Neutre
59456,Pecquencourt,0,0.7948583272495775,0.20514167275042253,DROITE,Neutre
59457,Pérenchies,1,0.1787931785271325,0.8212068214728675,EXCEPTION,Neutre
59458,Péronne-en-Mélantois,1,0.21947870835333183,0.7805212916466682,EXCEPTION,Neutre
59459,Petite-Forêt,0,0.690592156776947,0.30940784322305304,DROITE,Neutre
59461,Petit-Fayt,0,0.9622984003519027,0.037701599648097224,DROITE,Neutre
59462,Phalempin,1,0.09224055289981736,0.9077594471001826,EXCEPTION,Neutre
59463,Pitgam,0,0.8956412949757382,0.10435870502426181,DROITE,Neutre
59464,Poix-du-Nord,0,0.6802495016875303,0.3197504983124697,DROITE,Neutre
59465,Pommereuil,0,0.87406914012733,0.12593085987267003,DROITE,Neutre
59466,Pont-à-Marcq,1,0.12709974604500274,0.8729002539549973,EXCEPTION,Neutre
59467,Pont-sur-Sambre,0,0.8963397977272877,0.10366020227271236,DROITE,Neutre
59468,Potelle,1,0.14844373492175755,0.8515562650782424,EXCEPTION,Neutre
59469,Pradelles,1,0.13832511763938726,0.8616748823606127,EXCEPTION,Neutre
59470,Prémesques,1,0.0939053797339866,0.9060946202660134,EXCEPTION,Neutre
59471,Préseau,1,0.4797429755702596,0.5202570244297404,EXCEPTION,Neutre
59472,Preux-au-Bois,0,0.9267403581922242,0.07325964180777575,DROITE,Neutre
59473,Preux-au-Sart,0,0.5585017886665181,0.4414982113334819,DROITE,Neutre
59474,Prisches,0,0.93484168441566,0.06515831558434006,DROITE,Neutre
59475,Prouvy,0,0.8813619400314652,0.11863805996853488,DROITE,Neutre
59476,Proville,0,0.5109140174885505,0.48908598251144947,DROITE,Neutre
59477,Provin,0,0.625881642719114,0.37411835728088605,DROITE,Neutre
59478,Quaëdypre,0,0.6447122201863328,0.3552877798136672,DROITE,Neutre
59479,Quarouble,0,0.8245565085530273,0.17544349144697263,DROITE,Neutre
59480,Quérénaing,1,0.37542165187051735,0.6245783481294827,EXCEPTION,Neutre
59481,Le Quesnoy,0,0.5499714725658829,0.4500285274341172,DROITE,Neutre
59482,Quesnoy-sur-Deûle,1,0.13703353953692754,0.8629664604630725,EXCEPTION,Neutre
59483,Quiévelon,0,0.8710352923577026,0.1289647076422974,DROITE,Neutre
59484,Quiévrechain,0,0.8680120536906607,0.13198794630933927,DROITE,Neutre
59485,Quiévy,0,0.8843308501276296,0.1156691498723704,DROITE,Neutre
59486,Râches,0,0.7661735865065993,0.23382641349340066,DROITE,Neutre
59487,Radinghem-en-Weppes,1,0.11218291018642235,0.8878170898135777,EXCEPTION,Neutre
59488,Raillencourt-Sainte-Olle,0,0.6616872504950284,0.33831274950497153,DROITE,Neutre
59489,Raimbeaucourt,0,0.7268367903734549,0.27316320962654506,DROITE,Neutre
59490,Rainsars,0,0.765405516605465,0.2345944833945351,DROITE,Neutre
59491,Raismes,0,0.8499798921066268,0.15002010789337317,DROITE,Neutre
59492,Ramillies,0,0.9550816978970961,0.044918302102903956,DROITE,Neutre
59493,Ramousies,0,0.8670575315328243,0.1329424684671757,DROITE,Neutre
59494,Raucourt-au-Bois,0,0.5404874160448309,0.45951258395516914,DROITE,Neutre
59495,Recquignies,0,0.953951920211735,0.046048079788264966,DROITE,Neutre
59496,Rejet-de-Beaulieu,0,0.9086559097859361,0.0913440902140639,DROITE,Neutre
59497,Renescure,0,0.9351932661081754,0.06480673389182459,DROITE,Neutre
59498,Reumont,0,0.987553050755491,0.012446949244508997,DROITE,Neutre
59499,Rexpoëde,0,0.7129074765756476,0.2870925234243525,DROITE,Neutre
59500,Ribécourt-la-Tour,0,0.6476081773457958,0.3523918226542042,DROITE,Neutre
59501,Rieulay,0,0.8403674920335834,0.1596325079664166,DROITE,Neutre
59502,Rieux-en-Cambrésis,0,0.9523086523814236,0.047691347618576456,DROITE,Neutre
59503,Robersart,1,0.3358337580788383,0.6641662419211617,EXCEPTION,Neutre
59504,Roeulx,0,0.8934446914818044,0.10655530851819561,DROITE,Neutre
59505,Rombies-et-Marchipont,0,0.7938093045753635,0.20619069542463656,DROITE,Neutre
59506,Romeries,0,0.8044030654667796,0.19559693453322036,DROITE,Neutre
59507,Ronchin,1,0.16352939054716986,0.8364706094528301,EXCEPTION,Neutre
59508,Roncq,1,0.1975269522349532,0.8024730477650468,EXCEPTION,Neutre
59509,Roost-Warendin,0,0.824691661987611,0.17530833801238893,DROITE,Neutre
59511,Rosult,1,0.4105730471611595,0.5894269528388405,EXCEPTION,Neutre
59512,Roubaix,1,0.3971385361164942,0.6028614638835058,EXCEPTION,Neutre
59513,Roucourt,0,0.8428204816709558,0.15717951832904417,DROITE,Neutre
59514,Rousies,0,0.6635045414040732,0.3364954585959267,DROITE,Neutre
59515,Rouvignies,0,0.85242961471485,0.14757038528514999,DROITE,Neutre
59516,Rubrouck,0,0.8278351144715277,0.17216488552847234,DROITE,Neutre
59517,Les Rues-des-Vignes,0,0.8316687039563089,0.16833129604369107,DROITE,Neutre
59518,Ruesnes,0,0.5875965981173892,0.4124034018826108,DROITE,Neutre
59519,Rumegies,0,0.8044010086189779,0.1955989913810221,DROITE,Neutre
59520,Rumilly-en-Cambrésis,0,0.7869576518501359,0.21304234814986414,DROITE,Neutre
59521,Sailly-lez-Cambrai,0,0.8231687088902695,0.17683129110973045,DROITE,Neutre
59522,Sailly-lez-Lannoy,1,0.04609812336173624,0.9539018766382638,EXCEPTION,Neutre
59523,Sainghin-en-Mélantois,1,0.008836447841628958,0.991163552158371,EXCEPTION,Neutre
59524,Sainghin-en-Weppes,1,0.3194696467299646,0.6805303532700354,EXCEPTION,Neutre
59525,Sains-du-Nord,0,0.8573918496355879,0.14260815036441207,DROITE,Neutre
59526,Saint-Amand-les-Eaux,1,0.41749574651107935,0.5825042534889207,EXCEPTION,Neutre
59527,Saint-André-lez-Lille,1,0.06390036608560146,0.9360996339143985,EXCEPTION,Neutre
59528,Saint-Aubert,0,0.7873249625241836,0.21267503747581634,DROITE,Neutre
59529,Saint-Aubin,0,0.808152620778162,0.19184737922183806,DROITE,Neutre
59530,Saint-Aybert,0,0.9569309441654024,0.043069055834597615,DROITE,Neutre
59531,Saint-Benin,0,0.9076331447529391,0.09236685524706087,DROITE,Neutre
59532,Saint-Georges-sur-l'Aa,0,0.8192455734427461,0.1807544265572539,DROITE,Neutre
59533,Saint-Hilaire-lez-Cambrai,0,0.8960271789505847,0.1039728210494153,DROITE,Neutre
59534,Saint-Hilaire-sur-Helpe,0,0.7193697192271902,0.2806302807728098,DROITE,Neutre
59535,Saint-Jans-Cappel,1,0.46805280170308805,0.531947198296912,EXCEPTION,Neutre
59536,Sainte-Marie-Cappel,1,0.4850608377375559,0.5149391622624441,EXCEPTION,Neutre
59537,Saint-Martin-sur-Ecaillon,0,0.7254047563241335,0.2745952436758666,DROITE,Neutre
59538,Saint-Momelin,0,0.9831163836061303,0.016883616393869677,DROITE,Neutre
59539,Saint-Pierre-Brouck,0,0.9552605988930171,0.04473940110698296,DROITE,Neutre
59541,Saint-Python,0,0.969236178785763,0.030763821214237083,DROITE,Neutre
59542,Saint-Remy-Chaussée,0,0.9606027888887959,0.03939721111120408,DROITE,Neutre
59543,Saint-Remy-du-Nord,0,0.9822429975440956,0.017757002455904336,DROITE,Neutre
59544,Saint-Saulve,1,0.3391260477321151,0.6608739522678849,EXCEPTION,Neutre
59545,Saint-Souplet,0,0.9660686868577101,0.03393131314228994,DROITE,Neutre
59546,Saint-Sylvestre-Cappel,0,0.8702570720228976,0.1297429279771024,DROITE,Neutre
59547,Saint-Vaast-en-Cambrésis,0,0.9350834035554927,0.06491659644450735,DROITE,Neutre
59548,Saint-Waast,0,0.9189018314216324,0.08109816857836763,DROITE,Neutre
59549,Salesches,0,0.98880869921643,0.011191300783570023,DROITE,Neutre
59550,Salomé,1,0.4989006428735895,0.5010993571264105,EXCEPTION,Neutre
59551,Saméon,1,0.22173406185010636,0.7782659381498936,EXCEPTION,Neutre
59552,Sancourt,0,0.9841348379453131,0.015865162054686875,DROITE,Neutre
59553,Santes,1,0.19813498596018853,0.8018650140398115,EXCEPTION,Neutre
59554,Sars-et-Rosières,1,0.06308460532132787,0.9369153946786721,EXCEPTION,Neutre
59555,Sars-Poteries,0,0.9039984174224487,0.09600158257755131,DROITE,Neutre
59556,Sassegnies,0,0.9429797004190488,0.05702029958095123,DROITE,Neutre
59557,Saultain,1,0.4736670850640672,0.5263329149359328,EXCEPTION,Neutre
59558,Saulzoir,0,0.8711237350937326,0.12887626490626736,DROITE,Neutre
59559,Sebourg,1,0.06141891775683328,0.9385810822431667,EXCEPTION,Neutre
59560,Seclin,1,0.1744297520331014,0.8255702479668986,EXCEPTION,Neutre
59562,Sémeries,0,0.8863278437670759,0.11367215623292419,DROITE,Neutre
59563,Semousies,0,0.9128404258324557,0.08715957416754429,DROITE,Neutre
59564,La Sentinelle,0,0.8914132769102242,0.1085867230897758,DROITE,Neutre
59565,Sepmeries,0,0.6167365901492184,0.38326340985078156,DROITE,Neutre
59566,Sequedin,1,0.45434418286264144,0.5456558171373586,EXCEPTION,Neutre
59567,Séranvillers-Forenville,0,0.8689311209451651,0.13106887905483483,DROITE,Neutre
59568,Sercus,0,0.9360478005468731,0.06395219945312694,DROITE,Neutre
59569,Sin-le-Noble,0,0.8751863510209841,0.12481364897901591,DROITE,Neutre
59570,Socx,1,0.24053428128087329,0.7594657187191267,EXCEPTION,Neutre
59571,Solesmes,0,0.7552999003724992,0.24470009962750078,DROITE,Neutre
59572,Solre-le-Château,0,0.9470118655346113,0.05298813446538872,DROITE,Neutre
59573,Solrinnes,0,0.7782561668733371,0.22174383312666288,DROITE,Neutre
59574,Somain,0,0.7177379972675346,0.2822620027324654,DROITE,Neutre
59575,Sommaing,0,0.5590819302914591,0.44091806970854086,DROITE,Neutre
59576,Spycker,0,0.8988136286482654,0.10118637135173454,DROITE,Neutre
59577,Staple,0,0.8434381312387513,0.1565618687612486,DROITE,Neutre
59578,Steenbecque,0,0.6196472762484819,0.38035272375151813,DROITE,Neutre
59579,Steene,0,0.739845285173996,0.26015471482600405,DROITE,Neutre
59580,Steenvoorde,0,0.6096518750762867,0.3903481249237133,DROITE,Neutre
59581,Steenwerck,1,0.3201240601644646,0.6798759398355354,EXCEPTION,Neutre
59582,Strazeele,0,0.8197633939251967,0.18023660607480327,DROITE,Neutre
59583,Taisnières-en-Thiérache,0,0.8145304659486875,0.18546953405131247,DROITE,Neutre
59584,Taisnières-sur-Hon,0,0.803505113776136,0.19649488622386402,DROITE,Neutre
59585,Templemars,1,0.1836888074030013,0.8163111925969987,EXCEPTION,Neutre
59586,Templeuve-en-Pévèle,1,0.10193054938743162,0.8980694506125684,EXCEPTION,Neutre
59587,Terdeghem,1,0.23130098000565225,0.7686990199943478,EXCEPTION,Neutre
59588,Téteghem-Coudekerque-Village,0,0.5254226976514207,0.4745773023485793,DROITE,Neutre
59589,Thiant,0,0.7545413289082468,0.24545867109175318,DROITE,Neutre
59590,Thiennes,0,0.9716537915915144,0.028346208408485556,DROITE,Neutre
59591,Thivencelle,0,0.7220989832992385,0.2779010167007615,DROITE,Neutre
59592,Thumeries,1,0.3494324052440245,0.6505675947559755,EXCEPTION,Neutre
59593,Thun-l'Evêque,0,0.5035822004300876,0.49641779956991244,DROITE,Neutre
59594,Thun-Saint-Amand,0,0.8967153173349158,0.10328468266508417,DROITE,Neutre
59595,Thun-Saint-Martin,0,0.5764351891470023,0.4235648108529977,DROITE,Neutre
59596,Tilloy-lez-Marchiennes,1,0.327465982104418,0.672534017895582,EXCEPTION,Neutre
59597,Tilloy-lez-Cambrai,1,0.1595848285225273,0.8404151714774727,EXCEPTION,Neutre
59598,Toufflers,1,0.44724856862659923,0.5527514313734008,EXCEPTION,Neutre
59599,Tourcoing,1,0.49076236505939264,0.5092376349406074,EXCEPTION,Neutre
59600,Tourmignies,1,0.173476462000277,0.826523537999723,EXCEPTION,Neutre
59601,Trélon,0,0.5014942032253782,0.49850579677462176,DROITE,Neutre
59602,Tressin,1,0.10319858173832308,0.8968014182616769,EXCEPTION,Neutre
59603,Trith-Saint-Léger,0,0.6824505028246777,0.31754949717532227,DROITE,Neutre
59604,Troisvilles,0,0.9420351986667815,0.05796480133321849,DROITE,Neutre
59605,Uxem,0,0.5655639118172404,0.43443608818275953,DROITE,Neutre
59606,Valenciennes,1,0.22171201875139823,0.7782879812486018,EXCEPTION,Neutre
59607,Vendegies-au-Bois,0,0.77510016664003,0.22489983335997002,DROITE,Neutre
59608,Vendegies-sur-Ecaillon,0,0.890511384637037,0.10948861536296292,DROITE,Neutre
59609,Vendeville,1,0.07295969112989653,0.9270403088701035,EXCEPTION,Neutre
59610,Verchain-Maugré,0,0.6472317457487902,0.3527682542512099,DROITE,Neutre
59611,Verlinghem,1,0.0632651997161845,0.9367348002838155,EXCEPTION,Neutre
59612,Vertain,0,0.8283696859911064,0.17163031400889361,DROITE,Neutre
59613,Vicq,0,0.8019693554596936,0.19803064454030644,DROITE,Neutre
59614,Viesly,0,0.9055768239914325,0.09442317600856749,DROITE,Neutre
59615,Vieux-Berquin,0,0.6720206646446185,0.32797933535538143,DROITE,Neutre
59616,Vieux-Condé,0,0.783315672130029,0.216684327869971,DROITE,Neutre
59617,Vieux-Mesnil,0,0.990355607486848,0.00964439251315194,DROITE,Neutre
59618,Vieux-Reng,0,0.9913425334327929,0.008657466567207152,DROITE,Neutre
59619,Villereau,0,0.7340353654807839,0.2659646345192161,DROITE,Neutre
59620,Villers-au-Tertre,0,0.8980693539251234,0.10193064607487658,DROITE,Neutre
59622,Villers-en-Cauchies,0,0.9264380996575542,0.07356190034244581,DROITE,Neutre
59623,Villers-Guislain,0,0.9699126936271889,0.030087306372811113,DROITE,Neutre
59624,Villers-Outréaux,1,0.472148432153897,0.527851567846103,EXCEPTION,Neutre
59625,Villers-Plouich,0,0.779113548390576,0.22088645160942402,DROITE,Neutre
59626,Villers-Pol,1,0.3438354267978063,0.6561645732021937,EXCEPTION,Neutre
59627,Villers-Sire-Nicole,0,0.974856434920522,0.025143565079478004,DROITE,Neutre
59628,Volckerinckhove,0,0.8649638195089875,0.13503618049101254,DROITE,Neutre
59629,Vred,0,0.7858771228495294,0.2141228771504706,DROITE,Neutre
59630,Wahagnies,0,0.8085439693331515,0.19145603066684844,DROITE,Neutre
59631,Walincourt-Selvigny,0,0.8101230775028238,0.18987692249717622,DROITE,Neutre
59632,Wallers,0,0.8035858046752696,0.1964141953247304,DROITE,Neutre
59633,Wallers-en-Fagne,0,0.9301701342615332,0.06982986573846686,DROITE,Neutre
59634,Wallon-Cappel,0,0.8346856696800422,0.16531433031995782,DROITE,Neutre
59635,Wambaix,0,0.5511267011672563,0.44887329883274374,DROITE,Neutre
59636,Wambrechies,1,0.04273177061042166,0.9572682293895783,EXCEPTION,Neutre
59637,Wandignies-Hamage,1,0.36113554748402377,0.6388644525159762,EXCEPTION,Neutre
59638,Wannehain,1,0.15619574370112066,0.8438042562988793,EXCEPTION,Neutre
59639,Wargnies-le-Grand,1,0.4679378807328498,0.5320621192671502,EXCEPTION,Neutre
59640,Wargnies-le-Petit,0,0.569232927630333,0.4307670723696671,DROITE,Neutre
59641,Warhem,0,0.7220468788176846,0.27795312118231535,DROITE,Neutre
59642,Warlaing,1,0.42397738594536505,0.576022614054635,EXCEPTION,Neutre
59643,Warneton,0,0.6529039827133305,0.34709601728666944,DROITE,Neutre
59645,Wasnes-au-Bac,0,0.872140963916404,0.12785903608359597,DROITE,Neutre
59646,Wasquehal,1,0.04060450955160777,0.9593954904483922,EXCEPTION,Neutre
59647,Watten,0,0.737799650683374,0.26220034931662595,DROITE,Neutre
59648,Wattignies,1,0.1128941034428178,0.8871058965571822,EXCEPTION,Neutre
59649,Wattignies-la-Victoire,0,0.9269744703780293,0.07302552962197074,DROITE,Neutre
59650,Wattrelos,0,0.6168166166444783,0.3831833833555217,DROITE,Neutre
59651,Wavrechain-sous-Denain,0,0.9799669518334244,0.020033048166575633,DROITE,Neutre
59652,Wavrechain-sous-Faulx,0,0.974887101742558,0.02511289825744201,DROITE,Neutre
59653,Wavrin,1,0.4769522632758385,0.5230477367241615,EXCEPTION,Neutre
59654,Waziers,0,0.7665274972981102,0.23347250270188985,DROITE,Neutre
59655,Wemaers-Cappel,1,0.38571274141253853,0.6142872585874615,EXCEPTION,Neutre
59656,Wervicq-Sud,1,0.4957636368593258,0.5042363631406742,EXCEPTION,Neutre
59657,West-Cappel,0,0.7606277609645334,0.23937223903546653,DROITE,Neutre
59658,Wicres,1,0.1998437679861499,0.8001562320138501,EXCEPTION,Neutre
59659,Wignehies,0,0.8044841342997241,0.19551586570027588,DROITE,Neutre
59660,Willems,1,0.04915842820389871,0.9508415717961013,EXCEPTION,Neutre
59661,Willies,0,0.9583080316447589,0.04169196835524113,DROITE,Neutre
59662,Winnezeele,0,0.7765034725160053,0.22349652748399476,DROITE,Neutre
59663,Wormhout,0,0.5242313105036327,0.47576868949636725,DROITE,Neutre
59664,Wulverdinghe,0,0.984401824744047,0.015598175255953025,DROITE,Neutre
59665,Wylder,0,0.9090658970065222,0.09093410299347787,DROITE,Neutre
59666,Zegerscappel,0,0.8039043351371521,0.19609566486284788,DROITE,Neutre
59667,Zermezeele,0,0.7759589264557006,0.22404107354429934,DROITE,Neutre
59668,Zuydcoote,0,0.8145100075113996,0.18548999248860049,DROITE,Neutre
59669,Zuytpeene,0,0.9219404567639558,0.0780595432360443,DROITE,Neutre
59670,Don,0,0.5277139432808026,0.47228605671919743,DROITE,Neutre
59001,Abancourt,1,0.31714245435410615,0.6828575456458938,EXCEPTION,Pessimiste
59002,Abscon,0,0.9688426418110627,0.031157358188937223,DROITE,Pessimiste
59003,Aibes,0,0.943110250842347,0.05688974915765304,DROITE,Pessimiste
59004,Aix,1,0.11470594293202441,0.8852940570679756,EXCEPTION,Pessimiste
59005,Allennes-les-Marais,1,0.4820850754862236,0.5179149245137764,EXCEPTION,Pessimiste
59006,Amfroipret,1,0.38110894533093764,0.6188910546690624,EXCEPTION,Pessimiste
59007,Anhiers,0,0.9779912790474496,0.022008720952550374,DROITE,Pessimiste
59008,Aniche,0,0.909142465783346,0.09085753421665403,DROITE,Pessimiste
59009,Villeneuve-d'Ascq,1,0.023146968328387807,0.9768530316716122,EXCEPTION,Pessimiste
59010,Anneux,0,0.8637407057377402,0.13625929426225974,DROITE,Pessimiste
59011,Annoeullin,1,0.30318528849331583,0.6968147115066842,EXCEPTION,Pessimiste
59012,Anor,0,0.7498893470607169,0.2501106529392831,DROITE,Pessimiste
59013,Anstaing,1,0.0720604983088049,0.9279395016911951,EXCEPTION,Pessimiste
59014,Anzin,0,0.5372019610001075,0.46279803899989247,DROITE,Pessimiste
59015,Arleux,0,0.6248524500439481,0.3751475499560519,DROITE,Pessimiste
59016,Armbouts-Cappel,0,0.7343100122908115,0.26568998770918845,DROITE,Pessimiste
59017,Armentières,1,0.446314120431056,0.553685879568944,EXCEPTION,Pessimiste
59018,Arnèke,0,0.8112141778166608,0.18878582218333914,DROITE,Pessimiste
59019,Artres,1,0.31140869507934055,0.6885913049206595,EXCEPTION,Pessimiste
59021,Assevent,0,0.8210884730464445,0.17891152695355544,DROITE,Pessimiste
59022,Attiches,1,0.0390835655440358,0.9609164344559642,EXCEPTION,Pessimiste
59023,Aubencheul-au-Bac,0,0.9247271627783281,0.07527283722167184,DROITE,Pessimiste
59024,Auberchicourt,0,0.6798002264017853,0.32019977359821467,DROITE,Pessimiste
59025,Aubers,1,0.029168279063020996,0.970831720936979,EXCEPTION,Pessimiste
59026,Aubigny-au-Bac,0,0.9709247144001921,0.029075285599807894,DROITE,Pessimiste
59027,Aubry-du-Hainaut,1,0.2752983646715521,0.7247016353284479,EXCEPTION,Pessimiste
59028,Auby,0,0.8841373326012993,0.11586266739870063,DROITE,Pessimiste
59029,Auchy-lez-Orchies,1,0.1410464362068964,0.8589535637931036,EXCEPTION,Pessimiste
59031,Audignies,0,0.7964391496698873,0.20356085033011276,DROITE,Pessimiste
59032,Aulnoy-lez-Valenciennes,0,0.6530207832010589,0.34697921679894106,DROITE,Pessimiste
59033,Aulnoye-Aymeries,0,0.6908738263804384,0.3091261736195616,DROITE,Pessimiste
59034,Avelin,1,0.011526002742846764,0.9884739972571532,EXCEPTION,Pessimiste
59035,Avesnelles,1,0.38701341157609526,0.6129865884239047,EXCEPTION,Pessimiste
59036,Avesnes-sur-Helpe,0,0.6460455043083118,0.35395449569168824,DROITE,Pessimiste
59037,Avesnes-les-Aubert,0,0.5780906730115769,0.4219093269884231,DROITE,Pessimiste
59038,Avesnes-le-Sec,0,0.8749624417651115,0.1250375582348885,DROITE,Pessimiste
59039,Awoingt,1,0.19094284751586033,0.8090571524841397,EXCEPTION,Pessimiste
59041,Bachant,0,0.9541872078821243,0.04581279211787569,DROITE,Pessimiste
59042,Bachy,1,0.3403974330312739,0.6596025669687261,EXCEPTION,Pessimiste
59043,Bailleul,1,0.17568853304966148,0.8243114669503385,EXCEPTION,Pessimiste
59044,Baisieux,1,0.04508225554673628,0.9549177444532637,EXCEPTION,Pessimiste
59045,Baives,0,0.9725661165860899,0.02743388341391003,DROITE,Pessimiste
59046,Bambecque,0,0.9172570354792339,0.0827429645207661,DROITE,Pessimiste
59047,Banteux,0,0.8110295785343337,0.18897042146566634,DROITE,Pessimiste
59048,Bantigny,0,0.8681165294437452,0.13188347055625488,DROITE,Pessimiste
59049,Bantouzelle,0,0.9892279628037964,0.010772037196203607,DROITE,Pessimiste
59050,Bas-Lieu,0,0.9316021841537101,0.06839781584628984,DROITE,Pessimiste
59051,La Bassée,1,0.33129639320741133,0.6687036067925887,EXCEPTION,Pessimiste
59052,Bauvin,0,0.5829673449189767,0.41703265508102333,DROITE,Pessimiste
59053,Bavay,1,0.4074926153665003,0.5925073846334997,EXCEPTION,Pessimiste
59054,Bavinchove,0,0.8869868151779555,0.1130131848220445,DROITE,Pessimiste
59055,Bazuel,0,0.8509858018016778,0.14901419819832218,DROITE,Pessimiste
59056,Beaucamps-Ligny,1,0.044875209293299134,0.9551247907067009,EXCEPTION,Pessimiste
59057,Beaudignies,0,0.695685450001417,0.304314549998583,DROITE,Pessimiste
59058,Beaufort,0,0.8431619134476913,0.15683808655230866,DROITE,Pessimiste
59059,Beaumont-en-Cambrésis,0,0.9886789445110243,0.011321055488975693,DROITE,Pessimiste
59060,Beaurain,0,0.8688054114187604,0.1311945885812395,DROITE,Pessimiste
59061,Beaurepaire-sur-Sambre,0,0.9389762743953818,0.06102372560461823,DROITE,Pessimiste
59062,Beaurieux,0,0.6123864983884848,0.38761350161151525,DROITE,Pessimiste
59063,Beauvois-en-Cambrésis,0,0.851282958205478,0.14871704179452205,DROITE,Pessimiste
59064,Bellaing,0,0.8814203953600263,0.11857960463997375,DROITE,Pessimiste
59065,Bellignies,0,0.9188798647418674,0.08112013525813254,DROITE,Pessimiste
59066,Bérelles,0,0.9926333942751955,0.007366605724804468,DROITE,Pessimiste
59067,Bergues,1,0.18242850755317142,0.8175714924468286,EXCEPTION,Pessimiste
59068,Berlaimont,0,0.865696193581909,0.13430380641809098,DROITE,Pessimiste
59069,Bermerain,1,0.3345803808603066,0.6654196191396934,EXCEPTION,Pessimiste
59070,Bermeries,0,0.8046757702190409,0.19532422978095912,DROITE,Pessimiste
59071,Bersée,1,0.07251841578460505,0.927481584215395,EXCEPTION,Pessimiste
59072,Bersillies,0,0.9498561946013852,0.05014380539861484,DROITE,Pessimiste
59073,Berthen,0,0.8987268628203212,0.10127313717967874,DROITE,Pessimiste
59074,Bertry,0,0.7805835318415016,0.21941646815849836,DROITE,Pessimiste
59075,Béthencourt,0,0.9633153790786466,0.03668462092135344,DROITE,Pessimiste
59076,Bettignies,0,0.9946098824638513,0.005390117536148677,DROITE,Pessimiste
59077,Bettrechies,0,0.5090697954700653,0.49093020452993474,DROITE,Pessimiste
59078,Beugnies,0,0.7322648178198198,0.2677351821801802,DROITE,Pessimiste
59079,Beuvrages,0,0.5476229033627669,0.4523770966372331,DROITE,Pessimiste
59080,Beuvry-la-Forêt,1,0.12105548828102053,0.8789445117189795,EXCEPTION,Pessimiste
59081,Bévillers,0,0.7917184165783723,0.20828158342162775,DROITE,Pessimiste
59082,Bierne,0,0.9206751811452565,0.07932481885474353,DROITE,Pessimiste
59083,Bissezeele,1,0.21678621537332488,0.7832137846266751,EXCEPTION,Pessimiste
59084,Blaringhem,0,0.6602933827320265,0.3397066172679734,DROITE,Pessimiste
59085,Blécourt,0,0.8214681364289677,0.17853186357103232,DROITE,Pessimiste
59086,Boeschepe,1,0.4111147620270903,0.5888852379729097,EXCEPTION,Pessimiste
59087,Boëseghem,0,0.9650826821457773,0.03491731785422265,DROITE,Pessimiste
59088,Bois-Grenier,1,0.20911259650332692,0.7908874034966731,EXCEPTION,Pessimiste
59089,Bollezeele,0,0.8654202636633672,0.13457973633663273,DROITE,Pessimiste
59090,Bondues,1,0.0013853109823513954,0.9986146890176486,EXCEPTION,Pessimiste
59091,Borre,0,0.9358545603639438,0.0641454396360562,DROITE,Pessimiste
59092,Bouchain,0,0.9172217978386965,0.08277820216130348,DROITE,Pessimiste
59093,Boulogne-sur-Helpe,0,0.9769454876812614,0.023054512318738576,DROITE,Pessimiste
59094,Bourbourg,0,0.7016882412155301,0.29831175878446986,DROITE,Pessimiste
59096,Bourghelles,1,0.06737691917179978,0.9326230808282002,EXCEPTION,Pessimiste
59097,Boursies,0,0.9769166985582752,0.0230833014417248,DROITE,Pessimiste
59098,Bousbecque,1,0.3915791897555565,0.6084208102444435,EXCEPTION,Pessimiste
59099,Bousies,1,0.37828805876695293,0.6217119412330471,EXCEPTION,Pessimiste
59100,Bousignies,1,0.0800160547544172,0.9199839452455828,EXCEPTION,Pessimiste
59101,Bousignies-sur-Roc,0,0.9809392911125034,0.019060708887496537,DROITE,Pessimiste
59102,Boussières-en-Cambrésis,0,0.9802846502256668,0.019715349774333202,DROITE,Pessimiste
59103,Boussières-sur-Sambre,0,0.8975260065996402,0.10247399340035976,DROITE,Pessimiste
59104,Boussois,0,0.9557996046969084,0.04420039530309163,DROITE,Pessimiste
59105,Bouvignies,1,0.35096421827053415,0.6490357817294659,EXCEPTION,Pessimiste
59106,Bouvines,1,0.011536611790860296,0.9884633882091397,EXCEPTION,Pessimiste
59107,Bray-Dunes,0,0.6633947081402074,0.33660529185979254,DROITE,Pessimiste
59108,Briastre,0,0.9074595242742287,0.09254047572577126,DROITE,Pessimiste
59109,Brillon,1,0.4449072771353957,0.5550927228646043,EXCEPTION,Pessimiste
59110,Brouckerque,0,0.7038937801351647,0.2961062198648353,DROITE,Pessimiste
59111,Broxeele,0,0.9428010856969254,0.05719891430307455,DROITE,Pessimiste
59112,Bruay-sur-l'Escaut,0,0.6799498127763444,0.32005018722365564,DROITE,Pessimiste
59113,Bruille-lez-Marchiennes,0,0.9361502343529571,0.06384976564704294,DROITE,Pessimiste
59114,Bruille-Saint-Amand,1,0.4530704394335805,0.5469295605664195,EXCEPTION,Pessimiste
59115,Brunémont,0,0.5915478741216984,0.40845212587830154,DROITE,Pessimiste
59116,Bry,1,0.13910071955463799,0.860899280445362,EXCEPTION,Pessimiste
59117,Bugnicourt,0,0.8996908626089029,0.10030913739109712,DROITE,Pessimiste
59118,Busigny,0,0.9496994874561699,0.0503005125438301,DROITE,Pessimiste
59119,Buysscheure,0,0.7154235435836231,0.2845764564163769,DROITE,Pessimiste
59120,Caëstre,0,0.6122284831575437,0.38777151684245625,DROITE,Pessimiste
59121,Cagnoncles,0,0.7903526668195394,0.20964733318046058,DROITE,Pessimiste
59122,Cambrai,1,0.3527067985568684,0.6472932014431316,EXCEPTION,Pessimiste
59123,Camphin-en-Carembault,1,0.08739115442085899,0.912608845579141,EXCEPTION,Pessimiste
59124,Camphin-en-Pévèle,1,0.03181241940006474,0.9681875805999353,EXCEPTION,Pessimiste
59125,Cantaing-sur-Escaut,0,0.6800390393212615,0.31996096067873847,DROITE,Pessimiste
59126,Cantin,0,0.7162861447954599,0.28371385520454007,DROITE,Pessimiste
59127,Capelle,1,0.41955060083235185,0.5804493991676482,EXCEPTION,Pessimiste
59128,Capinghem,1,0.03975636637204483,0.9602436336279552,EXCEPTION,Pessimiste
59129,Cappelle-en-Pévèle,1,0.10804090489285867,0.8919590951071413,EXCEPTION,Pessimiste
59130,Cappelle-Brouck,0,0.9608742587936623,0.039125741206337744,DROITE,Pessimiste
59131,Cappelle-la-Grande,0,0.8351794319290123,0.16482056807098766,DROITE,Pessimiste
59132,Carnières,0,0.9725516707767078,0.02744832922329219,DROITE,Pessimiste
59133,Carnin,1,0.03641450506559685,0.9635854949344032,EXCEPTION,Pessimiste
59134,Cartignies,0,0.9508347312487213,0.04916526875127868,DROITE,Pessimiste
59135,Cassel,1,0.45794960976356924,0.5420503902364308,EXCEPTION,Pessimiste
59136,Le Cateau-Cambrésis,0,0.6413903620758206,0.35860963792417944,DROITE,Pessimiste
59137,Catillon-sur-Sambre,0,0.9885708844405509,0.011429115559449117,DROITE,Pessimiste
59138,Cattenières,1,0.3375143177313207,0.6624856822686793,EXCEPTION,Pessimiste
59139,Caudry,0,0.6341146467416736,0.36588535325832633,DROITE,Pessimiste
59140,Caullery,0,0.9784970052024509,0.021502994797549174,DROITE,Pessimiste
59141,Cauroir,0,0.9356352955307135,0.06436470446928658,DROITE,Pessimiste
59142,Cerfontaine,0,0.8474671124224836,0.15253288757751637,DROITE,Pessimiste
59143,La Chapelle-d'Armentières,1,0.16669342693678768,0.8333065730632123,EXCEPTION,Pessimiste
59144,Château-l'Abbaye,0,0.5543388997368142,0.4456611002631858,DROITE,Pessimiste
59145,Chemy,1,0.092264743788951,0.907735256211049,EXCEPTION,Pessimiste
59146,Chéreng,1,0.012079241924601636,0.9879207580753984,EXCEPTION,Pessimiste
59147,Choisies,1,0.0692727699912552,0.9307272300087448,EXCEPTION,Pessimiste
59148,Clairfayts,0,0.6243546211144484,0.37564537888555166,DROITE,Pessimiste
59149,Clary,0,0.8395378480446258,0.1604621519553742,DROITE,Pessimiste
59150,Cobrieux,1,0.07717864713727052,0.9228213528627295,EXCEPTION,Pessimiste
59151,Colleret,0,0.9349847520682184,0.06501524793178162,DROITE,Pessimiste
59152,Comines,1,0.4987608360379998,0.5012391639620002,EXCEPTION,Pessimiste
59153,Condé-sur-l'Escaut,0,0.696831132144524,0.303168867855476,DROITE,Pessimiste
59155,Coudekerque-Branche,0,0.6895600488774549,0.3104399511225451,DROITE,Pessimiste
59156,Courchelettes,0,0.5655811246730911,0.434418875326909,DROITE,Pessimiste
59157,Cousolre,0,0.9231035126062026,0.07689648739379734,DROITE,Pessimiste
59158,Coutiches,1,0.18101060640061772,0.8189893935993823,EXCEPTION,Pessimiste
59159,Craywick,1,0.2886879257518147,0.7113120742481853,EXCEPTION,Pessimiste
59160,Crespin,0,0.9545778595883972,0.04542214041160272,DROITE,Pessimiste
59161,Crèvecoeur-sur-l'Escaut,0,0.9613716141501062,0.038628385849893816,DROITE,Pessimiste
59162,Crochte,0,0.835047136121466,0.16495286387853406,DROITE,Pessimiste
59163,Croix,1,0.05293200915909202,0.947067990840908,EXCEPTION,Pessimiste
59164,Croix-Caluyau,0,0.8086097282187784,0.19139027178122162,DROITE,Pessimiste
59165,Cuincy,1,0.49000845085737765,0.5099915491426223,EXCEPTION,Pessimiste
59166,Curgies,1,0.21644106362282056,0.7835589363771794,EXCEPTION,Pessimiste
59167,Cuvillers,0,0.9570561076414524,0.042943892358547515,DROITE,Pessimiste
59168,Cysoing,1,0.048840838480705195,0.9511591615192948,EXCEPTION,Pessimiste
59169,Damousies,0,0.8610719289161176,0.13892807108388242,DROITE,Pessimiste
59170,Dechy,0,0.6063497694276994,0.39365023057230064,DROITE,Pessimiste
59171,Dehéries,0,0.9509610261684249,0.04903897383157505,DROITE,Pessimiste
59172,Denain,0,0.7894894339895067,0.21051056601049328,DROITE,Pessimiste
59173,Deûlémont,0,0.6709966869151112,0.3290033130848889,DROITE,Pessimiste
59174,Dimechaux,0,0.861527719717459,0.13847228028254097,DROITE,Pessimiste
59175,Dimont,0,0.9076421116131931,0.09235788838680692,DROITE,Pessimiste
59176,Doignies,0,0.5307511333234978,0.4692488666765023,DROITE,Pessimiste
59177,Dompierre-sur-Helpe,0,0.8696181118687437,0.1303818881312563,DROITE,Pessimiste
59178,Douai,1,0.33356113782738284,0.6664388621726172,EXCEPTION,Pessimiste
59179,Douchy-les-Mines,0,0.671266959470624,0.3287330405293761,DROITE,Pessimiste
59180,Le Doulieu,1,0.26664651236317727,0.7333534876368227,EXCEPTION,Pessimiste
59181,Dourlers,0,0.590706626616774,0.4092933733832261,DROITE,Pessimiste
59182,Drincham,0,0.822187966840062,0.17781203315993804,DROITE,Pessimiste
59183,Dunkerque,1,0.45536388547286455,0.5446361145271355,EXCEPTION,Pessimiste
59184,Ebblinghem,0,0.8501969568247214,0.14980304317527857,DROITE,Pessimiste
59185,Ecaillon,0,0.8426656677286634,0.1573343322713366,DROITE,Pessimiste
59186,Eccles,0,0.9971577131121484,0.0028422868878516276,DROITE,Pessimiste
59187,Eclaibes,0,0.9041619733584898,0.09583802664151019,DROITE,Pessimiste
59188,Ecuélin,0,0.9943030025149571,0.0056969974850429655,DROITE,Pessimiste
59189,Eecke,0,0.504657741999933,0.49534225800006704,DROITE,Pessimiste
59190,Elesmes,0,0.8321766566834764,0.16782334331652357,DROITE,Pessimiste
59191,Elincourt,0,0.8775971671872067,0.12240283281279324,DROITE,Pessimiste
59192,Emerchicourt,0,0.942235041666567,0.057764958333432974,DROITE,Pessimiste
59193,Emmerin,1,0.06079496880163404,0.939205031198366,EXCEPTION,Pessimiste
59194,Englefontaine,1,0.4978722265345935,0.5021277734654065,EXCEPTION,Pessimiste
59195,Englos,1,0.04793559049005791,0.9520644095099421,EXCEPTION,Pessimiste
59196,Ennetières-en-Weppes,1,0.0430044377730211,0.9569955622269789,EXCEPTION,Pessimiste
59197,Ennevelin,1,0.0404187046719543,0.9595812953280457,EXCEPTION,Pessimiste
59198,Eppe-Sauvage,0,0.6174795543783429,0.38252044562165716,DROITE,Pessimiste
59199,Erchin,0,0.8010595535357783,0.19894044646422165,DROITE,Pessimiste
59200,Eringhem,0,0.774514374143421,0.22548562585657908,DROITE,Pessimiste
59201,Erquinghem-le-Sec,1,0.2860499304393894,0.7139500695606106,EXCEPTION,Pessimiste
59202,Erquinghem-Lys,0,0.5687749198108412,0.4312250801891588,DROITE,Pessimiste
59203,Erre,0,0.890291200349013,0.10970879965098704,DROITE,Pessimiste
59204,Escarmain,0,0.7261293267440461,0.27387067325595393,DROITE,Pessimiste
59205,Escaudain,0,0.7363874335361734,0.2636125664638266,DROITE,Pessimiste
59206,Escaudoeuvres,0,0.5194265563663192,0.4805734436336808,DROITE,Pessimiste
59207,Escautpont,0,0.9441619895745904,0.055838010425409625,DROITE,Pessimiste
59208,Escobecques,1,0.0032551181222373327,0.9967448818777627,EXCEPTION,Pessimiste
59209,Esnes,0,0.8331648135482744,0.1668351864517256,DROITE,Pessimiste
59210,Esquelbecq,0,0.7200644657497886,0.2799355342502114,DROITE,Pessimiste
59211,Esquerchin,1,0.3731132826710811,0.6268867173289189,EXCEPTION,Pessimiste
59212,Estaires,0,0.5155778336362018,0.48442216636379826,DROITE,Pessimiste
59213,Estourmel,0,0.7748079033538418,0.2251920966461582,DROITE,Pessimiste
59214,Estrées,0,0.816337081747345,0.18366291825265507,DROITE,Pessimiste
59215,Estreux,1,0.3042667298906213,0.6957332701093787,EXCEPTION,Pessimiste
59216,Eswars,1,0.38234159331264506,0.6176584066873549,EXCEPTION,Pessimiste
59217,Eth,1,0.047144214243026616,0.9528557857569734,EXCEPTION,Pessimiste
59218,Etroeungt,0,0.9296781807452978,0.07032181925470216,DROITE,Pessimiste
59219,Estrun,0,0.5186503540397355,0.4813496459602645,DROITE,Pessimiste
59220,Faches-Thumesnil,1,0.11890274672674916,0.8810972532732508,EXCEPTION,Pessimiste
59221,Famars,1,0.4823841320657354,0.5176158679342646,EXCEPTION,Pessimiste
59222,Faumont,1,0.21293733813987714,0.7870626618601229,EXCEPTION,Pessimiste
59223,Le Favril,0,0.9094509152805866,0.09054908471941339,DROITE,Pessimiste
59224,Féchain,0,0.6439467877459868,0.35605321225401315,DROITE,Pessimiste
59225,Feignies,0,0.6837549448173128,0.3162450551826872,DROITE,Pessimiste
59226,Felleries,0,0.650473234080488,0.349526765919512,DROITE,Pessimiste
59227,Fenain,0,0.8331884762532439,0.16681152374675612,DROITE,Pessimiste
59228,Férin,1,0.27909047746658144,0.7209095225334186,EXCEPTION,Pessimiste
59229,Féron,0,0.7643609412145108,0.2356390587854892,DROITE,Pessimiste
59230,Ferrière-la-Grande,0,0.7398468447828388,0.2601531552171612,DROITE,Pessimiste
59231,Ferrière-la-Petite,0,0.7576762711103737,0.24232372888962633,DROITE,Pessimiste
59232,La Flamengrie,1,0.31131460498506347,0.6886853950149365,EXCEPTION,Pessimiste
59233,Flaumont-Waudrechies,0,0.9543998951498296,0.045600104850170374,DROITE,Pessimiste
59234,Flers-en-Escrebieux,0,0.7353770652091156,0.26462293479088445,DROITE,Pessimiste
59236,Flesquières,0,0.8609546870247679,0.13904531297523215,DROITE,Pessimiste
59237,Flêtre,1,0.14236033717315888,0.8576396628268411,EXCEPTION,Pessimiste
59238,Flines-lès-Mortagne,1,0.2910971830757656,0.7089028169242344,EXCEPTION,Pessimiste
59239,Flines-lez-Raches,1,0.4162915631979377,0.5837084368020623,EXCEPTION,Pessimiste
59240,Floursies,0,0.64150232613046,0.35849767386954,DROITE,Pessimiste
59241,Floyon,0,0.948003127867089,0.051996872132911,DROITE,Pessimiste
59242,Fontaine-au-Bois,0,0.8484807048154519,0.15151929518454807,DROITE,Pessimiste
59243,Fontaine-au-Pire,0,0.8568291569782245,0.14317084302177555,DROITE,Pessimiste
59244,Fontaine-Notre-Dame,0,0.9357602727033513,0.06423972729664873,DROITE,Pessimiste
59246,Forest-en-Cambrésis,0,0.9435487570028065,0.05645124299719354,DROITE,Pessimiste
59247,Forest-sur-Marque,1,0.009275940690961715,0.9907240593090383,EXCEPTION,Pessimiste
59249,Fourmies,0,0.6969086594199765,0.30309134058002346,DROITE,Pessimiste
59250,Fournes-en-Weppes,1,0.1398313309519471,0.8601686690480529,EXCEPTION,Pessimiste
59251,Frasnoy,1,0.4069164552867799,0.5930835447132201,EXCEPTION,Pessimiste
59252,Frelinghien,1,0.4717243193270597,0.5282756806729403,EXCEPTION,Pessimiste
59253,Fresnes-sur-Escaut,0,0.7624335852739912,0.23756641472600876,DROITE,Pessimiste
59254,Fressain,0,0.9557434737482257,0.04425652625177435,DROITE,Pessimiste
59255,Fressies,0,0.878825089715187,0.12117491028481295,DROITE,Pessimiste
59256,Fretin,1,0.09903893478834058,0.9009610652116594,EXCEPTION,Pessimiste
59257,Fromelles,1,0.4080536072255454,0.5919463927744546,EXCEPTION,Pessimiste
59258,Genech,1,0.08751051430416301,0.912489485695837,EXCEPTION,Pessimiste
59259,Ghissignies,1,0.21305431902880922,0.7869456809711908,EXCEPTION,Pessimiste
59260,Ghyvelde,0,0.7648648870679151,0.23513511293208486,DROITE,Pessimiste
59261,Glageon,0,0.9171080624537208,0.08289193754627917,DROITE,Pessimiste
59262,Godewaersvelde,0,0.5321321652010371,0.4678678347989629,DROITE,Pessimiste
59263,Goeulzin,0,0.8523314182043149,0.1476685817956851,DROITE,Pessimiste
59264,Gognies-Chaussée,0,0.7964903704292152,0.20350962957078472,DROITE,Pessimiste
59265,Gommegnies,1,0.3538326324388297,0.6461673675611703,EXCEPTION,Pessimiste
59266,Gondecourt,1,0.09097416128536262,0.9090258387146374,EXCEPTION,Pessimiste
59267,Gonnelieu,0,0.6446299839613028,0.35537001603869717,DROITE,Pessimiste
59268,La Gorgue,0,0.6078134365230281,0.39218656347697184,DROITE,Pessimiste
59269,Gouzeaucourt,0,0.95364452206448,0.04635547793552001,DROITE,Pessimiste
59270,Grand-Fayt,0,0.9023195652057054,0.09768043479429458,DROITE,Pessimiste
59271,Grande-Synthe,0,0.850483395005968,0.149516604994032,DROITE,Pessimiste
59272,Grand-Fort-Philippe,0,0.7185103202258044,0.2814896797741956,DROITE,Pessimiste
59273,Gravelines,0,0.5972685164234555,0.4027314835765445,DROITE,Pessimiste
59274,La Groise,0,0.9510868784621531,0.04891312153784692,DROITE,Pessimiste
59275,Gruson,1,0.013266731258422482,0.9867332687415775,EXCEPTION,Pessimiste
59276,Guesnain,0,0.6441595116064845,0.35584048839351545,DROITE,Pessimiste
59277,Gussignies,0,0.8865535041534116,0.11344649584658839,DROITE,Pessimiste
59278,Hallennes-lez-Haubourdin,1,0.1546536893375361,0.8453463106624639,EXCEPTION,Pessimiste
59279,Halluin,1,0.45203613167559753,0.5479638683244025,EXCEPTION,Pessimiste
59280,Hamel,0,0.973954400688805,0.02604559931119496,DROITE,Pessimiste
59281,Hantay,1,0.11491794801711219,0.8850820519828878,EXCEPTION,Pessimiste
59282,Hardifort,0,0.9117006792820611,0.08829932071793893,DROITE,Pessimiste
59283,Hargnies,1,0.4018073703731122,0.5981926296268878,EXCEPTION,Pessimiste
59284,Hasnon,1,0.3037832609107075,0.6962167390892925,EXCEPTION,Pessimiste
59285,Haspres,0,0.8284829081223014,0.1715170918776986,DROITE,Pessimiste
59286,Haubourdin,0,0.5015341149952706,0.49846588500472944,DROITE,Pessimiste
59287,Haucourt-en-Cambrésis,0,0.9478661372508883,0.05213386274911174,DROITE,Pessimiste
59288,Haulchin,0,0.9072373627660112,0.09276263723398877,DROITE,Pessimiste
59289,Haussy,0,0.7225376275434339,0.27746237245656613,DROITE,Pessimiste
59290,Haut-Lieu,1,0.4633653519079741,0.5366346480920259,EXCEPTION,Pessimiste
59291,Hautmont,0,0.9001837176886505,0.09981628231134952,DROITE,Pessimiste
59292,Haveluy,0,0.8971223638855875,0.10287763611441243,DROITE,Pessimiste
59293,Haverskerque,0,0.7799556698791257,0.22004433012087427,DROITE,Pessimiste
59294,Haynecourt,0,0.9211338068677786,0.07886619313222139,DROITE,Pessimiste
59295,Hazebrouck,1,0.2992515260384948,0.7007484739615052,EXCEPTION,Pessimiste
59296,Hecq,0,0.6157619702493627,0.38423802975063726,DROITE,Pessimiste
59297,Hélesmes,0,0.9019835978535296,0.09801640214647046,DROITE,Pessimiste
59299,Hem,1,0.04944326562861079,0.9505567343713892,EXCEPTION,Pessimiste
59300,Hem-Lenglet,0,0.9750401451023335,0.02495985489766648,DROITE,Pessimiste
59301,Hergnies,0,0.7192764833766387,0.2807235166233613,DROITE,Pessimiste
59302,Hérin,0,0.7383089472487143,0.26169105275128574,DROITE,Pessimiste
59303,Herlies,1,0.03888520833613596,0.961114791663864,EXCEPTION,Pessimiste
59304,Herrin,1,0.37213341392599664,0.6278665860740034,EXCEPTION,Pessimiste
59305,Herzeele,0,0.7123611515192374,0.28763884848076254,DROITE,Pessimiste
59306,Hestrud,0,0.9186468184990733,0.08135318150092676,DROITE,Pessimiste
59307,Holque,0,0.918699054356356,0.08130094564364393,DROITE,Pessimiste
59308,Hondeghem,0,0.6376685756744727,0.36233142432552734,DROITE,Pessimiste
59309,Hondschoote,0,0.8787563279351106,0.12124367206488937,DROITE,Pessimiste
59310,Hon-Hergies,1,0.47781799836237215,0.5221820016376278,EXCEPTION,Pessimiste
59311,Honnechy,0,0.9872679634328312,0.012732036567168821,DROITE,Pessimiste
59312,Honnecourt-sur-Escaut,0,0.7912951801075269,0.20870481989247314,DROITE,Pessimiste
59313,Hordain,0,0.788019536614383,0.211980463385617,DROITE,Pessimiste
59314,Hornaing,0,0.9175701259647274,0.08242987403527262,DROITE,Pessimiste
59315,Houdain-lez-Bavay,0,0.8704531121101821,0.12954688788981797,DROITE,Pessimiste
59316,Houplin-Ancoisne,1,0.07204893122898659,0.9279510687710134,EXCEPTION,Pessimiste
59317,Houplines,1,0.47740597119829187,0.5225940288017081,EXCEPTION,Pessimiste
59318,Houtkerque,1,0.4168096700546977,0.5831903299453023,EXCEPTION,Pessimiste
59319,Hoymille,0,0.7284422863506002,0.27155771364939985,DROITE,Pessimiste
59320,Illies,1,0.22231460272390413,0.7776853972760959,EXCEPTION,Pessimiste
59321,Inchy,0,0.9808203408528694,0.019179659147130622,DROITE,Pessimiste
59322,Iwuy,0,0.6784899639476992,0.3215100360523008,DROITE,Pessimiste
59323,Jenlain,1,0.058093872829313775,0.9419061271706862,EXCEPTION,Pessimiste
59324,Jeumont,0,0.9115673664970589,0.08843263350294109,DROITE,Pessimiste
59325,Jolimetz,1,0.32840948108460044,0.6715905189153996,EXCEPTION,Pessimiste
59326,Killem,0,0.9122346248403146,0.08776537515968538,DROITE,Pessimiste
59327,Lallaing,0,0.7507549676770174,0.24924503232298256,DROITE,Pessimiste
59328,Lambersart,1,0.010669651905961808,0.9893303480940382,EXCEPTION,Pessimiste
59329,Lambres-lez-Douai,0,0.5125401796618514,0.48745982033814866,DROITE,Pessimiste
59330,Landas,1,0.06781575090174907,0.9321842490982509,EXCEPTION,Pessimiste
59331,Landrecies,0,0.6982555843965907,0.30174441560340926,DROITE,Pessimiste
59332,Lannoy,0,0.5118807619085346,0.4881192380914654,DROITE,Pessimiste
59333,Larouillies,0,0.9136945089403853,0.08630549105961467,DROITE,Pessimiste
59334,Lauwin-Planque,1,0.17539815004716408,0.8246018499528359,EXCEPTION,Pessimiste
59335,Lecelles,1,0.3221873899224832,0.6778126100775168,EXCEPTION,Pessimiste
59336,Lécluse,0,0.5766939319138005,0.42330606808619947,DROITE,Pessimiste
59337,Lederzeele,0,0.7937555116732589,0.2062444883267411,DROITE,Pessimiste
59338,Ledringhem,0,0.6425492210482788,0.35745077895172117,DROITE,Pessimiste
59339,Leers,1,0.2720694328491363,0.7279305671508637,EXCEPTION,Pessimiste
59340,Leffrinckoucke,1,0.27002196314557136,0.7299780368544286,EXCEPTION,Pessimiste
59341,Lesdain,0,0.9211689178057649,0.07883108219423501,DROITE,Pessimiste
59342,Lez-Fontaine,0,0.8134203420401354,0.1865796579598647,DROITE,Pessimiste
59343,Lesquin,1,0.06527847225008665,0.9347215277499134,EXCEPTION,Pessimiste
59344,Leval,0,0.9501489188345826,0.04985108116541741,DROITE,Pessimiste
59345,Lewarde,0,0.940048021969113,0.05995197803088706,DROITE,Pessimiste
59346,Lezennes,1,0.01482966485586712,0.9851703351441329,EXCEPTION,Pessimiste
59347,Liessies,0,0.9462746216354825,0.05372537836451754,DROITE,Pessimiste
59348,Lieu-Saint-Amand,0,0.7623594843833271,0.23764051561667285,DROITE,Pessimiste
59349,Ligny-en-Cambrésis,0,0.8210872790508454,0.1789127209491545,DROITE,Pessimiste
59350,Lille,1,0.012603697428269722,0.9873963025717303,EXCEPTION,Pessimiste
59351,Limont-Fontaine,0,0.7053332952692828,0.29466670473071727,DROITE,Pessimiste
59352,Linselles,1,0.08437601074209566,0.9156239892579043,EXCEPTION,Pessimiste
59353,Locquignol,0,0.8324306705801885,0.16756932941981145,DROITE,Pessimiste
59354,Loffre,0,0.8507983615594138,0.1492016384405862,DROITE,Pessimiste
59356,Lompret,1,0.010545458303784727,0.9894545416962153,EXCEPTION,Pessimiste
59357,La Longueville,0,0.6627689188623545,0.3372310811376456,DROITE,Pessimiste
59358,Looberghe,0,0.886174948615648,0.11382505138435199,DROITE,Pessimiste
59359,Loon-Plage,0,0.7841384021318607,0.21586159786813935,DROITE,Pessimiste
59360,Loos,1,0.17850205784151463,0.8214979421584854,EXCEPTION,Pessimiste
59361,Lourches,0,0.9387037627262302,0.06129623727376977,DROITE,Pessimiste
59363,Louvignies-Quesnoy,0,0.6969828323573729,0.3030171676426271,DROITE,Pessimiste
59364,Louvil,1,0.025547909568325422,0.9744520904316746,EXCEPTION,Pessimiste
59365,Louvroil,1,0.4547529038402226,0.5452470961597774,EXCEPTION,Pessimiste
59366,Lynde,0,0.8260239521628426,0.17397604783715737,DROITE,Pessimiste
59367,Lys-lez-Lannoy,1,0.3165018960859315,0.6834981039140685,EXCEPTION,Pessimiste
59368,La Madeleine,1,0.009194183942852097,0.9908058160571479,EXCEPTION,Pessimiste
59369,Maing,0,0.5608185538136184,0.43918144618638155,DROITE,Pessimiste
59370,Mairieux,0,0.8650345327273163,0.13496546727268363,DROITE,Pessimiste
59371,Le Maisnil,1,0.015259048940484243,0.9847409510595158,EXCEPTION,Pessimiste
59372,Malincourt,0,0.8405539823402636,0.15944601765973646,DROITE,Pessimiste
59374,Marbaix,0,0.8883598941727393,0.11164010582726071,DROITE,Pessimiste
59375,Marchiennes,0,0.7402169262600129,0.2597830737399871,DROITE,Pessimiste
59377,Marcoing,0,0.8128520453106848,0.18714795468931522,DROITE,Pessimiste
59378,Marcq-en-Baroeul,1,0.00723586885122518,0.9927641311487748,EXCEPTION,Pessimiste
59379,Marcq-en-Ostrevent,0,0.6630340470213836,0.3369659529786164,DROITE,Pessimiste
59381,Maresches,0,0.5298960582694123,0.4701039417305876,DROITE,Pessimiste
59382,Maretz,0,0.8946907808507459,0.10530921914925409,DROITE,Pessimiste
59383,Marly,0,0.6555843593935311,0.34441564060646895,DROITE,Pessimiste
59384,Maroilles,0,0.9081059132595782,0.0918940867404218,DROITE,Pessimiste
59385,Marpent,0,0.96090350848293,0.03909649151706999,DROITE,Pessimiste
59386,Marquette-lez-Lille,1,0.06250114323637246,0.9374988567636275,EXCEPTION,Pessimiste
59387,Marquette-en-Ostrevant,0,0.9290344100455749,0.0709655899544251,DROITE,Pessimiste
59388,Marquillies,1,0.1022655756273756,0.8977344243726244,EXCEPTION,Pessimiste
59389,Masnières,0,0.8922665725981318,0.10773342740186824,DROITE,Pessimiste
59390,Masny,0,0.7826648505954963,0.21733514940450366,DROITE,Pessimiste
59391,Mastaing,0,0.9057091102399764,0.09429088976002363,DROITE,Pessimiste
59392,Maubeuge,0,0.5025698207496307,0.4974301792503693,DROITE,Pessimiste
59393,Maulde,1,0.36810105741767696,0.631898942582323,EXCEPTION,Pessimiste
59394,Maurois,0,0.9258700250242005,0.0741299749757996,DROITE,Pessimiste
59395,Mazinghien,0,0.890114430242301,0.10988556975769902,DROITE,Pessimiste
59396,Mecquignies,1,0.4102800126102951,0.5897199873897049,EXCEPTION,Pessimiste
59397,Merckeghem,0,0.9477006423923386,0.052299357607661336,DROITE,Pessimiste
59398,Mérignies,1,0.009526215248971792,0.9904737847510282,EXCEPTION,Pessimiste
59399,Merris,1,0.31445740715070314,0.6855425928492969,EXCEPTION,Pessimiste
59400,Merville,0,0.8418819033951088,0.15811809660489115,DROITE,Pessimiste
59401,Méteren,1,0.1465722405350235,0.8534277594649765,EXCEPTION,Pessimiste
59402,Millam,0,0.9607786333453184,0.039221366654681525,DROITE,Pessimiste
59403,Millonfosse,0,0.7857459573931869,0.2142540426068131,DROITE,Pessimiste
59405,Moeuvres,0,0.8691241819517288,0.1308758180482712,DROITE,Pessimiste
59406,Monceau-Saint-Waast,0,0.8818997701732053,0.11810022982679472,DROITE,Pessimiste
59407,Monchaux-sur-Ecaillon,0,0.9192780543108701,0.08072194568912994,DROITE,Pessimiste
59408,Moncheaux,1,0.23609934614486805,0.763900653855132,EXCEPTION,Pessimiste
59409,Monchecourt,0,0.9665984789093798,0.03340152109062023,DROITE,Pessimiste
59410,Mons-en-Baroeul,1,0.040587235567078106,0.9594127644329219,EXCEPTION,Pessimiste
59411,Mons-en-Pévèle,1,0.11745822587455035,0.8825417741254497,EXCEPTION,Pessimiste
59412,Montay,0,0.990936050715793,0.009063949284206983,DROITE,Pessimiste
59413,Montigny-en-Cambrésis,0,0.9086951693293155,0.0913048306706845,DROITE,Pessimiste
59414,Montigny-en-Ostrevent,0,0.7165108394648747,0.2834891605351253,DROITE,Pessimiste
59415,Montrécourt,0,0.9715324163615384,0.02846758363846159,DROITE,Pessimiste
59416,Morbecque,0,0.7958666206243215,0.20413337937567855,DROITE,Pessimiste
59418,Mortagne-du-Nord,0,0.8712466397708222,0.12875336022917785,DROITE,Pessimiste
59419,Mouchin,1,0.023560229542860744,0.9764397704571393,EXCEPTION,Pessimiste
59420,Moustier-en-Fagne,1,0.13868632853429963,0.8613136714657004,EXCEPTION,Pessimiste
59421,Mouvaux,1,0.011455485405650778,0.9885445145943492,EXCEPTION,Pessimiste
59422,Naves,0,0.6556483805480485,0.3443516194519515,DROITE,Pessimiste
59423,Neuf-Berquin,0,0.9314518923639739,0.06854810763602613,DROITE,Pessimiste
59424,Neuf-Mesnil,0,0.7083291003124568,0.2916708996875433,DROITE,Pessimiste
59425,Neuville-en-Avesnois,0,0.5826951862804858,0.4173048137195142,DROITE,Pessimiste
59426,Neuville-en-Ferrain,1,0.1639300727089723,0.8360699272910277,EXCEPTION,Pessimiste
59427,La Neuville,1,0.05975657512588062,0.9402434248741194,EXCEPTION,Pessimiste
59428,Neuville-Saint-Rémy,0,0.6687038641768164,0.33129613582318357,DROITE,Pessimiste
59429,Neuville-sur-Escaut,0,0.9133825782658533,0.08661742173414663,DROITE,Pessimiste
59430,Neuvilly,0,0.8924550738316345,0.10754492616836554,DROITE,Pessimiste
59431,Nieppe,1,0.2131007113333464,0.7868992886666536,EXCEPTION,Pessimiste
59432,Niergnies,0,0.8646380060812183,0.13536199391878168,DROITE,Pessimiste
59433,Nieurlet,0,0.97295111770929,0.02704888229071,DROITE,Pessimiste
59434,Nivelle,0,0.5654951439742106,0.4345048560257894,DROITE,Pessimiste
59435,Nomain,1,0.10381049949215104,0.896189500507849,EXCEPTION,Pessimiste
59436,Noordpeene,0,0.5887617872592977,0.41123821274070227,DROITE,Pessimiste
59437,Noyelles-lès-Seclin,1,0.04570000234489391,0.9542999976551061,EXCEPTION,Pessimiste
59438,Noyelles-sur-Escaut,0,0.8449258667852243,0.1550741332147757,DROITE,Pessimiste
59439,Noyelles-sur-Sambre,0,0.9922186116080803,0.007781388391919657,DROITE,Pessimiste
59440,Noyelles-sur-Selle,0,0.9387582682693368,0.06124173173066317,DROITE,Pessimiste
59441,Obies,0,0.8685543746473224,0.13144562535267754,DROITE,Pessimiste
59442,Obrechies,0,0.6915787937358646,0.30842120626413544,DROITE,Pessimiste
59443,Ochtezeele,0,0.9043911235048884,0.09560887649511159,DROITE,Pessimiste
59444,Odomez,0,0.8593295311926674,0.14067046880733253,DROITE,Pessimiste
59445,Ohain,0,0.8940630937208309,0.10593690627916912,DROITE,Pessimiste
59446,Oisy,0,0.6710568965404446,0.32894310345955535,DROITE,Pessimiste
59447,Onnaing,0,0.6920747655023933,0.3079252344976067,DROITE,Pessimiste
59448,Oost-Cappel,0,0.8717811001845858,0.12821889981541423,DROITE,Pessimiste
59449,Orchies,1,0.27000658664329746,0.7299934133567025,EXCEPTION,Pessimiste
59450,Ors,0,0.8765003034729871,0.1234996965270129,DROITE,Pessimiste
59451,Orsinval,0,0.6413744418513087,0.35862555814869135,DROITE,Pessimiste
59452,Ostricourt,0,0.5414509914442702,0.4585490085557298,DROITE,Pessimiste
59453,Oudezeele,0,0.8067489103324816,0.19325108966751836,DROITE,Pessimiste
59454,Oxelaëre,0,0.9339986578612333,0.06600134213876677,DROITE,Pessimiste
59455,Paillencourt,0,0.65910474082927,0.34089525917073005,DROITE,Pessimiste
59456,Pecquencourt,0,0.7223912292669455,0.27760877073305446,DROITE,Pessimiste
59457,Pérenchies,1,0.12054609222056678,0.8794539077794332,EXCEPTION,Pessimiste
59458,Péronne-en-Mélantois,1,0.15612786496060327,0.8438721350393967,EXCEPTION,Pessimiste
59459,Petite-Forêt,0,0.607313417816389,0.3926865821836109,DROITE,Pessimiste
59461,Petit-Fayt,0,0.9506677966897438,0.04933220331025625,DROITE,Pessimiste
59462,Phalempin,1,0.058718886703143625,0.9412811132968564,EXCEPTION,Pessimiste
59463,Pitgam,0,0.8611786156966086,0.13882138430339144,DROITE,Pessimiste
59464,Poix-du-Nord,0,0.5829069531438891,0.41709304685611087,DROITE,Pessimiste
59465,Pommereuil,0,0.8310805157569445,0.16891948424305547,DROITE,Pessimiste
59466,Pont-à-Marcq,1,0.08213955074811596,0.917860449251884,EXCEPTION,Pessimiste
59467,Pont-sur-Sambre,0,0.8627028523642694,0.13729714763573064,DROITE,Pessimiste
59468,Potelle,1,0.09902926270176171,0.9009707372982383,EXCEPTION,Pessimiste
59469,Pradelles,1,0.08851522750712748,0.9114847724928725,EXCEPTION,Pessimiste
59470,Prémesques,1,0.060814618671400256,0.9391853813285997,EXCEPTION,Pessimiste
59471,Préseau,1,0.3812267145154471,0.6187732854845529,EXCEPTION,Pessimiste
59472,Preux-au-Bois,0,0.9027861153217889,0.09721388467821113,DROITE,Pessimiste
59473,Preux-au-Sart,1,0.4882450842811755,0.5117549157188245,EXCEPTION,Pessimiste
59474,Prisches,0,0.9140138507433011,0.08598614925669891,DROITE,Pessimiste
59475,Prouvy,0,0.8403478975963454,0.15965210240365457,DROITE,Pessimiste
59476,Proville,1,0.410014338469903,0.589985661530097,EXCEPTION,Pessimiste
59477,Provin,0,0.531847607322667,0.46815239267733305,DROITE,Pessimiste
59478,Quaëdypre,0,0.5568090286396398,0.44319097136036023,DROITE,Pessimiste
59479,Quarouble,0,0.7708912671110362,0.22910873288896377,DROITE,Pessimiste
59480,Quérénaing,1,0.28386471196863283,0.7161352880313672,EXCEPTION,Pessimiste
59481,Le Quesnoy,1,0.4438742356972222,0.5561257643027778,EXCEPTION,Pessimiste
59482,Quesnoy-sur-Deûle,1,0.09030465312334868,0.9096953468766513,EXCEPTION,Pessimiste
59483,Quiévelon,0,0.8286603123130306,0.17133968768696936,DROITE,Pessimiste
59484,Quiévrechain,0,0.8183696751636653,0.18163032483633473,DROITE,Pessimiste
59485,Quiévy,0,0.8442007144776613,0.1557992855223387,DROITE,Pessimiste
59486,Râches,0,0.6986405952121008,0.30135940478789924,DROITE,Pessimiste
59487,Radinghem-en-Weppes,1,0.07626814291084782,0.9237318570891522,EXCEPTION,Pessimiste
59488,Raillencourt-Sainte-Olle,0,0.5749248034963246,0.42507519650367537,DROITE,Pessimiste
59489,Raimbeaucourt,0,0.6503984765940847,0.34960152340591527,DROITE,Pessimiste
59490,Rainsars,0,0.686674389964764,0.31332561003523596,DROITE,Pessimiste
59491,Raismes,0,0.7970425914986394,0.20295740850136063,DROITE,Pessimiste
59492,Ramillies,0,0.9410884925846366,0.05891150741536342,DROITE,Pessimiste
59493,Ramousies,0,0.8205220427701029,0.17947795722989715,DROITE,Pessimiste
59494,Raucourt-au-Bois,1,0.44157792652556505,0.558422073474435,EXCEPTION,Pessimiste
59495,Recquignies,0,0.9383361282793129,0.06166387172068711,DROITE,Pessimiste
59496,Rejet-de-Beaulieu,0,0.8777927335662572,0.12220726643374279,DROITE,Pessimiste
59497,Renescure,0,0.9144215407947159,0.08557845920528404,DROITE,Pessimiste
59498,Reumont,0,0.9847239090969968,0.01527609090300319,DROITE,Pessimiste
59499,Rexpoëde,0,0.6318525002439915,0.36814749975600847,DROITE,Pessimiste
59500,Ribécourt-la-Tour,0,0.5558363364113091,0.44416366358869086,DROITE,Pessimiste
59501,Rieulay,0,0.7891408728380686,0.21085912716193148,DROITE,Pessimiste
59502,Rieux-en-Cambrésis,0,0.9370166462538496,0.06298335374615033,DROITE,Pessimiste
59503,Robersart,1,0.23151019596304623,0.7684898040369538,EXCEPTION,Pessimiste
59504,Roeulx,0,0.8547047010957403,0.1452952989042597,DROITE,Pessimiste
59505,Rombies-et-Marchipont,0,0.7369887941781217,0.26301120582187826,DROITE,Pessimiste
59506,Romeries,0,0.7390929811279197,0.26090701887208034,DROITE,Pessimiste
59507,Ronchin,1,0.1070958527844732,0.8929041472155268,EXCEPTION,Pessimiste
59508,Roncq,1,0.13755145747708952,0.8624485425229105,EXCEPTION,Pessimiste
59509,Roost-Warendin,0,0.7686227364211248,0.23137726357887523,DROITE,Pessimiste
59511,Rosult,1,0.32088395802685354,0.6791160419731465,EXCEPTION,Pessimiste
59512,Roubaix,1,0.28365147036048455,0.7163485296395155,EXCEPTION,Pessimiste
59513,Roucourt,0,0.7938374667450026,0.2061625332549974,DROITE,Pessimiste
59514,Rousies,0,0.5743239491566344,0.42567605084336557,DROITE,Pessimiste
59515,Rouvignies,0,0.8084836225245606,0.19151637747543937,DROITE,Pessimiste
59516,Rubrouck,0,0.7684008569619124,0.23159914303808757,DROITE,Pessimiste
59517,Les Rues-des-Vignes,0,0.7771343439094203,0.2228656560905797,DROITE,Pessimiste
59518,Ruesnes,1,0.4913891224977526,0.5086108775022474,EXCEPTION,Pessimiste
59519,Rumegies,0,0.7473697936750148,0.2526302063249852,DROITE,Pessimiste
59520,Rumilly-en-Cambrésis,0,0.7182345112529072,0.2817654887470928,DROITE,Pessimiste
59521,Sailly-lez-Cambrai,0,0.7644649227489053,0.23553507725109468,DROITE,Pessimiste
59522,Sailly-lez-Lannoy,1,0.028785298585371932,0.9712147014146281,EXCEPTION,Pessimiste
59523,Sainghin-en-Mélantois,1,0.005123913933220647,0.9948760860667794,EXCEPTION,Pessimiste
59524,Sainghin-en-Weppes,1,0.23358596298492862,0.7664140370150714,EXCEPTION,Pessimiste
59525,Sains-du-Nord,0,0.8044570183486495,0.1955429816513506,DROITE,Pessimiste
59526,Saint-Amand-les-Eaux,1,0.31766668998876957,0.6823333100112304,EXCEPTION,Pessimiste
59527,Saint-André-lez-Lille,1,0.039568841212179406,0.9604311587878206,EXCEPTION,Pessimiste
59528,Saint-Aubert,0,0.7172905047681954,0.2827094952318045,DROITE,Pessimiste
59529,Saint-Aubin,0,0.7529777726702012,0.24702222732979878,DROITE,Pessimiste
59530,Saint-Aybert,0,0.9474410366623028,0.052558963337697155,DROITE,Pessimiste
59531,Saint-Benin,0,0.8736612117445404,0.12633878825545966,DROITE,Pessimiste
59532,Saint-Georges-sur-l'Aa,0,0.7533353590688918,0.24666464093110815,DROITE,Pessimiste
59533,Saint-Hilaire-lez-Cambrai,0,0.8588360281608673,0.14116397183913265,DROITE,Pessimiste
59534,Saint-Hilaire-sur-Helpe,0,0.6310389142222885,0.3689610857777114,DROITE,Pessimiste
59535,Saint-Jans-Cappel,1,0.37029164552190097,0.629708354478099,EXCEPTION,Pessimiste
59536,Sainte-Marie-Cappel,1,0.39143297175212133,0.6085670282478787,EXCEPTION,Pessimiste
59537,Saint-Martin-sur-Ecaillon,0,0.6525769928926715,0.3474230071073286,DROITE,Pessimiste
59538,Saint-Momelin,0,0.9787290052989738,0.021270994701026242,DROITE,Pessimiste
59539,Saint-Pierre-Brouck,0,0.9423348975482209,0.057665102451779124,DROITE,Pessimiste
59541,Saint-Python,0,0.9593095409519629,0.04069045904803715,DROITE,Pessimiste
59542,Saint-Remy-Chaussée,0,0.9476313839217215,0.05236861607827843,DROITE,Pessimiste
59543,Saint-Remy-du-Nord,0,0.977638536905307,0.02236146309469295,DROITE,Pessimiste
59544,Saint-Saulve,1,0.24311159555647355,0.7568884044435265,EXCEPTION,Pessimiste
59545,Saint-Souplet,0,0.9541571915011176,0.045842808498882406,DROITE,Pessimiste
59546,Saint-Sylvestre-Cappel,0,0.8298203948923017,0.1701796051076983,DROITE,Pessimiste
59547,Saint-Vaast-en-Cambrésis,0,0.9129797548624992,0.0870202451375009,DROITE,Pessimiste
59548,Saint-Waast,0,0.8951725250006938,0.10482747499930618,DROITE,Pessimiste
59549,Salesches,0,0.9861544534132561,0.013845546586743846,DROITE,Pessimiste
59550,Salomé,1,0.39950504906585527,0.6004949509341447,EXCEPTION,Pessimiste
59551,Saméon,1,0.1572790408950301,0.8427209591049699,EXCEPTION,Pessimiste
59552,Sancourt,0,0.9798823316183479,0.020117668381652045,DROITE,Pessimiste
59553,Santes,1,0.138532039778561,0.861467960221439,EXCEPTION,Pessimiste
59554,Sars-et-Rosières,1,0.03945811439514024,0.9605418856048598,EXCEPTION,Pessimiste
59555,Sars-Poteries,0,0.8665473681541666,0.13345263184583347,DROITE,Pessimiste
59556,Sassegnies,0,0.9236955220388756,0.07630447796112441,DROITE,Pessimiste
59557,Saultain,1,0.3756532075739789,0.6243467924260211,EXCEPTION,Pessimiste
59558,Saulzoir,0,0.8337297659970659,0.166270234002934,DROITE,Pessimiste
59559,Sebourg,1,0.03933529156995963,0.9606647084300404,EXCEPTION,Pessimiste
59560,Seclin,1,0.11628605166567563,0.8837139483343244,EXCEPTION,Pessimiste
59562,Sémeries,0,0.8489328881447911,0.15106711185520888,DROITE,Pessimiste
59563,Semousies,0,0.8896593867528375,0.11034061324716243,DROITE,Pessimiste
59564,La Sentinelle,0,0.8546845805713321,0.14531541942866782,DROITE,Pessimiste
59565,Sepmeries,0,0.529244495840917,0.470755504159083,DROITE,Pessimiste
59566,Sequedin,1,0.3638193175212828,0.6361806824787172,EXCEPTION,Pessimiste
59567,Séranvillers-Forenville,0,0.828970589642194,0.1710294103578061,DROITE,Pessimiste
59568,Sercus,0,0.9195814286204288,0.08041857137957122,DROITE,Pessimiste
59569,Sin-le-Noble,0,0.8321019380385472,0.16789806196145285,DROITE,Pessimiste
59570,Socx,1,0.17941152666683058,0.8205884733331694,EXCEPTION,Pessimiste
59571,Solesmes,0,0.6768959872234646,0.3231040127765355,DROITE,Pessimiste
59572,Solre-le-Château,0,0.9286726277935148,0.07132737220648525,DROITE,Pessimiste
59573,Solrinnes,0,0.7173943220123712,0.2826056779876288,DROITE,Pessimiste
59574,Somain,0,0.6332989179902613,0.3667010820097388,DROITE,Pessimiste
59575,Sommaing,1,0.46526516274515495,0.534734837254845,EXCEPTION,Pessimiste
59576,Spycker,0,0.8682264730979297,0.1317735269020703,DROITE,Pessimiste
59577,Staple,0,0.7913105070594787,0.20868949294052133,DROITE,Pessimiste
59578,Steenbecque,0,0.5238733021008559,0.4761266978991441,DROITE,Pessimiste
59579,Steene,0,0.6668751264551289,0.33312487354487114,DROITE,Pessimiste
59580,Steenvoorde,0,0.5134935171879857,0.48650648281201425,DROITE,Pessimiste
59581,Steenwerck,1,0.23468716049856675,0.7653128395014333,EXCEPTION,Pessimiste
59582,Strazeele,0,0.7619804380143035,0.23801956198569652,DROITE,Pessimiste
59583,Taisnières-en-Thiérache,0,0.7550192519252986,0.24498074807470135,DROITE,Pessimiste
59584,Taisnières-sur-Hon,0,0.7481608694603878,0.2518391305396121,DROITE,Pessimiste
59585,Templemars,1,0.1254231348189614,0.8745768651810386,EXCEPTION,Pessimiste
59586,Templeuve-en-Pévèle,1,0.06685245419649877,0.9331475458035012,EXCEPTION,Pessimiste
59587,Terdeghem,1,0.16195875434034912,0.8380412456596509,EXCEPTION,Pessimiste
59588,Téteghem-Coudekerque-Village,1,0.4342617454147658,0.5657382545852342,EXCEPTION,Pessimiste
59589,Thiant,0,0.6801104274016108,0.31988957259838924,DROITE,Pessimiste
59590,Thiennes,0,0.9634938731270392,0.03650612687296087,DROITE,Pessimiste
59591,Thivencelle,0,0.6283372416609674,0.3716627583390326,DROITE,Pessimiste
59592,Thumeries,1,0.26073044013938795,0.739269559860612,EXCEPTION,Pessimiste
59593,Thun-l'Evêque,1,0.4187311764277596,0.5812688235722404,EXCEPTION,Pessimiste
59594,Thun-Saint-Amand,0,0.8629651113208174,0.13703488867918262,DROITE,Pessimiste
59595,Thun-Saint-Martin,1,0.4822121675711294,0.5177878324288706,EXCEPTION,Pessimiste
59596,Tilloy-lez-Marchiennes,1,0.24874889155796998,0.75125110844203,EXCEPTION,Pessimiste
59597,Tilloy-lez-Cambrai,1,0.10604221137271608,0.8939577886272839,EXCEPTION,Pessimiste
59598,Toufflers,1,0.35270892203590365,0.6472910779640964,EXCEPTION,Pessimiste
59599,Tourcoing,1,0.3817739954465541,0.6182260045534459,EXCEPTION,Pessimiste
59600,Tourmignies,1,0.12042810071335541,0.8795718992866446,EXCEPTION,Pessimiste
59601,Trélon,1,0.39502656585685325,0.6049734341431467,EXCEPTION,Pessimiste
59602,Tressin,1,0.06840569078915348,0.9315943092108465,EXCEPTION,Pessimiste
59603,Trith-Saint-Léger,0,0.5943446187612884,0.4056553812387116,DROITE,Pessimiste
59604,Troisvilles,0,0.9234521636412643,0.0765478363587358,DROITE,Pessimiste
59605,Uxem,1,0.47322879238566284,0.5267712076143372,EXCEPTION,Pessimiste
59606,Valenciennes,1,0.1499371452653292,0.8500628547346708,EXCEPTION,Pessimiste
59607,Vendegies-au-Bois,0,0.705571894512835,0.294428105487165,DROITE,Pessimiste
59608,Vendegies-sur-Ecaillon,0,0.8601912236572298,0.13980877634277025,DROITE,Pessimiste
59609,Vendeville,1,0.046666967956064065,0.9533330320439359,EXCEPTION,Pessimiste
59610,Verchain-Maugré,0,0.5605316881278546,0.43946831187214547,DROITE,Pessimiste
59611,Verlinghem,1,0.04043364409055461,0.9595663559094454,EXCEPTION,Pessimiste
59612,Vertain,0,0.7841754423262612,0.21582455767373881,DROITE,Pessimiste
59613,Vicq,0,0.7383186527665977,0.26168134723340225,DROITE,Pessimiste
59614,Viesly,0,0.8741710985879355,0.1258289014120645,DROITE,Pessimiste
59615,Vieux-Berquin,0,0.5867412262256174,0.4132587737743826,DROITE,Pessimiste
59616,Vieux-Condé,0,0.7093312789802583,0.2906687210197417,DROITE,Pessimiste
59617,Vieux-Mesnil,0,0.9881189566884744,0.01188104331152557,DROITE,Pessimiste
59618,Vieux-Reng,0,0.9891731881249621,0.010826811875037867,DROITE,Pessimiste
59619,Villereau,0,0.6592127706798023,0.34078722932019767,DROITE,Pessimiste
59620,Villers-au-Tertre,0,0.868593059574104,0.13140694042589593,DROITE,Pessimiste
59622,Villers-en-Cauchies,0,0.9027226898826468,0.09727731011735317,DROITE,Pessimiste
59623,Villers-Guislain,0,0.9605866558863987,0.03941334411360136,DROITE,Pessimiste
59624,Villers-Outréaux,1,0.3641027665896982,0.6358972334103018,EXCEPTION,Pessimiste
59625,Villers-Plouich,0,0.7160679277943054,0.2839320722056946,DROITE,Pessimiste
59626,Villers-Pol,1,0.258431741110686,0.741568258889314,EXCEPTION,Pessimiste
59627,Villers-Sire-Nicole,0,0.9676310049608855,0.03236899503911451,DROITE,Pessimiste
59628,Volckerinckhove,0,0.8225562786235509,0.17744372137644915,DROITE,Pessimiste
59629,Vred,0,0.7273478418110839,0.272652158188916,DROITE,Pessimiste
59630,Wahagnies,0,0.7492053189385789,0.2507946810614211,DROITE,Pessimiste
59631,Walincourt-Selvigny,0,0.7488329346988201,0.2511670653011799,DROITE,Pessimiste
59632,Wallers,0,0.738798335349787,0.261201664650213,DROITE,Pessimiste
59633,Wallers-en-Fagne,0,0.9108960143340863,0.0891039856659137,DROITE,Pessimiste
59634,Wallon-Cappel,0,0.7856118492100314,0.21438815078996865,DROITE,Pessimiste
59635,Wambaix,1,0.45467540576359744,0.5453245942364026,EXCEPTION,Pessimiste
59636,Wambrechies,1,0.02642872453826095,0.973571275461739,EXCEPTION,Pessimiste
59637,Wandignies-Hamage,1,0.27257395286624364,0.7274260471337564,EXCEPTION,Pessimiste
59638,Wannehain,1,0.1055175980841272,0.8944824019158728,EXCEPTION,Pessimiste
59639,Wargnies-le-Grand,1,0.37288654398762355,0.6271134560123764,EXCEPTION,Pessimiste
59640,Wargnies-le-Petit,1,0.47254888926025995,0.52745111073974,EXCEPTION,Pessimiste
59641,Warhem,0,0.6491914078908447,0.3508085921091552,DROITE,Pessimiste
59642,Warlaing,1,0.33325021961188406,0.6667497803881159,EXCEPTION,Pessimiste
59643,Warneton,0,0.5617265793824952,0.43827342061750485,DROITE,Pessimiste
59645,Wasnes-au-Bac,0,0.83285765925956,0.16714234074044,DROITE,Pessimiste
59646,Wasquehal,1,0.024719009947093418,0.9752809900529066,EXCEPTION,Pessimiste
59647,Watten,0,0.6549257575351481,0.34507424246485185,DROITE,Pessimiste
59648,Wattignies,1,0.07108248838495224,0.9289175116150478,EXCEPTION,Pessimiste
59649,Wattignies-la-Victoire,0,0.9049823321910615,0.09501766780893846,DROITE,Pessimiste
59650,Wattrelos,0,0.5167063030709318,0.4832936969290682,DROITE,Pessimiste
59651,Wavrechain-sous-Denain,0,0.9732181976399581,0.02678180236004195,DROITE,Pessimiste
59652,Wavrechain-sous-Faulx,0,0.9677385968393574,0.032261403160642646,DROITE,Pessimiste
59653,Wavrin,1,0.38371419572929744,0.6162858042707026,EXCEPTION,Pessimiste
59654,Waziers,0,0.6872031394104896,0.3127968605895104,DROITE,Pessimiste
59655,Wemaers-Cappel,1,0.2984982254503037,0.7015017745496963,EXCEPTION,Pessimiste
59656,Wervicq-Sud,1,0.39895417287734647,0.6010458271226535,EXCEPTION,Pessimiste
59657,West-Cappel,0,0.6885175937381405,0.3114824062618596,DROITE,Pessimiste
59658,Wicres,1,0.1385116851555106,0.8614883148444894,EXCEPTION,Pessimiste
59659,Wignehies,0,0.7346655362142646,0.26533446378573544,DROITE,Pessimiste
59660,Willems,1,0.029968881192997454,0.9700311188070025,EXCEPTION,Pessimiste
59661,Willies,0,0.9397558318793059,0.06024416812069416,DROITE,Pessimiste
59662,Winnezeele,0,0.7074100249691249,0.2925899750308752,DROITE,Pessimiste
59663,Wormhout,1,0.42887250263593824,0.5711274973640618,EXCEPTION,Pessimiste
59664,Wulverdinghe,0,0.980972529903506,0.019027470096494,DROITE,Pessimiste
59665,Wylder,0,0.8792874125032303,0.12071258749676976,DROITE,Pessimiste
59666,Zegerscappel,0,0.7443276952882554,0.2556723047117447,DROITE,Pessimiste
59667,Zermezeele,0,0.7074656690449732,0.29253433095502684,DROITE,Pessimiste
59668,Zuydcoote,0,0.7560034669109823,0.24399653308901767,DROITE,Pessimiste
59669,Zuytpeene,0,0.8963605431355437,0.10363945686445632,DROITE,Pessimiste
59670,Don,1,0.42737375450189663,0.5726262454981034,EXCEPTION,Pessimiste
59001,Abancourt,0,0.5141051842123381,0.4858948157876619,DROITE,Optimiste
59002,Abscon,0,0.9819754324857545,0.018024567514245558,DROITE,Optimiste
59003,Aibes,0,0.9640596010818563,0.035940398918143754,DROITE,Optimiste
59004,Aix,1,0.23250566000591555,0.7674943399940845,EXCEPTION,Optimiste
59005,Allennes-les-Marais,0,0.6562526469086127,0.3437473530913872,DROITE,Optimiste
59006,Amfroipret,0,0.5679750243077677,0.4320249756922323,DROITE,Optimiste
59007,Anhiers,0,0.9863411233868279,0.013658876613172142,DROITE,Optimiste
59008,Aniche,0,0.9495657665640096,0.05043423343599037,DROITE,Optimiste
59009,Villeneuve-d'Ascq,1,0.06780340228476767,0.9321965977152323,EXCEPTION,Optimiste
59010,Anneux,0,0.9190120930432801,0.08098790695671983,DROITE,Optimiste
59011,Annoeullin,1,0.4913557480467564,0.5086442519532436,EXCEPTION,Optimiste
59012,Anor,0,0.8702843106684655,0.12971568933153452,DROITE,Optimiste
59013,Anstaing,1,0.16455517511816553,0.8354448248818345,EXCEPTION,Optimiste
59014,Anzin,0,0.7333858936700552,0.2666141063299448,DROITE,Optimiste
59015,Arleux,0,0.772010362400908,0.2279896375990919,DROITE,Optimiste
59016,Armbouts-Cappel,0,0.8408373647104967,0.1591626352895033,DROITE,Optimiste
59017,Armentières,0,0.6551471952919544,0.3448528047080456,DROITE,Optimiste
59018,Arnèke,0,0.8946474365742798,0.10535256342572018,DROITE,Optimiste
59019,Artres,0,0.515917206804198,0.484082793195802,DROITE,Optimiste
59021,Assevent,0,0.8999202949300289,0.10007970506997112,DROITE,Optimiste
59022,Attiches,1,0.09722115383953522,0.9027788461604648,EXCEPTION,Optimiste
59023,Aubencheul-au-Bac,0,0.9563959074027406,0.043604092597259406,DROITE,Optimiste
59024,Auberchicourt,0,0.820990688731384,0.179009311268616,DROITE,Optimiste
59025,Aubers,1,0.07437579509062153,0.9256242049093785,EXCEPTION,Optimiste
59026,Aubigny-au-Bac,0,0.9822878830867563,0.01771211691324369,DROITE,Optimiste
59027,Aubry-du-Hainaut,1,0.4684626243611233,0.5315373756388767,EXCEPTION,Optimiste
59028,Auby,0,0.9363540091538847,0.06364599084611537,DROITE,Optimiste
59029,Auchy-lez-Orchies,1,0.2907291718991072,0.7092708281008928,EXCEPTION,Optimiste
59031,Audignies,0,0.8746969168768687,0.12530308312313135,DROITE,Optimiste
59032,Aulnoy-lez-Valenciennes,0,0.8013671665252821,0.1986328334747179,DROITE,Optimiste
59033,Aulnoye-Aymeries,0,0.8305294816940705,0.16947051830592957,DROITE,Optimiste
59034,Avelin,1,0.03169294371541176,0.9683070562845882,EXCEPTION,Optimiste
59035,Avesnelles,0,0.5979367488540523,0.40206325114594765,DROITE,Optimiste
59036,Avesnes-sur-Helpe,0,0.8096213835118743,0.19037861648812573,DROITE,Optimiste
59037,Avesnes-les-Aubert,0,0.7565637074709509,0.24343629252904908,DROITE,Optimiste
59038,Avesnes-le-Sec,0,0.9304289544228068,0.06957104557719321,DROITE,Optimiste
59039,Awoingt,1,0.3605958635411731,0.6394041364588269,EXCEPTION,Optimiste
59041,Bachant,0,0.974223805897665,0.025776194102334966,DROITE,Optimiste
59042,Bachy,0,0.5261153929521887,0.4738846070478113,DROITE,Optimiste
59043,Bailleul,1,0.3409745969504946,0.6590254030495054,EXCEPTION,Optimiste
59044,Baisieux,1,0.11418891403776621,0.8858110859622338,EXCEPTION,Optimiste
59045,Baives,0,0.9840592579720168,0.01594074202798325,DROITE,Optimiste
59046,Bambecque,0,0.951129084203026,0.048870915796974015,DROITE,Optimiste
59047,Banteux,0,0.8958796901568282,0.10412030984317173,DROITE,Optimiste
59048,Bantigny,0,0.9239403306471398,0.07605966935286028,DROITE,Optimiste
59049,Bantouzelle,0,0.9926975245751043,0.00730247542489575,DROITE,Optimiste
59050,Bas-Lieu,0,0.9574195719813696,0.04258042801863043,DROITE,Optimiste
59051,La Bassée,0,0.5424718332582646,0.45752816674173535,DROITE,Optimiste
59052,Bauvin,0,0.7482577877882335,0.25174221221176657,DROITE,Optimiste
59053,Bavay,0,0.6158395331366243,0.3841604668633757,DROITE,Optimiste
59054,Bavinchove,0,0.9382162462050117,0.061783753794988405,DROITE,Optimiste
59055,Bazuel,0,0.9214225931993036,0.07857740680069634,DROITE,Optimiste
59056,Beaucamps-Ligny,1,0.10593953332179673,0.8940604666782033,EXCEPTION,Optimiste
59057,Beaudignies,0,0.8174559871012639,0.18254401289873615,DROITE,Optimiste
59058,Beaufort,0,0.9098996344352493,0.09010036556475061,DROITE,Optimiste
59059,Beaumont-en-Cambrésis,0,0.9927728806896898,0.007227119310310201,DROITE,Optimiste
59060,Beaurain,0,0.9288318045945922,0.07116819540540771,DROITE,Optimiste
59061,Beaurepaire-sur-Sambre,0,0.9665583753489408,0.03344162465105913,DROITE,Optimiste
59062,Beaurieux,0,0.7799165465620376,0.22008345343796246,DROITE,Optimiste
59063,Beauvois-en-Cambrésis,0,0.919832418288975,0.08016758171102506,DROITE,Optimiste
59064,Bellaing,0,0.933159061560299,0.06684093843970099,DROITE,Optimiste
59065,Bellignies,0,0.9524848970529611,0.0475151029470389,DROITE,Optimiste
59066,Bérelles,0,0.9949098990965675,0.00509010090343249,DROITE,Optimiste
59067,Bergues,1,0.3615915938748554,0.6384084061251446,EXCEPTION,Optimiste
59068,Berlaimont,0,0.9246896221430294,0.07531037785697065,DROITE,Optimiste
59069,Bermerain,0,0.5345770505327516,0.4654229494672483,DROITE,Optimiste
59070,Bermeries,0,0.8894303202412798,0.11056967975872022,DROITE,Optimiste
59071,Bersée,1,0.16047233363164082,0.8395276663683592,EXCEPTION,Optimiste
59072,Bersillies,0,0.9665022737083332,0.03349772629166684,DROITE,Optimiste
59073,Berthen,0,0.941749351840728,0.058250648159272,DROITE,Optimiste
59074,Bertry,0,0.8776307270117365,0.12236927298826353,DROITE,Optimiste
59075,Béthencourt,0,0.9776479748376274,0.02235202516237258,DROITE,Optimiste
59076,Bettignies,0,0.9963980383175356,0.0036019616824644316,DROITE,Optimiste
59077,Bettrechies,0,0.7105268928808495,0.2894731071191505,DROITE,Optimiste
59078,Beugnies,0,0.8495979678482696,0.15040203215173042,DROITE,Optimiste
59079,Beuvrages,0,0.7424903906670058,0.25750960933299416,DROITE,Optimiste
59080,Beuvry-la-Forêt,1,0.2496179925513765,0.7503820074486235,EXCEPTION,Optimiste
59081,Bévillers,0,0.8886663073405563,0.11133369265944366,DROITE,Optimiste
59082,Bierne,0,0.9516422448755338,0.04835775512446611,DROITE,Optimiste
59083,Bissezeele,1,0.39721896157224235,0.6027810384277577,EXCEPTION,Optimiste
59084,Blaringhem,0,0.8105943708479154,0.18940562915208461,DROITE,Optimiste
59085,Blécourt,0,0.9005334509263961,0.09946654907360383,DROITE,Optimiste
59086,Boeschepe,0,0.6128068302752534,0.38719316972474666,DROITE,Optimiste
59087,Boëseghem,0,0.9788944986451756,0.021105501354824318,DROITE,Optimiste
59088,Bois-Grenier,1,0.3758937425653823,0.6241062574346177,EXCEPTION,Optimiste
59089,Bollezeele,0,0.9268968552452808,0.07310314475471927,DROITE,Optimiste
59090,Bondues,1,0.004223319436133299,0.9957766805638667,EXCEPTION,Optimiste
59091,Borre,0,0.9591886074004669,0.040811392599533154,DROITE,Optimiste
59092,Bouchain,0,0.9554851456166732,0.044514854383326835,DROITE,Optimiste
59093,Boulogne-sur-Helpe,0,0.9857904978791786,0.01420950212082136,DROITE,Optimiste
59094,Bourbourg,0,0.8324574266531605,0.16754257334683956,DROITE,Optimiste
59096,Bourghelles,1,0.15168868777005695,0.848311312229943,EXCEPTION,Optimiste
59097,Boursies,0,0.9850501465454257,0.01494985345457431,DROITE,Optimiste
59098,Bousbecque,0,0.5866102045786449,0.4133897954213551,DROITE,Optimiste
59099,Bousies,0,0.5929152662028331,0.4070847337971669,DROITE,Optimiste
59100,Bousignies,1,0.17101421850019438,0.8289857814998056,EXCEPTION,Optimiste
59101,Bousignies-sur-Roc,0,0.9881997048499993,0.011800295150000674,DROITE,Optimiste
59102,Boussières-en-Cambrésis,0,0.9884290250039667,0.011570974996033285,DROITE,Optimiste
59103,Boussières-sur-Sambre,0,0.9381432323278134,0.06185676767218659,DROITE,Optimiste
59104,Boussois,0,0.9753847406794818,0.024615259320518272,DROITE,Optimiste
59105,Bouvignies,0,0.5437516545448304,0.4562483454551696,DROITE,Optimiste
59106,Bouvines,1,0.03296302225630299,0.967036977743697,EXCEPTION,Optimiste
59107,Bray-Dunes,0,0.8023722081680219,0.19762779183197812,DROITE,Optimiste
59108,Briastre,0,0.949874356286864,0.05012564371313597,DROITE,Optimiste
59109,Brillon,0,0.6151193258881631,0.38488067411183696,DROITE,Optimiste
59110,Brouckerque,0,0.8210979772398048,0.17890202276019515,DROITE,Optimiste
59111,Broxeele,0,0.9683776200942747,0.03162237990572528,DROITE,Optimiste
59112,Bruay-sur-l'Escaut,0,0.8300077574480831,0.1699922425519169,DROITE,Optimiste
59113,Bruille-lez-Marchiennes,0,0.9639947397682602,0.03600526023173977,DROITE,Optimiste
59114,Bruille-Saint-Amand,0,0.6496392426790764,0.35036075732092364,DROITE,Optimiste
59115,Brunémont,0,0.7489198268010689,0.25108017319893106,DROITE,Optimiste
59116,Bry,1,0.26843893144192066,0.7315610685580793,EXCEPTION,Optimiste
59117,Bugnicourt,0,0.9412814478495752,0.05871855215042472,DROITE,Optimiste
59118,Busigny,0,0.9716226645687632,0.028377335431236758,DROITE,Optimiste
59119,Buysscheure,0,0.8400039830495551,0.1599960169504449,DROITE,Optimiste
59120,Caëstre,0,0.7609873987717417,0.23901260122825835,DROITE,Optimiste
59121,Cagnoncles,0,0.8776837310007614,0.12231626899923864,DROITE,Optimiste
59122,Cambrai,0,0.5665752465588514,0.4334247534411486,DROITE,Optimiste
59123,Camphin-en-Carembault,1,0.19824507877838315,0.8017549212216168,EXCEPTION,Optimiste
59124,Camphin-en-Pévèle,1,0.07946863698607409,0.9205313630139259,EXCEPTION,Optimiste
59125,Cantaing-sur-Escaut,0,0.8125311707425117,0.1874688292574883,DROITE,Optimiste
59126,Cantin,0,0.838896538799694,0.16110346120030608,DROITE,Optimiste
59127,Capelle,0,0.6228351399909065,0.37716486000909355,DROITE,Optimiste
59128,Capinghem,1,0.09996052002693756,0.9000394799730624,EXCEPTION,Optimiste
59129,Cappelle-en-Pévèle,1,0.23109183057372418,0.7689081694262758,EXCEPTION,Optimiste
59130,Cappelle-Brouck,0,0.975856701749505,0.024143298250494955,DROITE,Optimiste
59131,Cappelle-la-Grande,0,0.9075111311959714,0.09248886880402866,DROITE,Optimiste
59132,Carnières,0,0.983578428884881,0.016421571115119014,DROITE,Optimiste
59133,Carnin,1,0.09522239822566392,0.9047776017743361,EXCEPTION,Optimiste
59134,Cartignies,0,0.9712595818564921,0.028740418143507872,DROITE,Optimiste
59135,Cassel,0,0.6447619631152687,0.3552380368847313,DROITE,Optimiste
59136,Le Cateau-Cambrésis,0,0.80386293072371,0.19613706927629002,DROITE,Optimiste
59137,Catillon-sur-Sambre,0,0.9927713425980954,0.0072286574019045785,DROITE,Optimiste
59138,Cattenières,0,0.5575952551422181,0.442404744857782,DROITE,Optimiste
59139,Caudry,0,0.795061257030375,0.20493874296962494,DROITE,Optimiste
59140,Caullery,0,0.9871943714521227,0.012805628547877248,DROITE,Optimiste
59141,Cauroir,0,0.9628764585290714,0.0371235414709285,DROITE,Optimiste
59142,Cerfontaine,0,0.9089780631327224,0.09102193686727754,DROITE,Optimiste
59143,La Chapelle-d'Armentières,1,0.33484630952009453,0.6651536904799055,EXCEPTION,Optimiste
59144,Château-l'Abbaye,0,0.7210901288966857,0.27890987110331433,DROITE,Optimiste
59145,Chemy,1,0.19752172290235892,0.8024782770976411,EXCEPTION,Optimiste
59146,Chéreng,1,0.031744372230027684,0.9682556277699723,EXCEPTION,Optimiste
59147,Choisies,1,0.17675591487246534,0.8232440851275347,EXCEPTION,Optimiste
59148,Clairfayts,0,0.7794955082984425,0.22050449170155756,DROITE,Optimiste
59149,Clary,0,0.9115898867216357,0.08841011327836432,DROITE,Optimiste
59150,Cobrieux,1,0.1735258020951277,0.8264741979048723,EXCEPTION,Optimiste
59151,Colleret,0,0.9621480091988913,0.037851990801108716,DROITE,Optimiste
59152,Comines,0,0.6853517854204829,0.3146482145795171,DROITE,Optimiste
59153,Condé-sur-l'Escaut,0,0.8383042420357153,0.1616957579642847,DROITE,Optimiste
59155,Coudekerque-Branche,0,0.8251205536097815,0.17487944639021843,DROITE,Optimiste
59156,Courchelettes,0,0.7434938355767811,0.25650616442321894,DROITE,Optimiste
59157,Cousolre,0,0.9561427882184254,0.043857211781574625,DROITE,Optimiste
59158,Coutiches,1,0.3470915540716676,0.6529084459283324,EXCEPTION,Optimiste
59159,Craywick,1,0.48851918930963933,0.5114808106903607,EXCEPTION,Optimiste
59160,Crespin,0,0.9743005032219543,0.0256994967780457,DROITE,Optimiste
59161,Crèvecoeur-sur-l'Escaut,0,0.976033626981093,0.023966373018907017,DROITE,Optimiste
59162,Crochte,0,0.9004995360765438,0.0995004639234563,DROITE,Optimiste
59163,Croix,1,0.13374825150463998,0.86625174849536,EXCEPTION,Optimiste
59164,Croix-Caluyau,0,0.8906993697761891,0.10930063022381081,DROITE,Optimiste
59165,Cuincy,0,0.6749447828353841,0.325055217164616,DROITE,Optimiste
59166,Curgies,1,0.392142835965524,0.607857164034476,EXCEPTION,Optimiste
59167,Cuvillers,0,0.9724716561618083,0.027528343838191745,DROITE,Optimiste
59168,Cysoing,1,0.11601350858636317,0.8839864914136368,EXCEPTION,Optimiste
59169,Damousies,0,0.9296703525157648,0.07032964748423526,DROITE,Optimiste
59170,Dechy,0,0.7779932089035679,0.22200679109643204,DROITE,Optimiste
59171,Dehéries,0,0.9705295861064925,0.029470413893507456,DROITE,Optimiste
59172,Denain,0,0.8936033335738899,0.10639666642611008,DROITE,Optimiste
59173,Deûlémont,0,0.8004192646791671,0.1995807353208329,DROITE,Optimiste
59174,Dimechaux,0,0.9186699918182907,0.08133000818170937,DROITE,Optimiste
59175,Dimont,0,0.9454420986689921,0.05455790133100787,DROITE,Optimiste
59176,Doignies,0,0.7095020952642219,0.29049790473577813,DROITE,Optimiste
59177,Dompierre-sur-Helpe,0,0.9283813070168287,0.0716186929831712,DROITE,Optimiste
59178,Douai,0,0.5563879491730321,0.44361205082696786,DROITE,Optimiste
59179,Douchy-les-Mines,0,0.8204367604352472,0.1795632395647529,DROITE,Optimiste
59180,Le Doulieu,1,0.4430573397541798,0.5569426602458202,EXCEPTION,Optimiste
59181,Dourlers,0,0.7506531716774596,0.24934682832254035,DROITE,Optimiste
59182,Drincham,0,0.903165800084756,0.09683419991524402,DROITE,Optimiste
59183,Dunkerque,0,0.6567882933690117,0.3432117066309884,DROITE,Optimiste
59184,Ebblinghem,0,0.9139600234396681,0.08603997656033195,DROITE,Optimiste
59185,Ecaillon,0,0.911795240996454,0.088204759003546,DROITE,Optimiste
59186,Eccles,0,0.9977940822134042,0.0022059177865958197,DROITE,Optimiste
59187,Eclaibes,0,0.9432953405043445,0.05670465949565556,DROITE,Optimiste
59188,Ecuélin,0,0.9957405579717176,0.004259442028282469,DROITE,Optimiste
59189,Eecke,0,0.6875688136443108,0.3124311863556892,DROITE,Optimiste
59190,Elesmes,0,0.9009943637554845,0.09900563624451553,DROITE,Optimiste
59191,Elincourt,0,0.9329235926572149,0.06707640734278511,DROITE,Optimiste
59192,Emerchicourt,0,0.9667176629122437,0.033282337087756284,DROITE,Optimiste
59193,Emmerin,1,0.1430960270529481,0.8569039729470519,EXCEPTION,Optimiste
59194,Englefontaine,0,0.6867956435060769,0.31320435649392314,DROITE,Optimiste
59195,Englos,1,0.10657810397985434,0.8934218960201457,EXCEPTION,Optimiste
59196,Ennetières-en-Weppes,1,0.09347086907978541,0.9065291309202146,EXCEPTION,Optimiste
59197,Ennevelin,1,0.09800276628267302,0.901997233717327,EXCEPTION,Optimiste
59198,Eppe-Sauvage,0,0.7770983312925878,0.2229016687074122,DROITE,Optimiste
59199,Erchin,0,0.8837214635601777,0.11627853643982237,DROITE,Optimiste
59200,Eringhem,0,0.8750571385380207,0.12494286146197932,DROITE,Optimiste
59201,Erquinghem-le-Sec,1,0.45230474591380043,0.5476952540861996,EXCEPTION,Optimiste
59202,Erquinghem-Lys,0,0.7373879901511972,0.26261200984880284,DROITE,Optimiste
59203,Erre,0,0.9373123872914706,0.06268761270852936,DROITE,Optimiste
59204,Escarmain,0,0.8434494350057253,0.15655056499427472,DROITE,Optimiste
59205,Escaudain,0,0.8597612225403581,0.14023877745964183,DROITE,Optimiste
59206,Escaudoeuvres,0,0.7057721605468233,0.29422783945317665,DROITE,Optimiste
59207,Escautpont,0,0.9712713750073789,0.028728624992621046,DROITE,Optimiste
59208,Escobecques,1,0.009361427673155398,0.9906385723268446,EXCEPTION,Optimiste
59209,Esnes,0,0.9116607265315081,0.08833927346849187,DROITE,Optimiste
59210,Esquelbecq,0,0.8378106455124789,0.16218935448752117,DROITE,Optimiste
59211,Esquerchin,0,0.5886314387178209,0.4113685612821791,DROITE,Optimiste
59212,Estaires,0,0.6959273711911568,0.3040726288088432,DROITE,Optimiste
59213,Estourmel,0,0.8671986608030217,0.1328013391969783,DROITE,Optimiste
59214,Estrées,0,0.8959771382766207,0.1040228617233793,DROITE,Optimiste
59215,Estreux,1,0.48674724844763284,0.5132527515523672,EXCEPTION,Optimiste
59216,Eswars,0,0.5807613445804598,0.41923865541954025,DROITE,Optimiste
59217,Eth,1,0.10557942018974475,0.8944205798102552,EXCEPTION,Optimiste
59218,Etroeungt,0,0.9592031797872539,0.04079682021274614,DROITE,Optimiste
59219,Estrun,0,0.7027414625193384,0.2972585374806615,DROITE,Optimiste
59220,Faches-Thumesnil,1,0.26088385010966153,0.7391161498903385,EXCEPTION,Optimiste
59221,Famars,0,0.6739101805280088,0.3260898194719912,DROITE,Optimiste
59222,Faumont,1,0.3779059101926894,0.6220940898073106,EXCEPTION,Optimiste
59223,Le Favril,0,0.9501856408913162,0.04981435910868383,DROITE,Optimiste
59224,Féchain,0,0.8004052105003446,0.1995947894996554,DROITE,Optimiste
59225,Feignies,0,0.8213691524427278,0.17863084755727218,DROITE,Optimiste
59226,Felleries,0,0.8019072820344885,0.1980927179655115,DROITE,Optimiste
59227,Fenain,0,0.9075480655239311,0.09245193447606892,DROITE,Optimiste
59228,Férin,1,0.4650754731636907,0.5349245268363093,EXCEPTION,Optimiste
59229,Féron,0,0.8660942950975722,0.1339057049024278,DROITE,Optimiste
59230,Ferrière-la-Grande,0,0.8580264944521488,0.14197350554785118,DROITE,Optimiste
59231,Ferrière-la-Petite,0,0.866599457496707,0.13340054250329306,DROITE,Optimiste
59232,La Flamengrie,0,0.5076443100801247,0.4923556899198754,DROITE,Optimiste
59233,Flaumont-Waudrechies,0,0.9743952570078562,0.02560474299214372,DROITE,Optimiste
59234,Flers-en-Escrebieux,0,0.8534559200231768,0.14654407997682323,DROITE,Optimiste
59236,Flesquières,0,0.9221318622150603,0.0778681377849397,DROITE,Optimiste
59237,Flêtre,1,0.2853912127759637,0.7146087872240363,EXCEPTION,Optimiste
59238,Flines-lès-Mortagne,1,0.4946007665816706,0.5053992334183294,EXCEPTION,Optimiste
59239,Flines-lez-Raches,0,0.611698576061839,0.38830142393816097,DROITE,Optimiste
59240,Floursies,0,0.7947223425314248,0.20527765746857518,DROITE,Optimiste
59241,Floyon,0,0.9687487660205562,0.031251233979443856,DROITE,Optimiste
59242,Fontaine-au-Bois,0,0.9157492537703293,0.0842507462296706,DROITE,Optimiste
59243,Fontaine-au-Pire,0,0.9211420793316084,0.07885792066839162,DROITE,Optimiste
59244,Fontaine-Notre-Dame,0,0.9625992890466849,0.03740071095331512,DROITE,Optimiste
59246,Forest-en-Cambrésis,0,0.9667575222916329,0.03324247770836708,DROITE,Optimiste
59247,Forest-sur-Marque,1,0.027275869218146398,0.9727241307818536,EXCEPTION,Optimiste
59249,Fourmies,0,0.8376745976024158,0.16232540239758417,DROITE,Optimiste
59250,Fournes-en-Weppes,1,0.2734673104698665,0.7265326895301335,EXCEPTION,Optimiste
59251,Frasnoy,0,0.5951696239345834,0.40483037606541666,DROITE,Optimiste
59252,Frelinghien,0,0.6625609619069854,0.3374390380930145,DROITE,Optimiste
59253,Fresnes-sur-Escaut,0,0.8739998249548006,0.12600017504519942,DROITE,Optimiste
59254,Fressain,0,0.9735281517275951,0.026471848272404872,DROITE,Optimiste
59255,Fressies,0,0.9293704605084373,0.07062953949156271,DROITE,Optimiste
59256,Fretin,1,0.21182013370052444,0.7881798662994756,EXCEPTION,Optimiste
59257,Fromelles,0,0.5792153500029494,0.42078464999705056,DROITE,Optimiste
59258,Genech,1,0.19113768181890578,0.8088623181810942,EXCEPTION,Optimiste
59259,Ghissignies,1,0.38717973083110535,0.6128202691688946,EXCEPTION,Optimiste
59260,Ghyvelde,0,0.8622824652542147,0.1377175347457853,DROITE,Optimiste
59261,Glageon,0,0.954974148319352,0.04502585168064796,DROITE,Optimiste
59262,Godewaersvelde,0,0.7133836156283484,0.28661638437165166,DROITE,Optimiste
59263,Goeulzin,0,0.908846535498314,0.09115346450168599,DROITE,Optimiste
59264,Gognies-Chaussée,0,0.8860445489578279,0.11395545104217203,DROITE,Optimiste
59265,Gommegnies,0,0.5537836096007493,0.4462163903992506,DROITE,Optimiste
59266,Gondecourt,1,0.20271397594559037,0.7972860240544096,EXCEPTION,Optimiste
59267,Gonnelieu,0,0.7914285356791066,0.20857146432089332,DROITE,Optimiste
59268,La Gorgue,0,0.7624796066972384,0.2375203933027616,DROITE,Optimiste
59269,Gouzeaucourt,0,0.9728524793285869,0.027147520671413128,DROITE,Optimiste
59270,Grand-Fayt,0,0.945324716380923,0.054675283619077066,DROITE,Optimiste
59271,Grande-Synthe,0,0.921638169485373,0.07836183051462701,DROITE,Optimiste
59272,Grand-Fort-Philippe,0,0.8433719107613078,0.15662808923869215,DROITE,Optimiste
59273,Gravelines,0,0.7565688109272702,0.24343118907272976,DROITE,Optimiste
59274,La Groise,0,0.9717438002431257,0.02825619975687435,DROITE,Optimiste
59275,Gruson,1,0.034820556685359105,0.9651794433146409,EXCEPTION,Optimiste
59276,Guesnain,0,0.7999939769041557,0.2000060230958443,DROITE,Optimiste
59277,Gussignies,0,0.9302371815108808,0.06976281848911924,DROITE,Optimiste
59278,Hallennes-lez-Haubourdin,1,0.30680287814876195,0.693197121851238,EXCEPTION,Optimiste
59279,Halluin,0,0.6510627609183954,0.34893723908160457,DROITE,Optimiste
59280,Hamel,0,0.9837446882754369,0.01625531172456311,DROITE,Optimiste
59281,Hantay,1,0.2411912965824441,0.7588087034175559,EXCEPTION,Optimiste
59282,Hardifort,0,0.9476549718887327,0.052345028111267324,DROITE,Optimiste
59283,Hargnies,0,0.597478094143137,0.402521905856863,DROITE,Optimiste
59284,Hasnon,0,0.5057911130612451,0.4942088869387549,DROITE,Optimiste
59285,Haspres,0,0.9040865608505517,0.09591343914944823,DROITE,Optimiste
59286,Haubourdin,0,0.6862637795980345,0.31373622040196547,DROITE,Optimiste
59287,Haucourt-en-Cambrésis,0,0.971124175994694,0.02887582400530596,DROITE,Optimiste
59288,Haulchin,0,0.9479478409087821,0.05205215909121784,DROITE,Optimiste
59289,Haussy,0,0.8486951310765871,0.15130486892341288,DROITE,Optimiste
59290,Haut-Lieu,0,0.6581611803983178,0.34183881960168216,DROITE,Optimiste
59291,Hautmont,0,0.9471476741016158,0.05285232589838414,DROITE,Optimiste
59292,Haveluy,0,0.9477705871437946,0.052229412856205415,DROITE,Optimiste
59293,Haverskerque,0,0.8708833184952769,0.1291166815047231,DROITE,Optimiste
59294,Haynecourt,0,0.9534676545811867,0.04653234541881338,DROITE,Optimiste
59295,Hazebrouck,0,0.5047816584015892,0.4952183415984108,DROITE,Optimiste
59296,Hecq,0,0.7758783976693148,0.22412160233068523,DROITE,Optimiste
59297,Hélesmes,0,0.9440781059308725,0.055921894069127495,DROITE,Optimiste
59299,Hem,1,0.12652801269660807,0.8734719873033919,EXCEPTION,Optimiste
59300,Hem-Lenglet,0,0.9841163441852632,0.015883655814736844,DROITE,Optimiste
59301,Hergnies,0,0.840629792555926,0.159370207444074,DROITE,Optimiste
59302,Hérin,0,0.8574616274870608,0.14253837251293916,DROITE,Optimiste
59303,Herlies,1,0.09588018593359515,0.9041198140664048,EXCEPTION,Optimiste
59304,Herrin,0,0.5575372771126138,0.4424627228873862,DROITE,Optimiste
59305,Herzeele,0,0.836047228369083,0.16395277163091704,DROITE,Optimiste
59306,Hestrud,0,0.9531870455833076,0.0468129544166924,DROITE,Optimiste
59307,Holque,0,0.9550735083126531,0.044926491687346866,DROITE,Optimiste
59308,Hondeghem,0,0.7768644863843257,0.2231355136156743,DROITE,Optimiste
59309,Hondschoote,0,0.9309575460189424,0.06904245398105761,DROITE,Optimiste
59310,Hon-Hergies,0,0.6557483249672912,0.3442516750327088,DROITE,Optimiste
59311,Honnechy,0,0.9922403098269921,0.00775969017300788,DROITE,Optimiste
59312,Honnecourt-sur-Escaut,0,0.8892774622167903,0.11072253778320972,DROITE,Optimiste
59313,Hordain,0,0.8788421702861003,0.12115782971389964,DROITE,Optimiste
59314,Hornaing,0,0.9546083684478367,0.045391631552163345,DROITE,Optimiste
59315,Houdain-lez-Bavay,0,0.925167606777977,0.07483239322202291,DROITE,Optimiste
59316,Houplin-Ancoisne,1,0.1634562834095007,0.8365437165904993,EXCEPTION,Optimiste
59317,Houplines,0,0.6686928780017458,0.3313071219982542,DROITE,Optimiste
59318,Houtkerque,0,0.6149143627095973,0.3850856372904027,DROITE,Optimiste
59319,Hoymille,0,0.8416174018041336,0.15838259819586636,DROITE,Optimiste
59320,Illies,1,0.3987812702123692,0.6012187297876308,EXCEPTION,Optimiste
59321,Inchy,0,0.9884026983235928,0.0115973016764072,DROITE,Optimiste
59322,Iwuy,0,0.8148209903020952,0.18517900969790477,DROITE,Optimiste
59323,Jenlain,1,0.14162149069909835,0.8583785093009016,EXCEPTION,Optimiste
59324,Jeumont,0,0.9525249855060789,0.04747501449392112,DROITE,Optimiste
59325,Jolimetz,0,0.5343245521504241,0.46567544784957593,DROITE,Optimiste
59326,Killem,0,0.9503928948905181,0.04960710510948187,DROITE,Optimiste
59327,Lallaing,0,0.864007374020695,0.13599262597930498,DROITE,Optimiste
59328,Lambersart,1,0.030332471430676522,0.9696675285693235,EXCEPTION,Optimiste
59329,Lambres-lez-Douai,0,0.6922311301513331,0.30776886984866686,DROITE,Optimiste
59330,Landas,1,0.15300409487331113,0.8469959051266889,EXCEPTION,Optimiste
59331,Landrecies,0,0.8337027980007312,0.1662972019992688,DROITE,Optimiste
59332,Lannoy,0,0.7056127298587156,0.29438727014128446,DROITE,Optimiste
59333,Larouillies,0,0.952329154471182,0.04767084552881801,DROITE,Optimiste
59334,Lauwin-Planque,1,0.3399582725063929,0.6600417274936071,EXCEPTION,Optimiste
59335,Lecelles,0,0.5055083202827148,0.49449167971728525,DROITE,Optimiste
59336,Lécluse,0,0.7431681974410285,0.25683180255897153,DROITE,Optimiste
59337,Lederzeele,0,0.8814850376986515,0.11851496230134852,DROITE,Optimiste
59338,Ledringhem,0,0.7846886413212079,0.21531135867879217,DROITE,Optimiste
59339,Leers,1,0.4584470989504026,0.5415529010495974,EXCEPTION,Optimiste
59340,Leffrinckoucke,1,0.46950820256840686,0.5304917974315931,EXCEPTION,Optimiste
59341,Lesdain,0,0.9535838973269486,0.046416102673051435,DROITE,Optimiste
59342,Lez-Fontaine,0,0.8944735499622671,0.1055264500377329,DROITE,Optimiste
59343,Lesquin,1,0.15119719017122202,0.848802809828778,EXCEPTION,Optimiste
59344,Leval,0,0.9726222532387728,0.027377746761227197,DROITE,Optimiste
59345,Lewarde,0,0.964860333780035,0.03513966621996495,DROITE,Optimiste
59346,Lezennes,1,0.04291201677844303,0.957087983221557,EXCEPTION,Optimiste
59347,Liessies,0,0.9677454804311447,0.032254519568855264,DROITE,Optimiste
59348,Lieu-Saint-Amand,0,0.8690228593640972,0.13097714063590277,DROITE,Optimiste
59349,Ligny-en-Cambrésis,0,0.9014334090717527,0.09856659092824725,DROITE,Optimiste
59350,Lille,1,0.04109663116306994,0.9589033688369301,EXCEPTION,Optimiste
59351,Limont-Fontaine,0,0.8309200388860811,0.16907996111391882,DROITE,Optimiste
59352,Linselles,1,0.18927935744350943,0.8107206425564906,EXCEPTION,Optimiste
59353,Locquignol,0,0.9085379284005828,0.09146207159941716,DROITE,Optimiste
59354,Loffre,0,0.909914291051018,0.09008570894898203,DROITE,Optimiste
59356,Lompret,1,0.026708943037605737,0.9732910569623943,EXCEPTION,Optimiste
59357,La Longueville,0,0.805547400657236,0.19445259934276402,DROITE,Optimiste
59358,Looberghe,0,0.9360832732763623,0.06391672672363771,DROITE,Optimiste
59359,Loon-Plage,0,0.8794983054832496,0.12050169451675037,DROITE,Optimiste
59360,Loos,1,0.3650486675137863,0.6349513324862137,EXCEPTION,Optimiste
59361,Lourches,0,0.967564414733698,0.03243558526630202,DROITE,Optimiste
59363,Louvignies-Quesnoy,0,0.8248268313084008,0.17517316869159916,DROITE,Optimiste
59364,Louvil,1,0.06506680525565511,0.9349331947443449,EXCEPTION,Optimiste
59365,Louvroil,0,0.6794116906087795,0.32058830939122046,DROITE,Optimiste
59366,Lynde,0,0.9018294771484607,0.09817052285153927,DROITE,Optimiste
59367,Lys-lez-Lannoy,0,0.5153877703850868,0.48461222961491324,DROITE,Optimiste
59368,La Madeleine,1,0.028193126357343723,0.9718068736426563,EXCEPTION,Optimiste
59369,Maing,0,0.7363518656555232,0.2636481343444767,DROITE,Optimiste
59370,Mairieux,0,0.916520398661867,0.083479601338133,DROITE,Optimiste
59371,Le Maisnil,1,0.03778975412457575,0.9622102458754243,EXCEPTION,Optimiste
59372,Malincourt,0,0.9127976611460674,0.0872023388539326,DROITE,Optimiste
59374,Marbaix,0,0.9320793797590601,0.06792062024093992,DROITE,Optimiste
59375,Marchiennes,0,0.851447800824656,0.14855219917534407,DROITE,Optimiste
59377,Marcoing,0,0.895174723977502,0.10482527602249804,DROITE,Optimiste
59378,Marcq-en-Baroeul,1,0.02087485094506414,0.9791251490549359,EXCEPTION,Optimiste
59379,Marcq-en-Ostrevent,0,0.8051729884586825,0.19482701154131754,DROITE,Optimiste
59381,Maresches,0,0.7032936917462671,0.29670630825373295,DROITE,Optimiste
59382,Maretz,0,0.94085343553217,0.05914656446782994,DROITE,Optimiste
59383,Marly,0,0.8038166607529789,0.1961833392470212,DROITE,Optimiste
59384,Maroilles,0,0.9484234737567399,0.0515765262432602,DROITE,Optimiste
59385,Marpent,0,0.9772652522651041,0.022734747734895876,DROITE,Optimiste
59386,Marquette-lez-Lille,1,0.15053519027599305,0.849464809724007,EXCEPTION,Optimiste
59387,Marquette-en-Ostrevant,0,0.9609895805459162,0.0390104194540838,DROITE,Optimiste
59388,Marquillies,1,0.22011895862451258,0.7798810413754874,EXCEPTION,Optimiste
59389,Masnières,0,0.9402601664158312,0.05973983358416877,DROITE,Optimiste
59390,Masny,0,0.8823421804662153,0.11765781953378472,DROITE,Optimiste
59391,Mastaing,0,0.9452634307356446,0.05473656926435547,DROITE,Optimiste
59392,Maubeuge,0,0.7118647003166857,0.2881352996833143,DROITE,Optimiste
59393,Maulde,0,0.5769398870245153,0.4230601129754848,DROITE,Optimiste
59394,Maurois,0,0.9585783884702374,0.04142161152976261,DROITE,Optimiste
59395,Mazinghien,0,0.9384571996195473,0.0615428003804527,DROITE,Optimiste
59396,Mecquignies,0,0.6114486577242748,0.38855134227572513,DROITE,Optimiste
59397,Merckeghem,0,0.9677747112919379,0.03222528870806202,DROITE,Optimiste
59398,Mérignies,1,0.0235617898237217,0.9764382101762783,EXCEPTION,Optimiste
59399,Merris,0,0.5179619698752385,0.4820380301247616,DROITE,Optimiste
59400,Merville,0,0.9099171376906788,0.09008286230932118,DROITE,Optimiste
59401,Méteren,1,0.2898138126647779,0.7101861873352221,EXCEPTION,Optimiste
59402,Millam,0,0.9754942958400327,0.024505704159967327,DROITE,Optimiste
59403,Millonfosse,0,0.8789360822495297,0.12106391775047033,DROITE,Optimiste
59405,Moeuvres,0,0.9285332402603309,0.07146675973966914,DROITE,Optimiste
59406,Monceau-Saint-Waast,0,0.9310024406511984,0.06899755934880161,DROITE,Optimiste
59407,Monchaux-sur-Ecaillon,0,0.9494892248035972,0.050510775196402756,DROITE,Optimiste
59408,Moncheaux,1,0.4131296439254697,0.5868703560745303,EXCEPTION,Optimiste
59409,Monchecourt,0,0.9799738359534509,0.020026164046549125,DROITE,Optimiste
59410,Mons-en-Baroeul,1,0.11484653872541162,0.8851534612745884,EXCEPTION,Optimiste
59411,Mons-en-Pévèle,1,0.2374170092762733,0.7625829907237267,EXCEPTION,Optimiste
59412,Montay,0,0.9941274641996388,0.0058725358003611445,DROITE,Optimiste
59413,Montigny-en-Cambrésis,0,0.9498681514621314,0.05013184853786851,DROITE,Optimiste
59414,Montigny-en-Ostrevent,0,0.844843727901094,0.15515627209890606,DROITE,Optimiste
59415,Montrécourt,0,0.9817883447792717,0.018211655220728304,DROITE,Optimiste
59416,Morbecque,0,0.8850327348722442,0.11496726512775579,DROITE,Optimiste
59418,Mortagne-du-Nord,0,0.9323262689705691,0.06767373102943082,DROITE,Optimiste
59419,Mouchin,1,0.06124612857011236,0.9387538714298876,EXCEPTION,Optimiste
59420,Moustier-en-Fagne,1,0.3014891319715909,0.6985108680284091,EXCEPTION,Optimiste
59421,Mouvaux,1,0.030862130229690865,0.9691378697703091,EXCEPTION,Optimiste
59422,Naves,0,0.7910538061028294,0.20894619389717062,DROITE,Optimiste
59423,Neuf-Berquin,0,0.9603368898088273,0.03966311019117274,DROITE,Optimiste
59424,Neuf-Mesnil,0,0.8407115745633644,0.15928842543663563,DROITE,Optimiste
59425,Neuville-en-Avesnois,0,0.7567105880749316,0.24328941192506837,DROITE,Optimiste
59426,Neuville-en-Ferrain,1,0.31454017000212575,0.6854598299978742,EXCEPTION,Optimiste
59427,La Neuville,1,0.14296008750919076,0.8570399124908092,EXCEPTION,Optimiste
59428,Neuville-Saint-Rémy,0,0.8104212427018157,0.18957875729818427,DROITE,Optimiste
59429,Neuville-sur-Escaut,0,0.9524590783829249,0.04754092161707509,DROITE,Optimiste
59430,Neuvilly,0,0.9399577737875146,0.06004222621248541,DROITE,Optimiste
59431,Nieppe,1,0.39539967896759054,0.6046003210324095,EXCEPTION,Optimiste
59432,Niergnies,0,0.9201702014908683,0.0798297985091317,DROITE,Optimiste
59433,Nieurlet,0,0.9834771731942811,0.016522826805718885,DROITE,Optimiste
59434,Nivelle,0,0.7230230389729837,0.27697696102701624,DROITE,Optimiste
59435,Nomain,1,0.22440367320642074,0.7755963267935793,EXCEPTION,Optimiste
59436,Noordpeene,0,0.7500809878487695,0.24991901215123047,DROITE,Optimiste
59437,Noyelles-lès-Seclin,1,0.10737298071274382,0.8926270192872562,EXCEPTION,Optimiste
59438,Noyelles-sur-Escaut,0,0.9151870317366663,0.08481296826333376,DROITE,Optimiste
59439,Noyelles-sur-Sambre,0,0.9946561741885059,0.0053438258114941175,DROITE,Optimiste
59440,Noyelles-sur-Selle,0,0.9654215461794099,0.03457845382059008,DROITE,Optimiste
59441,Obies,0,0.9222538967721555,0.07774610322784452,DROITE,Optimiste
59442,Obrechies,0,0.8095205106479492,0.1904794893520508,DROITE,Optimiste
59443,Ochtezeele,0,0.943791444452938,0.05620855554706196,DROITE,Optimiste
59444,Odomez,0,0.9251680357563349,0.07483196424366509,DROITE,Optimiste
59445,Ohain,0,0.9423806432211109,0.05761935677888908,DROITE,Optimiste
59446,Oisy,0,0.7985302110587265,0.20146978894127354,DROITE,Optimiste
59447,Onnaing,0,0.828497306507772,0.17150269349222805,DROITE,Optimiste
59448,Oost-Cappel,0,0.9317355332078796,0.06826446679212042,DROITE,Optimiste
59449,Orchies,1,0.46766932725205057,0.5323306727479494,EXCEPTION,Optimiste
59450,Ors,0,0.9319009088740784,0.06809909112592166,DROITE,Optimiste
59451,Orsinval,0,0.7752993455750106,0.22470065442498946,DROITE,Optimiste
59452,Ostricourt,0,0.7379916617448314,0.2620083382551685,DROITE,Optimiste
59453,Oudezeele,0,0.8886925072090268,0.11130749279097314,DROITE,Optimiste
59454,Oxelaëre,0,0.9616489947447958,0.038351005255204226,DROITE,Optimiste
59455,Paillencourt,0,0.8084131856500415,0.19158681434995847,DROITE,Optimiste
59456,Pecquencourt,0,0.8527094896704546,0.14729051032954538,DROITE,Optimiste
59457,Pérenchies,1,0.2576471897493423,0.7423528102506577,EXCEPTION,Optimiste
59458,Péronne-en-Mélantois,1,0.2994144149961325,0.7005855850038675,EXCEPTION,Optimiste
59459,Petite-Forêt,0,0.7637692838426682,0.23623071615733185,DROITE,Optimiste
59461,Petit-Fayt,0,0.9712698300031891,0.028730169996810856,DROITE,Optimiste
59462,Phalempin,1,0.14238561378872006,0.8576143862112799,EXCEPTION,Optimiste
59463,Pitgam,0,0.9223202606726486,0.07767973932735134,DROITE,Optimiste
59464,Poix-du-Nord,0,0.7646358109687398,0.2353641890312602,DROITE,Optimiste
59465,Pommereuil,0,0.9073373133318043,0.09266268666819563,DROITE,Optimiste
59466,Pont-à-Marcq,1,0.19202988772522211,0.8079701122747779,EXCEPTION,Optimiste
59467,Pont-sur-Sambre,0,0.922725744807078,0.07727425519292201,DROITE,Optimiste
59468,Potelle,1,0.21658800684754698,0.783411993152453,EXCEPTION,Optimiste
59469,Pradelles,1,0.2097153439085373,0.7902846560914627,EXCEPTION,Optimiste
59470,Prémesques,1,0.142274059558557,0.857725940441443,EXCEPTION,Optimiste
59471,Préseau,0,0.5798602539304556,0.42013974606954435,DROITE,Optimiste
59472,Preux-au-Bois,0,0.9451507031895598,0.05484929681044012,DROITE,Optimiste
59473,Preux-au-Sart,0,0.6264918717327692,0.37350812826723084,DROITE,Optimiste
59474,Prisches,0,0.9508955715329238,0.049104428467076196,DROITE,Optimiste
59475,Prouvy,0,0.9131789138773437,0.08682108612265622,DROITE,Optimiste
59476,Proville,0,0.6117115542742455,0.38828844572575455,DROITE,Optimiste
59477,Provin,0,0.7120222203510964,0.2879777796489036,DROITE,Optimiste
59478,Quaëdypre,0,0.7238280762871081,0.2761719237128919,DROITE,Optimiste
59479,Quarouble,0,0.8682145780949987,0.1317854219050013,DROITE,Optimiste
59480,Quérénaing,1,0.476845917462417,0.523154082537583,EXCEPTION,Optimiste
59481,Le Quesnoy,0,0.6525170278847203,0.34748297211527973,DROITE,Optimiste
59482,Quesnoy-sur-Deûle,1,0.20311653387629125,0.7968834661237088,EXCEPTION,Optimiste
59483,Quiévelon,0,0.9041425785900276,0.09585742140997248,DROITE,Optimiste
59484,Quiévrechain,0,0.9059604234953353,0.0940395765046647,DROITE,Optimiste
59485,Quiévy,0,0.9154141691925314,0.0845858308074686,DROITE,Optimiste
59486,Râches,0,0.8229459864216783,0.17705401357832176,DROITE,Optimiste
59487,Radinghem-en-Weppes,1,0.16204319105284004,0.83795680894716,EXCEPTION,Optimiste
59488,Raillencourt-Sainte-Olle,0,0.7394440842444097,0.2605559157555904,DROITE,Optimiste
59489,Raimbeaucourt,0,0.7923797603934347,0.20762023960656528,DROITE,Optimiste
59490,Rainsars,0,0.829272123900104,0.17072787609989606,DROITE,Optimiste
59491,Raismes,0,0.8913505005394188,0.10864949946058126,DROITE,Optimiste
59492,Ramillies,0,0.9658716445171922,0.03412835548280774,DROITE,Optimiste
59493,Ramousies,0,0.9029542485179355,0.09704575148206455,DROITE,Optimiste
59494,Raucourt-au-Bois,0,0.6363069028496191,0.3636930971503809,DROITE,Optimiste
59495,Recquignies,0,0.965870166063363,0.03412983393663704,DROITE,Optimiste
59496,Rejet-de-Beaulieu,0,0.9323255789273137,0.0676744210726863,DROITE,Optimiste
59497,Renescure,0,0.9511923539177376,0.04880764608226237,DROITE,Optimiste
59498,Reumont,0,0.9898636270291591,0.010136372970840909,DROITE,Optimiste
59499,Rexpoëde,0,0.7828291279803826,0.2171708720196174,DROITE,Optimiste
59500,Ribécourt-la-Tour,0,0.729641316999845,0.270358683000155,DROITE,Optimiste
59501,Rieulay,0,0.8813674666861083,0.11863253331389165,DROITE,Optimiste
59502,Rieux-en-Cambrésis,0,0.9640303701725866,0.03596962982741335,DROITE,Optimiste
59503,Robersart,1,0.4590844354900937,0.5409155645099063,EXCEPTION,Optimiste
59504,Roeulx,0,0.9229620102629641,0.07703798973703588,DROITE,Optimiste
59505,Rombies-et-Marchipont,0,0.8410026909950643,0.15899730900493572,DROITE,Optimiste
59506,Romeries,0,0.8565380781866091,0.1434619218133909,DROITE,Optimiste
59507,Ronchin,1,0.24232074538727622,0.7576792546127238,EXCEPTION,Optimiste
59508,Roncq,1,0.27604295075350527,0.7239570492464947,EXCEPTION,Optimiste
59509,Roost-Warendin,0,0.8698891093657181,0.1301108906342819,DROITE,Optimiste
59511,Rosult,0,0.5066292566572969,0.49337074334270314,DROITE,Optimiste
59512,Roubaix,0,0.5238139194142676,0.4761860805857324,DROITE,Optimiste
59513,Roucourt,0,0.8818968725917775,0.11810312740822251,DROITE,Optimiste
59514,Rousies,0,0.7430818728585362,0.25691812714146384,DROITE,Optimiste
59515,Rouvignies,0,0.8880619025293048,0.11193809747069515,DROITE,Optimiste
59516,Rubrouck,0,0.8745079730525369,0.12549202694746311,DROITE,Optimiste
59517,Les Rues-des-Vignes,0,0.8750050342561912,0.12499496574380871,DROITE,Optimiste
59518,Ruesnes,0,0.6775475875737289,0.32245241242627115,DROITE,Optimiste
59519,Rumegies,0,0.8511221272705481,0.14887787272945185,DROITE,Optimiste
59520,Rumilly-en-Cambrésis,0,0.842985219275977,0.157014780724023,DROITE,Optimiste
59521,Sailly-lez-Cambrai,0,0.8697345560847721,0.13026544391522787,DROITE,Optimiste
59522,Sailly-lez-Lannoy,1,0.07327081912909705,0.926729180870903,EXCEPTION,Optimiste
59523,Sainghin-en-Mélantois,1,0.015244229621566796,0.9847557703784332,EXCEPTION,Optimiste
59524,Sainghin-en-Weppes,1,0.4204292696893117,0.5795707303106883,EXCEPTION,Optimiste
59525,Sains-du-Nord,0,0.8981290009272618,0.10187099907273821,DROITE,Optimiste
59526,Saint-Amand-les-Eaux,0,0.5254869211165524,0.4745130788834476,DROITE,Optimiste
59527,Saint-André-lez-Lille,1,0.10194596084961205,0.898054039150388,EXCEPTION,Optimiste
59528,Saint-Aubert,0,0.8441926775043361,0.15580732249566387,DROITE,Optimiste
59529,Saint-Aubin,0,0.8534029494017598,0.14659705059824024,DROITE,Optimiste
59530,Saint-Aybert,0,0.9648880338080434,0.03511196619195651,DROITE,Optimiste
59531,Saint-Benin,0,0.933168955132804,0.06683104486719607,DROITE,Optimiste
59532,Saint-Georges-sur-l'Aa,0,0.8705700320854205,0.12942996791457947,DROITE,Optimiste
59533,Saint-Hilaire-lez-Cambrai,0,0.9242837668289504,0.07571623317104963,DROITE,Optimiste
59534,Saint-Hilaire-sur-Helpe,0,0.7934746411838773,0.2065253588161226,DROITE,Optimiste
59535,Saint-Jans-Cappel,0,0.5683297029652614,0.4316702970347386,DROITE,Optimiste
59536,Sainte-Marie-Cappel,0,0.5797491918186273,0.42025080818137267,DROITE,Optimiste
59537,Saint-Martin-sur-Ecaillon,0,0.7879273811507335,0.2120726188492666,DROITE,Optimiste
59538,Saint-Momelin,0,0.9866111959917697,0.013388804008230297,DROITE,Optimiste
59539,Saint-Pierre-Brouck,0,0.9653953845592795,0.03460461544072045,DROITE,Optimiste
59541,Saint-Python,0,0.9767997305069607,0.02320026949303927,DROITE,Optimiste
59542,Saint-Remy-Chaussée,0,0.9704614020198269,0.02953859798017316,DROITE,Optimiste
59543,Saint-Remy-du-Nord,0,0.9859130127288481,0.014086987271151893,DROITE,Optimiste
59544,Saint-Saulve,1,0.4512946491953922,0.5487053508046078,EXCEPTION,Optimiste
59545,Saint-Souplet,0,0.9750076103963169,0.024992389603683107,DROITE,Optimiste
59546,Saint-Sylvestre-Cappel,0,0.9022177092554711,0.09778229074452893,DROITE,Optimiste
59547,Saint-Vaast-en-Cambrésis,0,0.9518685855330404,0.04813141446695962,DROITE,Optimiste
59548,Saint-Waast,0,0.9376338740726681,0.0623661259273319,DROITE,Optimiste
59549,Salesches,0,0.9909587806747755,0.009041219325224456,DROITE,Optimiste
59550,Salomé,0,0.5992388367723082,0.40076116322769184,DROITE,Optimiste
59551,Saméon,1,0.30310303985522224,0.6968969601447778,EXCEPTION,Optimiste
59552,Sancourt,0,0.9874999094309541,0.012500090569045937,DROITE,Optimiste
59553,Santes,1,0.27591199957795043,0.7240880004220496,EXCEPTION,Optimiste
59554,Sars-et-Rosières,1,0.09939413973441036,0.9006058602655896,EXCEPTION,Optimiste
59555,Sars-Poteries,0,0.9319235853977984,0.06807641460220155,DROITE,Optimiste
59556,Sassegnies,0,0.9576138908737888,0.04238610912621124,DROITE,Optimiste
59557,Saultain,0,0.5745336760001428,0.4254663239998572,DROITE,Optimiste
59558,Saulzoir,0,0.9014110468678834,0.09858895313211657,DROITE,Optimiste
59559,Sebourg,1,0.09467882657559656,0.9053211734244034,EXCEPTION,Optimiste
59560,Seclin,1,0.25401494189771756,0.7459850581022824,EXCEPTION,Optimiste
59562,Sémeries,0,0.9153886960089055,0.08461130399109457,DROITE,Optimiste
59563,Semousies,0,0.9315262754847855,0.0684737245152145,DROITE,Optimiste
59564,La Sentinelle,0,0.9200041896523642,0.07999581034763585,DROITE,Optimiste
59565,Sepmeries,0,0.6972691492367604,0.3027308507632395,DROITE,Optimiste
59566,Sequedin,0,0.5489106469209886,0.4510893530790115,DROITE,Optimiste
59567,Séranvillers-Forenville,0,0.900673696988846,0.09932630301115399,DROITE,Optimiste
59568,Sercus,0,0.9493283323939632,0.0506716676060368,DROITE,Optimiste
59569,Sin-le-Noble,0,0.9087361285275836,0.09126387147241644,DROITE,Optimiste
59570,Socx,1,0.31449974793566016,0.6855002520643398,EXCEPTION,Optimiste
59571,Solesmes,0,0.820271699287781,0.17972830071221904,DROITE,Optimiste
59572,Solre-le-Château,0,0.9608346947430872,0.039165305256912766,DROITE,Optimiste
59573,Solrinnes,0,0.8291326679598819,0.1708673320401181,DROITE,Optimiste
59574,Somain,0,0.789816443025661,0.210183556974339,DROITE,Optimiste
59575,Sommaing,0,0.648861239597933,0.35113876040206704,DROITE,Optimiste
59576,Spycker,0,0.9229311458494703,0.07706885415052965,DROITE,Optimiste
59577,Staple,0,0.884446419443173,0.115553580556827,DROITE,Optimiste
59578,Steenbecque,0,0.7076248598929485,0.29237514010705146,DROITE,Optimiste
59579,Steene,0,0.8015871536816935,0.1984128463183065,DROITE,Optimiste
59580,Steenvoorde,0,0.69866515850899,0.30133484149101,DROITE,Optimiste
59581,Steenwerck,1,0.42040703529332346,0.5795929647066765,EXCEPTION,Optimiste
59582,Strazeele,0,0.8659857780385903,0.13401422196140964,DROITE,Optimiste
59583,Taisnières-en-Thiérache,0,0.8622231518854908,0.13777684811450916,DROITE,Optimiste
59584,Taisnières-sur-Hon,0,0.8491393542891712,0.15086064571082874,DROITE,Optimiste
59585,Templemars,1,0.2616223507452776,0.7383776492547224,EXCEPTION,Optimiste
59586,Templeuve-en-Pévèle,1,0.15287647928630677,0.8471235207136932,EXCEPTION,Optimiste
59587,Terdeghem,1,0.31902985616695956,0.6809701438330404,EXCEPTION,Optimiste
59588,Téteghem-Coudekerque-Village,0,0.6157127974419241,0.38428720255807597,DROITE,Optimiste
59589,Thiant,0,0.8168541868756907,0.1831458131243094,DROITE,Optimiste
59590,Thiennes,0,0.9780313768686258,0.02196862313137411,DROITE,Optimiste
59591,Thivencelle,0,0.7997454702347013,0.20025452976529873,DROITE,Optimiste
59592,Thumeries,1,0.45073874045914464,0.5492612595408554,EXCEPTION,Optimiste
59593,Thun-l'Evêque,0,0.5891261366006407,0.4108738633993593,DROITE,Optimiste
59594,Thun-Saint-Amand,0,0.9228959010464204,0.07710409895357966,DROITE,Optimiste
59595,Thun-Saint-Martin,0,0.6654092488615817,0.33459075113841824,DROITE,Optimiste
59596,Tilloy-lez-Marchiennes,1,0.41725771386993393,0.5827422861300661,EXCEPTION,Optimiste
59597,Tilloy-lez-Cambrai,1,0.2331124047600689,0.7668875952399311,EXCEPTION,Optimiste
59598,Toufflers,0,0.5465916311640213,0.45340836883597874,DROITE,Optimiste
59599,Tourcoing,0,0.6015260099857223,0.3984739900142777,DROITE,Optimiste
59600,Tourmignies,1,0.24342541437514653,0.7565745856248535,EXCEPTION,Optimiste
59601,Trélon,0,0.608683635209919,0.391316364790081,DROITE,Optimiste
59602,Tressin,1,0.15278571431714671,0.8472142856828533,EXCEPTION,Optimiste
59603,Trith-Saint-Léger,0,0.7598504547100483,0.2401495452899517,DROITE,Optimiste
59604,Troisvilles,0,0.9564578361952892,0.0435421638047108,DROITE,Optimiste
59605,Uxem,0,0.653562619822182,0.34643738017781794,DROITE,Optimiste
59606,Valenciennes,1,0.3159107388789977,0.6840892611210023,EXCEPTION,Optimiste
59607,Vendegies-au-Bois,0,0.8321162638244889,0.16788373617551114,DROITE,Optimiste
59608,Vendegies-sur-Ecaillon,0,0.9149065226538853,0.08509347734611473,DROITE,Optimiste
59609,Vendeville,1,0.1123207194233603,0.8876792805766397,EXCEPTION,Optimiste
59610,Verchain-Maugré,0,0.7252123703426183,0.2747876296573816,DROITE,Optimiste
59611,Verlinghem,1,0.09767665512640122,0.9023233448735988,EXCEPTION,Optimiste
59612,Vertain,0,0.8650714223412636,0.13492857765873642,DROITE,Optimiste
59613,Vicq,0,0.8536430774655368,0.14635692253446325,DROITE,Optimiste
59614,Viesly,0,0.9299817271868246,0.07001827281317542,DROITE,Optimiste
59615,Vieux-Berquin,0,0.7478788341192348,0.2521211658807652,DROITE,Optimiste
59616,Vieux-Condé,0,0.8431119428921192,0.15688805710788076,DROITE,Optimiste
59617,Vieux-Mesnil,0,0.9921745350069641,0.007825464993035974,DROITE,Optimiste
59618,Vieux-Reng,0,0.9930802523351795,0.0069197476648205514,DROITE,Optimiste
59619,Villereau,0,0.7974770260063905,0.20252297399360952,DROITE,Optimiste
59620,Villers-au-Tertre,0,0.9215310527566483,0.07846894724335168,DROITE,Optimiste
59622,Villers-en-Cauchies,0,0.9448790261999992,0.055120973800000826,DROITE,Optimiste
59623,Villers-Guislain,0,0.9770846350315939,0.022915364968406043,DROITE,Optimiste
59624,Villers-Outréaux,0,0.5837447881601576,0.41625521183984243,DROITE,Optimiste
59625,Villers-Plouich,0,0.8314552289973673,0.1685447710026327,DROITE,Optimiste
59626,Villers-Pol,1,0.44069020065462594,0.5593097993453741,EXCEPTION,Optimiste
59627,Villers-Sire-Nicole,0,0.9805014997631648,0.01949850023683518,DROITE,Optimiste
59628,Volckerinckhove,0,0.8984870993087262,0.10151290069127378,DROITE,Optimiste
59629,Vred,0,0.83518747338833,0.16481252661167006,DROITE,Optimiste
59630,Wahagnies,0,0.8565314634822043,0.14346853651779568,DROITE,Optimiste
59631,Walincourt-Selvigny,0,0.8597104709936062,0.1402895290063938,DROITE,Optimiste
59632,Wallers,0,0.8558865856366944,0.14411341436330555,DROITE,Optimiste
59633,Wallers-en-Fagne,0,0.9455243974851775,0.05447560251482255,DROITE,Optimiste
59634,Wallon-Cappel,0,0.8743233961291119,0.1256766038708881,DROITE,Optimiste
59635,Wambaix,0,0.6438802172495418,0.3561197827504582,DROITE,Optimiste
59636,Wambrechies,1,0.06861785737829096,0.931382142621709,EXCEPTION,Optimiste
59637,Wandignies-Hamage,1,0.4610128984020364,0.5389871015979636,EXCEPTION,Optimiste
59638,Wannehain,1,0.22561192596451174,0.7743880740354883,EXCEPTION,Optimiste
59639,Wargnies-le-Grand,0,0.5653745691792412,0.4346254308207588,DROITE,Optimiste
59640,Wargnies-le-Petit,0,0.6609116279991245,0.33908837200087555,DROITE,Optimiste
59641,Warhem,0,0.7853496933555488,0.21465030664445114,DROITE,Optimiste
59642,Warlaing,0,0.5201360067099586,0.47986399329004137,DROITE,Optimiste
59643,Warneton,0,0.7340922006478605,0.26590779935213954,DROITE,Optimiste
59645,Wasnes-au-Bac,0,0.9032639273372423,0.09673607266275779,DROITE,Optimiste
59646,Wasquehal,1,0.066234408557732,0.933765591442268,EXCEPTION,Optimiste
59647,Watten,0,0.8071958334720313,0.19280416652796867,DROITE,Optimiste
59648,Wattignies,1,0.17520345666031834,0.8247965433396817,EXCEPTION,Optimiste
59649,Wattignies-la-Victoire,0,0.9441903649904603,0.055809635009539775,DROITE,Optimiste
59650,Wattrelos,0,0.7086767641956735,0.29132323580432645,DROITE,Optimiste
59651,Wavrechain-sous-Denain,0,0.9850684927138557,0.014931507286144298,DROITE,Optimiste
59652,Wavrechain-sous-Faulx,0,0.9804835797896994,0.019516420210300596,DROITE,Optimiste
59653,Wavrin,0,0.5727266759315299,0.4272733240684701,DROITE,Optimiste
59654,Waziers,0,0.8312129702980837,0.1687870297019163,DROITE,Optimiste
59655,Wemaers-Cappel,1,0.4809392180496965,0.5190607819503035,EXCEPTION,Optimiste
59656,Wervicq-Sud,0,0.5937259147942548,0.40627408520574515,DROITE,Optimiste
59657,West-Cappel,0,0.8203986222731458,0.17960137772685422,DROITE,Optimiste
59658,Wicres,1,0.27952169490545475,0.7204783050945452,EXCEPTION,Optimiste
59659,Wignehies,0,0.859876773815027,0.14012322618497303,DROITE,Optimiste
59660,Willems,1,0.07988089308756552,0.9201191069124345,EXCEPTION,Optimiste
59661,Willies,0,0.97132142750863,0.028678572491369927,DROITE,Optimiste
59662,Winnezeele,0,0.8331296701082511,0.16687032989174885,DROITE,Optimiste
59663,Wormhout,0,0.6187064499209223,0.3812935500790777,DROITE,Optimiste
59664,Wulverdinghe,0,0.9872211137554153,0.012778886244584665,DROITE,Optimiste
59665,Wylder,0,0.9320659098126074,0.0679340901873926,DROITE,Optimiste
59666,Zegerscappel,0,0.8523522455659518,0.14764775443404826,DROITE,Optimiste
59667,Zermezeele,0,0.8322186141370015,0.1677813858629985,DROITE,Optimiste
59668,Zuydcoote,0,0.8615773275639388,0.13842267243606124,DROITE,Optimiste
59669,Zuytpeene,0,0.9416180441696896,0.05838195583031041,DROITE,Optimiste
59670,Don,0,0.6258998223144352,0.3741001776855648,DROITE,Optimiste
