commune,candidat,pct_2017,target_2017,taux_chomage,revenu_median,taux_faible_diplome,taux_delinquance,population_municipale,pct_2022,target_2022,Tg
Abancourt,FILLON,21.54,0.0,9.09,22772.0,53.61,0.0,461.0,0.0,0.0,0
Abancourt,LE PEN,30.23,1.0,9.09,22772.0,53.61,0.0,461.0,29.64,1.0,1
Abancourt,MACRON,0.0,0.0,0.0,0.0,0.0,0.0,0.0,27.69,0.0,0
Abscon,LE PEN,42.55,1.0,20.42,17482.0,51.2,41.22,4440.0,49.04,1.0,1
Abscon,MACRON,0.0,0.0,0.0,0.0,0.0,0.0,0.0,18.0,0.0,0
Abscon,MÉLENCHON,22.62,0.0,20.42,17482.0,51.2,41.22,4440.0,0.0,0.0,0
Aibes,LE PEN,43.14,1.0,3.23,17514.0,43.98,0.0,374.0,41.0,1.0,1
Aibes,MACRON,0.0,0.0,0.0,0.0,0.0,0.0,0.0,19.0,0.0,0
Aibes,MÉLENCHON,15.2,0.0,3.23,17514.0,43.98,0.0,374.0,0.0,0.0,0
Aix,FILLON,31.1,1.0,3.85,25532.0,58.73,0.0,1185.0,0.0,0.0,0
Aix,LE PEN,22.38,0.0,3.85,25532.0,58.73,0.0,1185.0,24.91,0.0,0
Aix,MACRON,0.0,0.0,0.0,0.0,0.0,0.0,0.0,37.8,1.0,1
Allennes-les-Marais,LE PEN,26.63,1.0,9.38,22985.0,58.76,14.15,3462.0,29.43,1.0,1
Allennes-les-Marais,MACRON,22.01,0.0,9.38,22985.0,58.76,14.15,3462.0,28.45,0.0,0
Amfroipret,FILLON,23.29,0.0,10.52,24860.0,55.44,0.0,228.0,0.0,0.0,0
Amfroipret,LE PEN,30.14,1.0,10.52,24860.0,55.44,0.0,228.0,39.42,1.0,1
Amfroipret,MACRON,0.0,0.0,0.0,0.0,0.0,0.0,0.0,27.01,0.0,0
Anhiers,LE PEN,43.1,1.0,13.51,19649.0,48.73,0.0,904.0,46.51,1.0,1
Anhiers,MÉLENCHON,25.71,0.0,13.51,19649.0,48.73,0.0,904.0,16.77,0.0,0
Aniche,LE PEN,41.42,1.0,23.83,15799.0,50.3,42.32,10303.0,44.63,1.0,1
Aniche,MÉLENCHON,27.04,0.0,23.83,15799.0,50.3,42.32,10303.0,20.82,0.0,0
Anneux,LE PEN,35.76,1.0,13.99,20865.0,57.71,0.0,279.0,40.54,1.0,1
Anneux,MACRON,20.0,0.0,13.99,20865.0,57.71,0.0,279.0,33.11,0.0,0
Annoeullin,LE PEN,32.67,1.0,12.73,21040.0,58.73,36.42,10490.0,32.36,1.0,1
Annoeullin,MACRON,21.18,0.0,12.73,21040.0,58.73,36.42,10490.0,29.06,0.0,0
Anor,LE PEN,37.38,1.0,22.35,17072.0,53.37,22.34,3267.0,42.77,1.0,1
Anor,MACRON,0.0,0.0,0.0,0.0,0.0,0.0,0.0,19.14,0.0,0
Anor,MÉLENCHON,20.54,0.0,22.35,17072.0,53.37,22.34,3267.0,0.0,0.0,0
Anstaing,MACRON,24.32,1.0,4.29,24253.0,64.01,13.27,1432.0,34.81,1.0,1
Anstaing,MÉLENCHON,23.78,0.0,4.29,24253.0,64.01,13.27,1432.0,20.45,0.0,0
Anzin,LE PEN,39.55,1.0,28.56,14963.0,55.82,59.06,13426.0,40.11,1.0,1
Anzin,MÉLENCHON,24.77,0.0,28.56,14963.0,55.82,59.06,13426.0,22.94,0.0,0
Arleux,LE PEN,44.23,1.0,15.62,19845.0,55.13,20.77,3130.0,44.59,1.0,1
Arleux,MACRON,0.0,0.0,0.0,0.0,0.0,0.0,0.0,20.48,0.0,0
Arleux,MÉLENCHON,17.25,0.0,15.62,19845.0,55.13,20.77,3130.0,0.0,0.0,0
Armbouts-Cappel,LE PEN,34.46,1.0,8.09,22284.0,53.1,6.53,2296.0,36.49,1.0,1
Armbouts-Cappel,MACRON,19.62,0.0,8.09,22284.0,53.1,6.53,2296.0,27.3,0.0,0
Armentières,LE PEN,29.03,1.0,19.85,17264.0,59.94,64.44,25015.0,28.87,1.0,1
Armentières,MÉLENCHON,24.26,0.0,19.85,17264.0,59.94,64.44,25015.0,25.39,0.0,0
Arnèke,FILLON,22.66,0.0,11.26,19539.0,61.51,3.66,1641.0,0.0,0.0,0
Arnèke,LE PEN,27.13,1.0,11.26,19539.0,61.51,3.66,1641.0,33.48,1.0,1
Arnèke,MACRON,0.0,0.0,0.0,0.0,0.0,0.0,0.0,28.05,0.0,0
Artres,LE PEN,30.44,1.0,14.05,22752.0,59.32,0.0,1053.0,31.18,1.0,1
Artres,MACRON,22.91,0.0,14.05,22752.0,59.32,0.0,1053.0,29.62,0.0,0
Assevent,LE PEN,42.2,1.0,16.77,19471.0,51.24,7.08,1837.0,41.87,1.0,1
Assevent,MACRON,18.66,0.0,16.77,19471.0,51.24,7.08,1837.0,21.47,0.0,0
Attiches,LE PEN,28.62,1.0,9.65,24071.0,59.21,9.7,2268.0,26.26,0.0,0
Attiches,MACRON,21.8,0.0,9.65,24071.0,59.21,9.7,2268.0,32.85,1.0,1
Aubencheul-au-Bac,FILLON,16.72,0.0,13.71,21629.0,52.76,0.0,530.0,0.0,0.0,0
Aubencheul-au-Bac,LE PEN,36.66,1.0,13.71,21629.0,52.76,0.0,530.0,39.4,1.0,1
Aubencheul-au-Bac,MACRON,0.0,0.0,0.0,0.0,0.0,0.0,0.0,23.28,0.0,0
Auberchicourt,LE PEN,38.29,1.0,17.81,18157.0,51.83,27.47,4405.0,41.52,1.0,1
Auberchicourt,MACRON,0.0,0.0,0.0,0.0,0.0,0.0,0.0,20.52,0.0,0
Auberchicourt,MÉLENCHON,21.83,0.0,17.81,18157.0,51.83,27.47,4405.0,0.0,0.0,0
Aubers,FILLON,31.5,1.0,6.16,27613.0,63.9,0.0,1610.0,0.0,0.0,0
Aubers,LE PEN,0.0,0.0,0.0,0.0,0.0,0.0,0.0,22.96,0.0,0
Aubers,MACRON,23.56,0.0,6.16,27613.0,63.9,0.0,1610.0,35.88,1.0,1
Aubigny-au-Bac,LE PEN,46.8,1.0,13.93,20809.0,53.2,11.82,1184.0,51.1,1.0,1
Aubigny-au-Bac,MACRON,0.0,0.0,0.0,0.0,0.0,0.0,0.0,18.3,0.0,0
Aubigny-au-Bac,MÉLENCHON,14.48,0.0,13.93,20809.0,53.2,11.82,1184.0,0.0,0.0,0
Aubry-du-Hainaut,LE PEN,27.35,1.0,8.82,23462.0,59.88,12.72,1651.0,27.6,0.0,0
Aubry-du-Hainaut,MACRON,23.13,0.0,8.82,23462.0,59.88,12.72,1651.0,34.4,1.0,1
Auby,LE PEN,37.32,1.0,25.66,16623.0,56.47,44.61,7285.0,38.82,1.0,1
Auby,MÉLENCHON,33.53,0.0,25.66,16623.0,56.47,44.61,7285.0,32.58,0.0,0
Auchy-lez-Orchies,FILLON,29.78,1.0,6.8,24980.0,60.63,16.32,1532.0,0.0,0.0,0
Auchy-lez-Orchies,LE PEN,23.11,0.0,6.8,24980.0,60.63,16.32,1532.0,24.01,0.0,0
Auchy-lez-Orchies,MACRON,0.0,0.0,0.0,0.0,0.0,0.0,0.0,34.85,1.0,1
Audignies,FILLON,23.95,0.0,2.5,23086.0,54.62,0.0,357.0,0.0,0.0,0
Audignies,LE PEN,39.92,1.0,2.5,23086.0,54.62,0.0,357.0,41.07,1.0,1
Audignies,MACRON,0.0,0.0,0.0,0.0,0.0,0.0,0.0,18.75,0.0,0
Aulnoy-lez-Valenciennes,LE PEN,34.01,1.0,19.65,17953.0,54.93,48.52,7316.0,35.68,1.0,1
Aulnoy-lez-Valenciennes,MACRON,0.0,0.0,0.0,0.0,0.0,0.0,0.0,21.73,0.0,0
Aulnoy-lez-Valenciennes,MÉLENCHON,22.67,0.0,19.65,17953.0,54.93,48.52,7316.0,0.0,0.0,0
Aulnoye-Aymeries,LE PEN,33.74,1.0,26.66,16545.0,48.99,39.18,8856.0,37.33,1.0,1
Aulnoye-Aymeries,MÉLENCHON,31.54,0.0,26.66,16545.0,48.99,39.18,8856.0,21.27,0.0,0
Avelin,FILLON,28.98,1.0,7.17,27384.0,62.56,23.3,2704.0,0.0,0.0,0
Avelin,LE PEN,0.0,0.0,0.0,0.0,0.0,0.0,0.0,24.58,0.0,0
Avelin,MACRON,25.11,0.0,7.17,27384.0,62.56,23.3,2704.0,41.56,1.0,1
Avesnelles,LE PEN,31.9,1.0,19.76,18500.0,57.71,19.23,2496.0,36.32,1.0,1
Avesnelles,MACRON,0.0,0.0,0.0,0.0,0.0,0.0,0.0,24.43,0.0,0
Avesnelles,MÉLENCHON,20.04,0.0,19.76,18500.0,57.71,19.23,2496.0,0.0,0.0,0
Avesnes-le-Sec,LE PEN,40.16,1.0,14.0,20382.0,50.24,0.0,1470.0,45.29,1.0,1
Avesnes-le-Sec,MACRON,0.0,0.0,0.0,0.0,0.0,0.0,0.0,20.65,0.0,0
Avesnes-le-Sec,MÉLENCHON,22.16,0.0,14.0,20382.0,50.24,0.0,1470.0,0.0,0.0,0
Avesnes-les-Aubert,LE PEN,40.52,1.0,22.52,17599.0,52.16,34.12,3634.0,45.88,1.0,1
Avesnes-les-Aubert,MÉLENCHON,27.97,0.0,22.52,17599.0,52.16,34.12,3634.0,15.15,0.0,0
Avesnes-sur-Helpe,LE PEN,29.26,1.0,35.22,14204.0,61.21,52.0,4654.0,33.3,1.0,1
Avesnes-sur-Helpe,MACRON,0.0,0.0,0.0,0.0,0.0,0.0,0.0,25.18,0.0,0
Avesnes-sur-Helpe,MÉLENCHON,22.58,0.0,35.22,14204.0,61.21,52.0,4654.0,0.0,0.0,0
Awoingt,LE PEN,29.59,1.0,9.89,22664.0,57.21,0.0,844.0,34.38,1.0,1
Awoingt,MACRON,25.1,0.0,9.89,22664.0,57.21,0.0,844.0,28.29,0.0,0
Bachant,LE PEN,40.97,1.0,22.2,17569.0,47.58,18.85,2334.0,44.64,1.0,1
Bachant,MÉLENCHON,26.73,0.0,22.2,17569.0,47.58,18.85,2334.0,19.24,0.0,0
Bachy,FILLON,23.39,0.0,8.43,24915.0,61.97,6.51,1690.0,0.0,0.0,0
Bachy,LE PEN,0.0,0.0,0.0,0.0,0.0,0.0,0.0,22.07,0.0,0
Bachy,MACRON,26.89,1.0,8.43,24915.0,61.97,6.51,1690.0,37.68,1.0,1
Bailleul,LE PEN,29.02,1.0,13.19,20994.0,57.6,36.43,14467.0,31.0,1.0,1
Bailleul,MACRON,20.53,0.0,13.19,20994.0,57.6,36.43,14467.0,28.99,0.0,0
Baisieux,FILLON,23.12,0.0,5.56,24511.0,62.82,30.53,4750.0,0.0,0.0,0
Baisieux,LE PEN,0.0,0.0,0.0,0.0,0.0,0.0,0.0,23.32,0.0,0
Baisieux,MACRON,25.38,1.0,5.56,24511.0,62.82,30.53,4750.0,38.05,1.0,1
Baives,FILLON,14.86,0.0,15.79,18107.0,58.97,0.0,165.0,0.0,0.0,0
Baives,LE PEN,47.3,1.0,15.79,18107.0,58.97,0.0,165.0,38.6,1.0,1
Baives,MACRON,0.0,0.0,0.0,0.0,0.0,0.0,0.0,29.82,0.0,0
Bambecque,FILLON,22.43,0.0,15.71,19319.0,55.69,0.0,741.0,0.0,0.0,0
Bambecque,LE PEN,35.43,1.0,15.71,19319.0,55.69,0.0,741.0,37.68,1.0,1
Bambecque,MACRON,0.0,0.0,0.0,0.0,0.0,0.0,0.0,25.36,0.0,0
Banteux,FILLON,18.36,0.0,21.43,18327.0,49.42,0.0,341.0,0.0,0.0,0
Banteux,LE PEN,39.61,1.0,21.43,18327.0,49.42,0.0,341.0,46.11,1.0,1
Banteux,MACRON,0.0,0.0,0.0,0.0,0.0,0.0,0.0,16.06,0.0,0
Bantigny,LE PEN,34.16,1.0,11.76,22500.0,54.08,0.0,507.0,42.28,1.0,1
Bantigny,MACRON,22.36,0.0,11.76,22500.0,54.08,0.0,507.0,22.15,0.0,0
Bantouzelle,LE PEN,39.41,1.0,22.55,18517.0,59.86,0.0,420.0,40.18,1.0,1
Bantouzelle,MACRON,0.0,0.0,0.0,0.0,0.0,0.0,0.0,19.18,0.0,0
Bantouzelle,MÉLENCHON,16.53,0.0,22.55,18517.0,59.86,0.0,420.0,0.0,0.0,0
Bas-Lieu,FILLON,23.86,0.0,23.81,20601.0,50.61,0.0,353.0,0.0,0.0,0
Bas-Lieu,LE PEN,31.98,1.0,23.81,20601.0,50.61,0.0,353.0,35.94,1.0,1
Bas-Lieu,MACRON,0.0,0.0,0.0,0.0,0.0,0.0,0.0,31.77,0.0,0
Bauvin,LE PEN,39.47,1.0,12.65,20365.0,53.2,24.09,5230.0,40.26,1.0,1
Bauvin,MACRON,0.0,0.0,0.0,0.0,0.0,0.0,0.0,21.37,0.0,0
Bauvin,MÉLENCHON,21.76,0.0,12.65,20365.0,53.2,24.09,5230.0,0.0,0.0,0
Bavay,FILLON,17.76,0.0,20.82,18379.0,54.61,37.31,3350.0,0.0,0.0,0
Bavay,LE PEN,37.11,1.0,20.82,18379.0,54.61,37.31,3350.0,38.38,1.0,1
Bavay,MACRON,0.0,0.0,0.0,0.0,0.0,0.0,0.0,25.3,0.0,0
Bavinchove,LE PEN,31.31,1.0,11.96,20784.0,53.79,7.29,960.0,37.29,1.0,1
Bavinchove,MACRON,21.72,0.0,11.96,20784.0,53.79,7.29,960.0,31.02,0.0,0
Bazuel,FILLON,23.6,0.0,20.0,17630.0,57.49,16.89,533.0,0.0,0.0,0
Bazuel,LE PEN,38.51,1.0,20.0,17630.0,57.49,16.89,533.0,46.42,1.0,1
Bazuel,MACRON,0.0,0.0,0.0,0.0,0.0,0.0,0.0,25.94,0.0,0
Beaucamps-Ligny,FILLON,38.61,1.0,7.59,27237.0,70.4,17.5,857.0,0.0,0.0,0
Beaucamps-Ligny,LE PEN,0.0,0.0,0.0,0.0,0.0,0.0,0.0,16.8,0.0,0
Beaucamps-Ligny,MACRON,26.17,0.0,7.59,27237.0,70.4,17.5,857.0,43.78,1.0,1
Beaudignies,FILLON,18.38,0.0,4.08,20787.0,51.22,0.0,563.0,0.0,0.0,0
Beaudignies,LE PEN,32.7,1.0,4.08,20787.0,51.22,0.0,563.0,33.52,1.0,1
Beaudignies,MACRON,0.0,0.0,0.0,0.0,0.0,0.0,0.0,24.18,0.0,0
Beaufort,FILLON,22.75,0.0,8.42,20893.0,50.59,0.0,987.0,0.0,0.0,0
Beaufort,LE PEN,39.07,1.0,8.42,20893.0,50.59,0.0,987.0,43.78,1.0,1
Beaufort,MACRON,0.0,0.0,0.0,0.0,0.0,0.0,0.0,24.68,0.0,0
Beaumont-en-Cambrésis,LE PEN,41.02,1.0,19.15,17835.0,56.64,0.0,448.0,47.29,1.0,1
Beaumont-en-Cambrésis,MACRON,19.92,0.0,19.15,17835.0,56.64,0.0,448.0,16.25,0.0,0
Beaurain,LE PEN,50.0,1.0,4.35,19059.0,54.19,0.0,231.0,46.45,1.0,1
Beaurain,MACRON,12.86,0.0,4.35,19059.0,54.19,0.0,231.0,23.87,0.0,0
Beaurepaire-sur-Sambre,FILLON,22.3,0.0,9.76,17676.0,59.6,0.0,257.0,0.0,0.0,0
Beaurepaire-sur-Sambre,LE PEN,35.14,1.0,9.76,17676.0,59.6,0.0,257.0,40.16,1.0,1
Beaurepaire-sur-Sambre,MACRON,0.0,0.0,0.0,0.0,0.0,0.0,0.0,25.41,0.0,0
Beaurieux,FILLON,26.09,0.0,16.67,22157.0,50.86,0.0,165.0,0.0,0.0,0
Beaurieux,LE PEN,27.17,1.0,16.67,22157.0,50.86,0.0,165.0,32.94,1.0,1
Beaurieux,MACRON,0.0,0.0,0.0,0.0,0.0,0.0,0.0,30.59,0.0,0
Beauvois-en-Cambrésis,LE PEN,40.6,1.0,25.73,17952.0,52.44,12.99,2079.0,43.07,1.0,1
Beauvois-en-Cambrésis,MACRON,19.05,0.0,25.73,17952.0,52.44,12.99,2079.0,21.3,0.0,0
Bellaing,LE PEN,28.42,1.0,17.48,19952.0,50.69,34.29,1225.0,36.12,1.0,1
Bellaing,MACRON,0.0,0.0,0.0,0.0,0.0,0.0,0.0,24.04,0.0,0
Bellaing,MÉLENCHON,22.56,0.0,17.48,19952.0,50.69,34.29,1225.0,0.0,0.0,0
Bellignies,LE PEN,38.49,1.0,18.75,20711.0,51.45,0.0,833.0,37.61,1.0,1
Bellignies,MACRON,16.99,0.0,18.75,20711.0,51.45,0.0,833.0,25.9,0.0,0
Bergues,FILLON,18.84,0.0,15.31,19373.0,59.78,29.77,3729.0,0.0,0.0,0
Bergues,LE PEN,32.46,1.0,15.31,19373.0,59.78,29.77,3729.0,33.1,1.0,1
Bergues,MACRON,0.0,0.0,0.0,0.0,0.0,0.0,0.0,31.02,0.0,0
Berlaimont,LE PEN,32.89,1.0,19.38,18438.0,53.52,18.36,3105.0,38.74,1.0,1
Berlaimont,MACRON,0.0,0.0,0.0,0.0,0.0,0.0,0.0,22.97,0.0,0
Berlaimont,MÉLENCHON,21.32,0.0,19.38,18438.0,53.52,18.36,3105.0,0.0,0.0,0
Bermerain,LE PEN,31.65,1.0,11.3,20848.0,54.54,0.0,717.0,41.13,1.0,1
Bermerain,MACRON,0.0,0.0,0.0,0.0,0.0,0.0,0.0,25.68,0.0,0
Bermerain,MÉLENCHON,20.88,0.0,11.3,20848.0,54.54,0.0,717.0,0.0,0.0,0
Bermeries,FILLON,21.05,0.0,12.73,22159.0,55.22,6.11,375.0,0.0,0.0,0
Bermeries,LE PEN,35.53,1.0,12.73,22159.0,55.22,6.11,375.0,33.0,1.0,1
Bermeries,MACRON,0.0,0.0,0.0,0.0,0.0,0.0,0.0,20.5,0.0,0
Bersillies,LE PEN,32.3,1.0,4.35,22083.0,46.19,0.0,254.0,33.82,0.0,0
Bersillies,MACRON,24.22,0.0,4.35,22083.0,46.19,0.0,254.0,34.56,1.0,1
Bersée,FILLON,24.92,0.0,7.57,24905.0,59.12,6.78,2213.0,0.0,0.0,0
Bersée,LE PEN,0.0,0.0,0.0,0.0,0.0,0.0,0.0,23.64,0.0,0
Bersée,MACRON,26.13,1.0,7.57,24905.0,59.12,6.78,2213.0,38.05,1.0,1
Berthen,FILLON,23.4,0.0,5.36,21979.0,57.46,0.0,551.0,0.0,0.0,0
Berthen,LE PEN,25.53,1.0,5.36,21979.0,57.46,0.0,551.0,24.04,0.0,0
Berthen,MACRON,0.0,0.0,0.0,0.0,0.0,0.0,0.0,30.43,1.0,1
Bertry,LE PEN,36.64,1.0,16.85,18413.0,52.8,11.0,2181.0,43.93,1.0,1
Bertry,MACRON,0.0,0.0,0.0,0.0,0.0,0.0,0.0,20.62,0.0,0
Bertry,MÉLENCHON,18.79,0.0,16.85,18413.0,52.8,11.0,2181.0,0.0,0.0,0
Bettignies,LE PEN,35.56,1.0,11.21,19116.0,44.88,0.0,310.0,41.51,1.0,1
Bettignies,MACRON,0.0,0.0,0.0,0.0,0.0,0.0,0.0,24.53,0.0,0
Bettignies,MÉLENCHON,17.78,0.0,11.21,19116.0,44.88,0.0,310.0,0.0,0.0,0
Bettrechies,LE PEN,30.0,1.0,14.29,20582.0,60.57,0.0,253.0,35.86,1.0,1
Bettrechies,MACRON,0.0,0.0,0.0,0.0,0.0,0.0,0.0,22.07,0.0,0
Bettrechies,MÉLENCHON,19.29,0.0,14.29,20582.0,60.57,0.0,253.0,0.0,0.0,0
Beugnies,LE PEN,35.91,1.0,20.9,19614.0,50.88,0.0,630.0,36.02,1.0,1
Beugnies,MACRON,0.0,0.0,0.0,0.0,0.0,0.0,0.0,27.38,0.0,0
Beugnies,MÉLENCHON,17.68,0.0,20.9,19614.0,50.88,0.0,630.0,0.0,0.0,0
Beuvrages,LE PEN,37.34,1.0,27.27,15389.0,49.63,29.88,6660.0,37.71,1.0,1
Beuvrages,MÉLENCHON,29.65,0.0,27.27,15389.0,49.63,29.88,6660.0,26.87,0.0,0
Beuvry-la-Forêt,LE PEN,26.84,1.0,9.16,23058.0,57.48,16.04,2743.0,31.35,1.0,1
Beuvry-la-Forêt,MACRON,23.41,0.0,9.16,23058.0,57.48,16.04,2743.0,28.93,0.0,0
Bierne,LE PEN,33.42,1.0,12.85,22936.0,51.31,6.6,1817.0,34.77,1.0,1
Bierne,MACRON,23.12,0.0,12.85,22936.0,51.31,6.6,1817.0,27.6,0.0,0
Bissezeele,FILLON,28.19,1.0,6.67,22246.0,59.17,0.0,243.0,0.0,0.0,0
Bissezeele,LE PEN,26.17,0.0,6.67,22246.0,59.17,0.0,243.0,27.61,1.0,1
Bissezeele,MACRON,0.0,0.0,0.0,0.0,0.0,0.0,0.0,24.54,0.0,0
Blaringhem,LE PEN,31.52,1.0,9.92,19949.0,54.06,6.26,2076.0,37.94,1.0,1
Blaringhem,MACRON,21.01,0.0,9.92,19949.0,54.06,6.26,2076.0,27.59,0.0,0
Blécourt,FILLON,19.83,0.0,18.67,22718.0,52.17,0.0,305.0,0.0,0.0,0
Blécourt,LE PEN,37.93,1.0,18.67,22718.0,52.17,0.0,305.0,36.32,1.0,1
Blécourt,MACRON,0.0,0.0,0.0,0.0,0.0,0.0,0.0,34.62,0.0,0
Boeschepe,LE PEN,29.43,1.0,9.96,21422.0,58.19,2.74,2186.0,32.97,1.0,1
Boeschepe,MACRON,18.45,0.0,9.96,21422.0,58.19,2.74,2186.0,25.25,0.0,0
Bois-Grenier,FILLON,35.34,1.0,10.03,26546.0,65.67,22.46,1603.0,0.0,0.0,0
Bois-Grenier,LE PEN,0.0,0.0,0.0,0.0,0.0,0.0,0.0,18.59,0.0,0
Bois-Grenier,MACRON,22.14,0.0,10.03,26546.0,65.67,22.46,1603.0,43.48,1.0,1
Bollezeele,FILLON,22.39,0.0,14.47,19455.0,57.59,0.0,1441.0,0.0,0.0,0
Bollezeele,LE PEN,35.11,1.0,14.47,19455.0,57.59,0.0,1441.0,36.98,1.0,1
Bollezeele,MACRON,0.0,0.0,0.0,0.0,0.0,0.0,0.0,27.95,0.0,0
Bondues,FILLON,54.58,1.0,12.14,31947.0,70.63,30.86,10046.0,0.0,0.0,0
Bondues,LE PEN,0.0,0.0,0.0,0.0,0.0,0.0,0.0,11.93,0.0,0
Bondues,MACRON,22.09,0.0,12.14,31947.0,70.63,30.86,10046.0,50.78,1.0,1
Borre,FILLON,27.86,1.0,3.45,22235.0,54.55,0.0,603.0,0.0,0.0,0
Borre,LE PEN,26.82,0.0,3.45,22235.0,54.55,0.0,603.0,27.35,0.0,0
Borre,MACRON,0.0,0.0,0.0,0.0,0.0,0.0,0.0,34.25,1.0,1
Bouchain,LE PEN,37.09,1.0,19.45,19158.0,52.6,43.27,3998.0,46.82,1.0,1
Bouchain,MACRON,0.0,0.0,0.0,0.0,0.0,0.0,0.0,17.52,0.0,0
Bouchain,MÉLENCHON,22.04,0.0,19.45,19158.0,52.6,43.27,3998.0,0.0,0.0,0
Boulogne-sur-Helpe,FILLON,27.07,0.0,2.78,19928.0,50.0,0.0,340.0,0.0,0.0,0
Boulogne-sur-Helpe,LE PEN,31.44,1.0,2.78,19928.0,50.0,0.0,340.0,34.22,0.0,0
Boulogne-sur-Helpe,MACRON,0.0,0.0,0.0,0.0,0.0,0.0,0.0,37.97,1.0,1
Bourbourg,LE PEN,41.89,1.0,19.26,17683.0,53.39,22.64,7112.0,43.69,1.0,1
Bourbourg,MACRON,0.0,0.0,0.0,0.0,0.0,0.0,0.0,23.43,0.0,0
Bourbourg,MÉLENCHON,15.2,0.0,19.26,17683.0,53.39,22.64,7112.0,0.0,0.0,0
Bourghelles,FILLON,29.06,1.0,7.83,26273.0,64.63,11.93,1676.0,0.0,0.0,0
Bourghelles,LE PEN,0.0,0.0,0.0,0.0,0.0,0.0,0.0,19.85,0.0,0
Bourghelles,MACRON,25.3,0.0,7.83,26273.0,64.63,11.93,1676.0,39.22,1.0,1
Boursies,FILLON,19.7,0.0,24.32,19237.0,45.49,0.0,386.0,0.0,0.0,0
Boursies,LE PEN,41.41,1.0,24.32,19237.0,45.49,0.0,386.0,44.02,1.0,1
Boursies,MACRON,0.0,0.0,0.0,0.0,0.0,0.0,0.0,15.31,0.0,0
Bousbecque,FILLON,26.27,0.0,8.87,22338.0,56.28,27.52,4833.0,0.0,0.0,0
Bousbecque,LE PEN,27.82,1.0,8.87,22338.0,56.28,27.52,4833.0,26.12,0.0,0
Bousbecque,MACRON,0.0,0.0,0.0,0.0,0.0,0.0,0.0,35.84,1.0,1
Bousies,LE PEN,37.36,1.0,17.54,18234.0,54.39,3.46,1734.0,38.71,1.0,1
Bousies,MACRON,0.0,0.0,0.0,0.0,0.0,0.0,0.0,21.51,0.0,0
Bousies,MÉLENCHON,18.49,0.0,17.54,18234.0,54.39,3.46,1734.0,0.0,0.0,0
Bousignies,FILLON,28.06,1.0,3.85,22838.0,58.22,0.0,327.0,0.0,0.0,0
Bousignies,LE PEN,23.98,0.0,3.85,22838.0,58.22,0.0,327.0,24.88,0.0,0
Bousignies,MACRON,0.0,0.0,0.0,0.0,0.0,0.0,0.0,31.1,1.0,1
Bousignies-sur-Roc,FILLON,23.73,0.0,12.25,21113.0,51.35,0.0,405.0,0.0,0.0,0
Bousignies-sur-Roc,LE PEN,40.11,1.0,12.25,21113.0,51.35,0.0,405.0,33.79,1.0,1
Bousignies-sur-Roc,MACRON,0.0,0.0,0.0,0.0,0.0,0.0,0.0,19.31,0.0,0
Boussières-en-Cambrésis,FILLON,21.86,0.0,19.67,19928.0,54.74,0.0,414.0,0.0,0.0,0
Boussières-en-Cambrésis,LE PEN,37.25,1.0,19.67,19928.0,54.74,0.0,414.0,36.4,1.0,1
Boussières-en-Cambrésis,MACRON,0.0,0.0,0.0,0.0,0.0,0.0,0.0,29.2,0.0,0
Boussières-sur-Sambre,LE PEN,37.0,1.0,14.63,20774.0,47.58,0.0,523.0,40.5,1.0,1
Boussières-sur-Sambre,MACRON,0.0,0.0,0.0,0.0,0.0,0.0,0.0,25.81,0.0,0
Boussières-sur-Sambre,MÉLENCHON,17.95,0.0,14.63,20774.0,47.58,0.0,523.0,0.0,0.0,0
Boussois,LE PEN,39.78,1.0,19.64,17350.0,49.83,23.42,3245.0,45.72,1.0,1
Boussois,MÉLENCHON,26.25,0.0,19.64,17350.0,49.83,23.42,3245.0,19.69,0.0,0
Bouvignies,LE PEN,25.38,1.0,7.59,24540.0,60.83,7.14,1540.0,25.92,0.0,0
Bouvignies,MACRON,21.51,0.0,7.59,24540.0,60.83,7.14,1540.0,31.56,1.0,1
Bouvines,FILLON,26.1,0.0,5.2,27396.0,67.51,0.0,691.0,0.0,0.0,0
Bouvines,MACRON,31.67,1.0,5.2,27396.0,67.51,0.0,691.0,45.38,1.0,1
Bouvines,MÉLENCHON,0.0,0.0,0.0,0.0,0.0,0.0,0.0,19.68,0.0,0
Boëseghem,LE PEN,32.87,1.0,9.92,19350.0,53.66,0.0,747.0,37.85,1.0,1
Boëseghem,MACRON,21.26,0.0,9.92,19350.0,53.66,0.0,747.0,28.6,0.0,0
Bray-Dunes,FILLON,19.0,0.0,19.63,20070.0,53.04,44.04,4541.0,0.0,0.0,0
Bray-Dunes,LE PEN,34.27,1.0,19.63,20070.0,53.04,44.04,4541.0,35.95,1.0,1
Bray-Dunes,MACRON,0.0,0.0,0.0,0.0,0.0,0.0,0.0,26.83,0.0,0
Briastre,LE PEN,38.52,1.0,16.67,18489.0,56.04,0.0,743.0,42.3,1.0,1
Briastre,MÉLENCHON,25.36,0.0,16.67,18489.0,56.04,0.0,743.0,20.54,0.0,0
Brillon,FILLON,28.91,1.0,12.08,23685.0,63.49,0.0,721.0,0.0,0.0,0
Brillon,LE PEN,0.0,0.0,0.0,0.0,0.0,0.0,0.0,24.06,0.0,0
Brillon,MACRON,24.95,0.0,12.08,23685.0,63.49,0.0,721.0,28.87,1.0,1
Brouckerque,FILLON,19.72,0.0,8.33,24265.0,50.36,0.0,1356.0,0.0,0.0,0
Brouckerque,LE PEN,36.01,1.0,8.33,24265.0,50.36,0.0,1356.0,33.98,1.0,1
Brouckerque,MACRON,0.0,0.0,0.0,0.0,0.0,0.0,0.0,28.09,0.0,0
Broxeele,FILLON,18.57,0.0,5.13,21393.0,45.71,0.0,385.0,0.0,0.0,0
Broxeele,LE PEN,36.67,1.0,5.13,21393.0,45.71,0.0,385.0,42.49,1.0,1
Broxeele,MACRON,0.0,0.0,0.0,0.0,0.0,0.0,0.0,22.32,0.0,0
Bruay-sur-l'Escaut,LE PEN,46.24,1.0,25.43,15578.0,52.57,53.62,11638.0,46.63,1.0,1
Bruay-sur-l'Escaut,MÉLENCHON,20.93,0.0,25.43,15578.0,52.57,53.62,11638.0,18.97,0.0,0
Bruille-Saint-Amand,LE PEN,37.7,1.0,14.37,21565.0,57.28,11.36,1673.0,34.82,1.0,1
Bruille-Saint-Amand,MACRON,0.0,0.0,0.0,0.0,0.0,0.0,0.0,20.28,0.0,0
Bruille-Saint-Amand,MÉLENCHON,18.37,0.0,14.37,21565.0,57.28,11.36,1673.0,0.0,0.0,0
Bruille-lez-Marchiennes,LE PEN,32.62,0.0,12.9,18582.0,47.97,17.36,1325.0,38.28,1.0,1
Bruille-lez-Marchiennes,MÉLENCHON,33.82,1.0,12.9,18582.0,47.97,17.36,1325.0,0.0,0.0,0
Bruille-lez-Marchiennes,ROUSSEL,0.0,0.0,0.0,0.0,0.0,0.0,0.0,20.13,0.0,0
Brunémont,LE PEN,44.78,1.0,16.39,20381.0,53.17,0.0,712.0,48.48,1.0,1
Brunémont,MACRON,15.52,0.0,16.39,20381.0,53.17,0.0,712.0,17.77,0.0,0
Bry,FILLON,28.19,1.0,9.38,24696.0,64.69,0.0,415.0,0.0,0.0,0
Bry,LE PEN,23.17,0.0,9.38,24696.0,64.69,0.0,415.0,24.08,0.0,0
Bry,MACRON,0.0,0.0,0.0,0.0,0.0,0.0,0.0,35.92,1.0,1
Bugnicourt,LE PEN,38.5,1.0,13.98,20162.0,51.71,8.06,993.0,43.26,1.0,1
Bugnicourt,MACRON,0.0,0.0,0.0,0.0,0.0,0.0,0.0,23.2,0.0,0
Bugnicourt,MÉLENCHON,18.53,0.0,13.98,20162.0,51.71,8.06,993.0,0.0,0.0,0
Busigny,LE PEN,44.09,1.0,24.27,16755.0,54.48,11.25,2488.0,49.96,1.0,1
Busigny,MACRON,0.0,0.0,0.0,0.0,0.0,0.0,0.0,20.34,0.0,0
Busigny,MÉLENCHON,14.32,0.0,24.27,16755.0,54.48,11.25,2488.0,0.0,0.0,0
Buysscheure,FILLON,21.67,0.0,10.2,20104.0,53.3,0.0,580.0,0.0,0.0,0
Buysscheure,LE PEN,31.39,1.0,10.2,20104.0,53.3,0.0,580.0,33.14,1.0,1
Buysscheure,MACRON,0.0,0.0,0.0,0.0,0.0,0.0,0.0,27.33,0.0,0
Bérelles,LE PEN,33.75,1.0,18.18,22968.0,50.0,0.0,149.0,42.22,1.0,1
Bérelles,MACRON,20.0,0.0,18.18,22968.0,50.0,0.0,149.0,0.0,0.0,0
Bérelles,ZEMMOUR,0.0,0.0,0.0,0.0,0.0,0.0,0.0,18.89,0.0,0
Béthencourt,FILLON,20.99,0.0,11.27,19347.0,51.97,17.36,749.0,0.0,0.0,0
Béthencourt,LE PEN,39.28,1.0,11.27,19347.0,51.97,17.36,749.0,45.26,1.0,1
Béthencourt,MACRON,0.0,0.0,0.0,0.0,0.0,0.0,0.0,19.91,0.0,0
Bévillers,FILLON,18.11,0.0,12.96,19502.0,55.3,0.0,556.0,0.0,0.0,0
Bévillers,LE PEN,38.44,1.0,12.96,19502.0,55.3,0.0,556.0,45.09,1.0,1
Bévillers,MACRON,0.0,0.0,0.0,0.0,0.0,0.0,0.0,20.55,0.0,0
Cagnoncles,FILLON,15.88,0.0,7.01,21550.0,59.92,0.0,607.0,0.0,0.0,0
Cagnoncles,LE PEN,42.62,1.0,7.01,21550.0,59.92,0.0,607.0,42.64,1.0,1
Cagnoncles,MACRON,0.0,0.0,0.0,0.0,0.0,0.0,0.0,21.96,0.0,0
Cambrai,FILLON,20.22,0.0,24.27,17703.0,57.86,52.19,32668.0,0.0,0.0,0
Cambrai,LE PEN,28.5,1.0,24.27,17703.0,57.86,52.19,32668.0,32.85,1.0,1
Cambrai,MACRON,0.0,0.0,0.0,0.0,0.0,0.0,0.0,26.92,0.0,0
Camphin-en-Carembault,LE PEN,25.07,1.0,5.23,24121.0,56.29,13.97,1646.0,26.53,0.0,0
Camphin-en-Carembault,MACRON,23.53,0.0,5.23,24121.0,56.29,13.97,1646.0,34.4,1.0,1
Camphin-en-Pévèle,FILLON,31.93,1.0,7.2,26207.0,65.67,16.5,2363.0,0.0,0.0,0
Camphin-en-Pévèle,LE PEN,0.0,0.0,0.0,0.0,0.0,0.0,0.0,21.02,0.0,0
Camphin-en-Pévèle,MACRON,24.57,0.0,7.2,26207.0,65.67,16.5,2363.0,40.52,1.0,1
Cantaing-sur-Escaut,FILLON,19.78,0.0,7.14,21842.0,51.3,0.0,397.0,0.0,0.0,0
Cantaing-sur-Escaut,LE PEN,35.45,1.0,7.14,21842.0,51.3,0.0,397.0,43.33,1.0,1
Cantaing-sur-Escaut,MACRON,0.0,0.0,0.0,0.0,0.0,0.0,0.0,27.08,0.0,0
Cantin,LE PEN,38.04,1.0,14.17,20502.0,52.4,7.75,1549.0,41.61,1.0,1
Cantin,MACRON,18.58,0.0,14.17,20502.0,52.4,7.75,1549.0,24.6,0.0,0
Capelle,LE PEN,27.93,1.0,10.53,22654.0,57.14,0.0,156.0,26.21,0.0,0
Capelle,MACRON,19.82,0.0,10.53,22654.0,57.14,0.0,156.0,27.18,1.0,1
Capinghem,FILLON,29.15,1.0,11.5,24556.0,66.94,50.33,2424.0,0.0,0.0,0
Capinghem,LE PEN,0.0,0.0,0.0,0.0,0.0,0.0,0.0,20.05,0.0,0
Capinghem,MACRON,24.88,0.0,11.5,24556.0,66.94,50.33,2424.0,38.19,1.0,1
Cappelle-Brouck,FILLON,17.58,0.0,13.06,20261.0,54.56,0.0,1174.0,0.0,0.0,0
Cappelle-Brouck,LE PEN,36.35,1.0,13.06,20261.0,54.56,0.0,1174.0,35.2,1.0,1
Cappelle-Brouck,MACRON,0.0,0.0,0.0,0.0,0.0,0.0,0.0,24.57,0.0,0
Cappelle-en-Pévèle,LE PEN,23.15,0.0,7.62,24139.0,61.48,16.57,2233.0,24.17,0.0,0
Cappelle-en-Pévèle,MACRON,24.38,1.0,7.62,24139.0,61.48,16.57,2233.0,36.47,1.0,1
Cappelle-la-Grande,LE PEN,41.53,1.0,16.98,18696.0,53.37,21.3,7888.0,43.16,1.0,1
Cappelle-la-Grande,MACRON,0.0,0.0,0.0,0.0,0.0,0.0,0.0,19.76,0.0,0
Cappelle-la-Grande,MÉLENCHON,21.29,0.0,16.98,18696.0,53.37,21.3,7888.0,0.0,0.0,0
Carnin,LE PEN,25.12,1.0,2.02,24873.0,60.0,0.0,988.0,30.57,0.0,0
Carnin,MACRON,23.57,0.0,2.02,24873.0,60.0,0.0,988.0,33.57,1.0,1
Carnières,LE PEN,42.2,1.0,13.24,20402.0,55.56,14.55,1100.0,49.32,1.0,1
Carnières,MACRON,0.0,0.0,0.0,0.0,0.0,0.0,0.0,19.15,0.0,0
Carnières,MÉLENCHON,16.58,0.0,13.24,20402.0,55.56,14.55,1100.0,0.0,0.0,0
Cartignies,FILLON,23.44,0.0,13.89,18798.0,53.03,0.0,1262.0,0.0,0.0,0
Cartignies,LE PEN,35.95,1.0,13.89,18798.0,53.03,0.0,1262.0,38.81,1.0,1
Cartignies,MACRON,0.0,0.0,0.0,0.0,0.0,0.0,0.0,24.1,0.0,0
Cassel,FILLON,25.05,1.0,10.58,21034.0,61.77,15.21,2301.0,0.0,0.0,0
Cassel,LE PEN,22.42,0.0,10.58,21034.0,61.77,15.21,2301.0,23.1,0.0,0
Cassel,MACRON,0.0,0.0,0.0,0.0,0.0,0.0,0.0,31.01,1.0,1
Catillon-sur-Sambre,FILLON,19.41,0.0,20.3,17801.0,55.96,6.0,834.0,0.0,0.0,0
Catillon-sur-Sambre,LE PEN,34.18,1.0,20.3,17801.0,55.96,6.0,834.0,38.0,1.0,1
Catillon-sur-Sambre,MACRON,0.0,0.0,0.0,0.0,0.0,0.0,0.0,21.78,0.0,0
Cattenières,FILLON,18.89,0.0,13.33,20233.0,50.41,0.0,673.0,0.0,0.0,0
Cattenières,LE PEN,39.47,1.0,13.33,20233.0,50.41,0.0,673.0,44.7,1.0,1
Cattenières,MACRON,0.0,0.0,0.0,0.0,0.0,0.0,0.0,17.42,0.0,0
Caudry,LE PEN,35.77,1.0,28.32,16181.0,57.95,55.68,14493.0,43.44,1.0,1
Caudry,MACRON,0.0,0.0,0.0,0.0,0.0,0.0,0.0,20.25,0.0,0
Caudry,MÉLENCHON,19.53,0.0,28.32,16181.0,57.95,55.68,14493.0,0.0,0.0,0
Caullery,LE PEN,44.6,1.0,24.44,18508.0,55.59,0.0,448.0,51.87,1.0,1
Caullery,MACRON,16.91,0.0,24.44,18508.0,55.59,0.0,448.0,19.4,0.0,0
Cauroir,LE PEN,31.75,1.0,10.0,20162.0,54.24,0.0,578.0,33.33,1.0,1
Cauroir,MACRON,19.5,0.0,10.0,20162.0,54.24,0.0,578.0,27.4,0.0,0
Caëstre,FILLON,24.98,0.0,9.45,22022.0,57.21,8.18,1957.0,0.0,0.0,0
Caëstre,LE PEN,26.97,1.0,9.45,22022.0,57.21,8.18,1957.0,32.02,1.0,1
Caëstre,MACRON,0.0,0.0,0.0,0.0,0.0,0.0,0.0,31.85,0.0,0
Cerfontaine,LE PEN,47.42,1.0,14.67,20633.0,45.7,0.0,669.0,43.88,1.0,1
Cerfontaine,MACRON,14.99,0.0,14.67,20633.0,45.7,0.0,669.0,23.67,0.0,0
Chemy,FILLON,26.32,1.0,5.71,26168.0,56.83,0.0,769.0,0.0,0.0,0
Chemy,LE PEN,0.0,0.0,0.0,0.0,0.0,0.0,0.0,20.69,0.0,0
Chemy,MACRON,21.05,0.0,5.71,26168.0,56.83,0.0,769.0,37.36,1.0,1
Choisies,FILLON,51.16,1.0,25.0,20770.0,48.84,0.0,53.0,0.0,0.0,0
Choisies,LE PEN,16.28,0.0,25.0,20770.0,48.84,0.0,53.0,28.95,1.0,1
Choisies,MACRON,0.0,0.0,0.0,0.0,0.0,0.0,0.0,28.95,0.0,0
Château-l'Abbaye,FILLON,22.27,0.0,7.7,22965.0,55.34,0.0,884.0,0.0,0.0,0
Château-l'Abbaye,LE PEN,31.13,1.0,7.7,22965.0,55.34,0.0,884.0,28.57,1.0,1
Château-l'Abbaye,MACRON,0.0,0.0,0.0,0.0,0.0,0.0,0.0,24.66,0.0,0
Chéreng,FILLON,27.89,1.0,8.01,27167.0,64.0,16.73,2989.0,0.0,0.0,0
Chéreng,LE PEN,0.0,0.0,0.0,0.0,0.0,0.0,0.0,16.82,0.0,0
Chéreng,MACRON,27.79,0.0,8.01,27167.0,64.0,16.73,2989.0,42.12,1.0,1
Clairfayts,LE PEN,37.78,1.0,20.19,19517.0,48.33,0.0,376.0,44.44,1.0,1
Clairfayts,MACRON,0.0,0.0,0.0,0.0,0.0,0.0,0.0,16.05,0.0,0
Clairfayts,MÉLENCHON,21.67,0.0,20.19,19517.0,48.33,0.0,376.0,0.0,0.0,0
Clary,FILLON,17.83,0.0,12.73,19841.0,54.65,7.24,1105.0,0.0,0.0,0
Clary,LE PEN,41.23,1.0,12.73,19841.0,54.65,7.24,1105.0,45.47,1.0,1
Clary,MACRON,0.0,0.0,0.0,0.0,0.0,0.0,0.0,22.01,0.0,0
Cobrieux,FILLON,30.53,1.0,9.26,29109.0,66.93,0.0,525.0,0.0,0.0,0
Cobrieux,LE PEN,0.0,0.0,0.0,0.0,0.0,0.0,0.0,18.16,0.0,0
Cobrieux,MACRON,27.63,0.0,9.26,29109.0,66.93,0.0,525.0,41.84,1.0,1
Colleret,FILLON,16.86,0.0,18.79,20333.0,49.79,12.35,1620.0,0.0,0.0,0
Colleret,LE PEN,43.86,1.0,18.79,20333.0,49.79,12.35,1620.0,46.04,1.0,1
Colleret,MACRON,0.0,0.0,0.0,0.0,0.0,0.0,0.0,20.74,0.0,0
Comines,LE PEN,31.38,1.0,13.37,20252.0,58.66,34.93,12369.0,31.56,1.0,1
Comines,MACRON,0.0,0.0,0.0,0.0,0.0,0.0,0.0,27.79,0.0,0
Comines,MÉLENCHON,19.64,0.0,13.37,20252.0,58.66,34.93,12369.0,0.0,0.0,0
Condé-sur-l'Escaut,LE PEN,35.51,1.0,31.4,14914.0,59.35,53.2,9680.0,36.3,1.0,1
Condé-sur-l'Escaut,MÉLENCHON,27.11,0.0,31.4,14914.0,59.35,53.2,9680.0,28.1,0.0,0
Coudekerque-Branche,LE PEN,34.16,1.0,17.31,18897.0,54.71,40.09,21204.0,36.71,1.0,1
Coudekerque-Branche,MACRON,0.0,0.0,0.0,0.0,0.0,0.0,0.0,23.07,0.0,0
Coudekerque-Branche,MÉLENCHON,22.59,0.0,17.31,18897.0,54.71,40.09,21204.0,0.0,0.0,0
Courchelettes,LE PEN,38.59,1.0,16.22,19268.0,54.29,11.77,2804.0,42.34,1.0,1
Courchelettes,MACRON,0.0,0.0,0.0,0.0,0.0,0.0,0.0,21.17,0.0,0
Courchelettes,MÉLENCHON,19.67,0.0,16.22,19268.0,54.29,11.77,2804.0,0.0,0.0,0
Cousolre,FILLON,17.27,0.0,20.45,18308.0,53.48,13.98,2289.0,0.0,0.0,0
Cousolre,LE PEN,43.52,1.0,20.45,18308.0,53.48,13.98,2289.0,42.32,1.0,1
Cousolre,MACRON,0.0,0.0,0.0,0.0,0.0,0.0,0.0,21.86,0.0,0
Coutiches,LE PEN,26.75,1.0,7.0,24762.0,60.52,15.0,3001.0,28.47,0.0,0
Coutiches,MACRON,24.45,0.0,7.0,24762.0,60.52,15.0,3001.0,31.93,1.0,1
Craywick,LE PEN,42.74,1.0,7.69,20070.0,48.42,8.44,711.0,44.63,1.0,1
Craywick,MACRON,0.0,0.0,0.0,0.0,0.0,0.0,0.0,20.0,0.0,0
Craywick,MÉLENCHON,20.97,0.0,7.69,20070.0,48.42,8.44,711.0,0.0,0.0,0
Crespin,LE PEN,38.71,1.0,25.0,16717.0,53.35,33.84,4551.0,42.16,1.0,1
Crespin,MÉLENCHON,22.57,0.0,25.0,16717.0,53.35,33.84,4551.0,20.61,0.0,0
Crochte,LE PEN,26.1,0.0,7.35,24016.0,54.91,0.0,669.0,26.09,0.0,0
Crochte,MACRON,26.54,1.0,7.35,24016.0,54.91,0.0,669.0,31.4,1.0,1
Croix,FILLON,25.94,1.0,14.56,20899.0,67.26,57.73,21271.0,0.0,0.0,0
Croix,MACRON,23.04,0.0,14.56,20899.0,67.26,57.73,21271.0,32.51,1.0,1
Croix,MÉLENCHON,0.0,0.0,0.0,0.0,0.0,0.0,0.0,24.74,0.0,0
Croix-Caluyau,FILLON,26.0,0.0,7.14,20968.0,57.07,0.0,262.0,0.0,0.0,0
Croix-Caluyau,LE PEN,40.0,1.0,7.14,20968.0,57.07,0.0,262.0,40.79,1.0,1
Croix-Caluyau,MACRON,0.0,0.0,0.0,0.0,0.0,0.0,0.0,25.66,0.0,0
Crèvecoeur-sur-l'Escaut,FILLON,21.74,0.0,20.63,21848.0,56.18,0.0,740.0,0.0,0.0,0
Crèvecoeur-sur-l'Escaut,LE PEN,31.52,1.0,20.63,21848.0,56.18,0.0,740.0,37.17,1.0,1
Crèvecoeur-sur-l'Escaut,MACRON,0.0,0.0,0.0,0.0,0.0,0.0,0.0,23.5,0.0,0
Cuincy,LE PEN,26.89,1.0,17.54,21071.0,53.85,31.61,6454.0,30.38,1.0,1
Cuincy,MACRON,0.0,0.0,0.0,0.0,0.0,0.0,0.0,25.44,0.0,0
Cuincy,MÉLENCHON,23.26,0.0,17.54,21071.0,53.85,31.61,6454.0,0.0,0.0,0
Curgies,LE PEN,28.48,1.0,10.56,24243.0,59.4,0.0,1159.0,28.78,0.0,0
Curgies,MACRON,24.45,0.0,10.56,24243.0,59.4,0.0,1159.0,33.5,1.0,1
Cuvillers,FILLON,27.21,0.0,4.17,21537.0,50.34,0.0,198.0,0.0,0.0,0
Cuvillers,LE PEN,33.09,1.0,4.17,21537.0,50.34,0.0,198.0,35.9,1.0,1
Cuvillers,MACRON,0.0,0.0,0.0,0.0,0.0,0.0,0.0,25.64,0.0,0
Cysoing,FILLON,24.5,0.0,7.83,24619.0,65.7,26.62,5033.0,0.0,0.0,0
Cysoing,LE PEN,0.0,0.0,0.0,0.0,0.0,0.0,0.0,20.21,0.0,0
Cysoing,MACRON,26.68,1.0,7.83,24619.0,65.7,26.62,5033.0,37.11,1.0,1
Damousies,FILLON,32.35,1.0,4.55,20359.0,46.39,0.0,197.0,0.0,0.0,0
Damousies,LE PEN,29.41,0.0,4.55,20359.0,46.39,0.0,197.0,39.02,1.0,1
Damousies,MACRON,0.0,0.0,0.0,0.0,0.0,0.0,0.0,30.08,0.0,0
Dechy,LE PEN,38.96,1.0,19.07,16573.0,54.06,37.87,5307.0,43.27,1.0,1
Dechy,MÉLENCHON,29.19,0.0,19.07,16573.0,54.06,37.87,5307.0,24.36,0.0,0
Dehéries,FILLON,22.58,0.0,12.73,20770.0,53.57,0.0,40.0,0.0,0.0,0
Dehéries,LE PEN,54.84,1.0,12.73,20770.0,53.57,0.0,40.0,31.03,0.0,0
Dehéries,MACRON,0.0,0.0,0.0,0.0,0.0,0.0,0.0,51.72,1.0,1
Denain,LE PEN,40.03,1.0,36.14,13328.0,57.82,80.75,19714.0,41.67,1.0,1
Denain,MÉLENCHON,25.7,0.0,36.14,13328.0,57.82,80.75,19714.0,28.59,0.0,0
Deûlémont,FILLON,29.5,1.0,10.12,23964.0,58.17,31.55,1680.0,0.0,0.0,0
Deûlémont,LE PEN,27.72,0.0,10.12,23964.0,58.17,31.55,1680.0,27.45,0.0,0
Deûlémont,MACRON,0.0,0.0,0.0,0.0,0.0,0.0,0.0,35.74,1.0,1
Dimechaux,FILLON,27.32,1.0,12.73,20804.0,54.25,0.0,351.0,0.0,0.0,0
Dimechaux,LE PEN,26.8,0.0,12.73,20804.0,54.25,0.0,351.0,35.16,1.0,1
Dimechaux,MACRON,0.0,0.0,0.0,0.0,0.0,0.0,0.0,27.47,0.0,0
Dimont,LE PEN,26.49,1.0,11.54,20869.0,50.42,0.0,318.0,26.32,0.0,0
Dimont,MACRON,0.0,0.0,0.0,0.0,0.0,0.0,0.0,33.68,1.0,1
Dimont,MÉLENCHON,22.16,0.0,11.54,20869.0,50.42,0.0,318.0,0.0,0.0,0
Doignies,FILLON,20.27,0.0,13.51,19266.0,50.85,0.0,337.0,0.0,0.0,0
Doignies,LE PEN,41.89,1.0,13.51,19266.0,50.85,0.0,337.0,47.11,1.0,1
Doignies,MACRON,0.0,0.0,0.0,0.0,0.0,0.0,0.0,23.11,0.0,0
Dompierre-sur-Helpe,LE PEN,31.9,1.0,7.35,19588.0,51.6,8.09,865.0,38.31,1.0,1
Dompierre-sur-Helpe,MACRON,0.0,0.0,0.0,0.0,0.0,0.0,0.0,22.73,0.0,0
Dompierre-sur-Helpe,MÉLENCHON,18.66,0.0,7.35,19588.0,51.6,8.09,865.0,0.0,0.0,0
Don,LE PEN,26.7,1.0,9.27,22679.0,56.47,6.89,1307.0,29.38,0.0,0
Don,MACRON,22.65,0.0,9.27,22679.0,56.47,6.89,1307.0,30.11,1.0,1
Douai,LE PEN,26.89,1.0,24.04,17077.0,58.66,75.02,39657.0,28.07,1.0,1
Douai,MÉLENCHON,23.71,0.0,24.04,17077.0,58.66,75.02,39657.0,27.3,0.0,0
Douchy-les-Mines,LE PEN,41.79,1.0,22.48,15962.0,49.59,34.62,10717.0,44.63,1.0,1
Douchy-les-Mines,MÉLENCHON,28.08,0.0,22.48,15962.0,49.59,34.62,10717.0,24.4,0.0,0
Dourlers,FILLON,21.83,0.0,12.73,21600.0,53.92,0.0,585.0,0.0,0.0,0
Dourlers,LE PEN,33.04,1.0,12.73,21600.0,53.92,0.0,585.0,33.96,1.0,1
Dourlers,MACRON,0.0,0.0,0.0,0.0,0.0,0.0,0.0,29.28,0.0,0
Drincham,LE PEN,32.56,1.0,16.67,20238.0,45.88,0.0,250.0,31.65,1.0,1
Drincham,MACRON,21.51,0.0,16.67,20238.0,45.88,0.0,250.0,22.15,0.0,0
Dunkerque,LE PEN,29.82,1.0,21.19,18366.0,57.92,60.95,88108.0,32.4,1.0,1
Dunkerque,MACRON,0.0,0.0,0.0,0.0,0.0,0.0,0.0,24.77,0.0,0
Dunkerque,MÉLENCHON,22.58,0.0,21.19,18366.0,57.92,60.95,88108.0,0.0,0.0,0
Ebblinghem,LE PEN,38.54,1.0,4.92,20715.0,53.29,0.0,681.0,38.13,1.0,1
Ebblinghem,MACRON,16.34,0.0,4.92,20715.0,53.29,0.0,681.0,25.07,0.0,0
Ecaillon,LE PEN,39.46,1.0,20.55,16967.0,54.02,8.24,1942.0,44.22,1.0,1
Ecaillon,MACRON,0.0,0.0,0.0,0.0,0.0,0.0,0.0,19.96,0.0,0
Ecaillon,MÉLENCHON,24.59,0.0,20.55,16967.0,54.02,8.24,1942.0,0.0,0.0,0
Eccles,FILLON,29.85,0.0,12.73,20770.0,62.32,0.0,86.0,0.0,0.0,0
Eccles,LE PEN,29.85,1.0,12.73,20770.0,62.32,0.0,86.0,26.53,1.0,1
Eccles,MACRON,0.0,0.0,0.0,0.0,0.0,0.0,0.0,16.33,0.0,0
Eclaibes,FILLON,25.52,0.0,7.14,22359.0,55.46,0.0,304.0,0.0,0.0,0
Eclaibes,LE PEN,29.17,1.0,7.14,22359.0,55.46,0.0,304.0,30.65,0.0,0
Eclaibes,MACRON,0.0,0.0,0.0,0.0,0.0,0.0,0.0,32.26,1.0,1
Ecuélin,LE PEN,35.44,1.0,7.69,22994.0,38.46,0.0,143.0,48.61,1.0,1
Ecuélin,MACRON,20.25,0.0,7.69,22994.0,38.46,0.0,143.0,18.06,0.0,0
Eecke,FILLON,23.63,0.0,9.0,23393.0,58.73,0.0,1221.0,0.0,0.0,0
Eecke,LE PEN,27.9,1.0,9.0,23393.0,58.73,0.0,1221.0,29.83,1.0,1
Eecke,MACRON,0.0,0.0,0.0,0.0,0.0,0.0,0.0,28.25,0.0,0
Elesmes,LE PEN,31.58,1.0,6.74,24397.0,52.52,0.0,983.0,37.39,1.0,1
Elesmes,MACRON,23.6,0.0,6.74,24397.0,52.52,0.0,983.0,25.04,0.0,0
Elincourt,LE PEN,49.87,1.0,14.75,17517.0,55.6,0.0,627.0,52.33,1.0,1
Elincourt,MACRON,0.0,0.0,0.0,0.0,0.0,0.0,0.0,20.93,0.0,0
Elincourt,MÉLENCHON,15.73,0.0,14.75,17517.0,55.6,0.0,627.0,0.0,0.0,0
Emerchicourt,LE PEN,40.75,1.0,9.6,20315.0,51.44,5.69,879.0,42.24,1.0,1
Emerchicourt,MÉLENCHON,24.11,0.0,9.6,20315.0,51.44,5.69,879.0,16.31,0.0,0
Emmerin,LE PEN,21.82,0.0,8.39,24285.0,59.29,25.83,3174.0,21.15,0.0,0
Emmerin,MACRON,24.23,1.0,8.39,24285.0,59.29,25.83,3174.0,34.06,1.0,1
Englefontaine,LE PEN,36.86,1.0,19.01,18232.0,56.93,5.36,1307.0,38.03,1.0,1
Englefontaine,MACRON,0.0,0.0,0.0,0.0,0.0,0.0,0.0,23.26,0.0,0
Englefontaine,MÉLENCHON,18.29,0.0,19.01,18232.0,56.93,5.36,1307.0,0.0,0.0,0
Englos,FILLON,29.87,1.0,11.11,27692.0,62.5,798.68,606.0,0.0,0.0,0
Englos,LE PEN,0.0,0.0,0.0,0.0,0.0,0.0,0.0,18.09,0.0,0
Englos,MACRON,26.75,0.0,11.11,27692.0,62.5,798.68,606.0,42.89,1.0,1
Ennetières-en-Weppes,FILLON,37.53,1.0,7.76,27159.0,66.32,37.99,1316.0,0.0,0.0,0
Ennetières-en-Weppes,LE PEN,0.0,0.0,0.0,0.0,0.0,0.0,0.0,16.3,0.0,0
Ennetières-en-Weppes,MACRON,25.49,0.0,7.76,27159.0,66.32,37.99,1316.0,43.38,1.0,1
Ennevelin,FILLON,27.39,1.0,8.18,26463.0,61.98,6.86,2186.0,0.0,0.0,0
Ennevelin,LE PEN,0.0,0.0,0.0,0.0,0.0,0.0,0.0,21.72,0.0,0
Ennevelin,MACRON,25.46,0.0,8.18,26463.0,61.98,6.86,2186.0,35.96,1.0,1
Eppe-Sauvage,FILLON,24.32,0.0,10.53,20918.0,54.64,32.73,275.0,0.0,0.0,0
Eppe-Sauvage,LE PEN,0.0,0.0,0.0,0.0,0.0,0.0,0.0,28.57,1.0,1
Eppe-Sauvage,MÉLENCHON,25.23,1.0,10.53,20918.0,54.64,32.73,275.0,21.43,0.0,0
Erchin,FILLON,19.92,0.0,9.04,23305.0,51.91,0.0,695.0,0.0,0.0,0
Erchin,LE PEN,31.01,1.0,9.04,23305.0,51.91,0.0,695.0,28.51,0.0,0
Erchin,MACRON,0.0,0.0,0.0,0.0,0.0,0.0,0.0,31.95,1.0,1
Eringhem,FILLON,23.55,0.0,17.07,19891.0,52.56,0.0,473.0,0.0,0.0,0
Eringhem,LE PEN,40.94,1.0,17.07,19891.0,52.56,0.0,473.0,42.12,1.0,1
Eringhem,MACRON,0.0,0.0,0.0,0.0,0.0,0.0,0.0,20.89,0.0,0
Erquinghem-Lys,LE PEN,27.94,1.0,9.69,20912.0,56.59,30.51,5081.0,29.87,0.0,0
Erquinghem-Lys,MACRON,21.18,0.0,9.69,20912.0,56.59,30.51,5081.0,31.33,1.0,1
Erquinghem-le-Sec,FILLON,33.42,1.0,10.93,26198.0,66.16,0.0,590.0,0.0,0.0,0
Erquinghem-le-Sec,LE PEN,0.0,0.0,0.0,0.0,0.0,0.0,0.0,17.63,0.0,0
Erquinghem-le-Sec,MACRON,25.21,0.0,10.93,26198.0,66.16,0.0,590.0,40.53,1.0,1
Erre,LE PEN,38.82,1.0,18.45,20138.0,54.92,8.78,1594.0,41.12,1.0,1
Erre,MACRON,0.0,0.0,0.0,0.0,0.0,0.0,0.0,18.77,0.0,0
Erre,MÉLENCHON,23.57,0.0,18.45,20138.0,54.92,8.78,1594.0,0.0,0.0,0
Escarmain,FILLON,18.06,0.0,14.63,20937.0,52.2,0.0,469.0,0.0,0.0,0
Escarmain,LE PEN,37.74,1.0,14.63,20937.0,52.2,0.0,469.0,39.16,1.0,1
Escarmain,MACRON,0.0,0.0,0.0,0.0,0.0,0.0,0.0,18.77,0.0,0
Escaudain,LE PEN,43.99,1.0,27.7,15365.0,52.97,42.87,9588.0,46.39,1.0,1
Escaudain,MÉLENCHON,25.81,0.0,27.7,15365.0,52.97,42.87,9588.0,21.16,0.0,0
Escaudoeuvres,LE PEN,34.67,1.0,20.61,18489.0,55.05,32.04,3277.0,37.26,1.0,1
Escaudoeuvres,MACRON,0.0,0.0,0.0,0.0,0.0,0.0,0.0,23.64,0.0,0
Escaudoeuvres,MÉLENCHON,19.44,0.0,20.61,18489.0,55.05,32.04,3277.0,0.0,0.0,0
Escautpont,LE PEN,44.91,1.0,27.01,14909.0,51.73,54.86,4211.0,45.91,1.0,1
Escautpont,MACRON,0.0,0.0,0.0,0.0,0.0,0.0,0.0,16.08,0.0,0
Escautpont,MÉLENCHON,23.15,0.0,27.01,14909.0,51.73,54.86,4211.0,0.0,0.0,0
Escobecques,FILLON,50.67,1.0,4.0,34671.0,76.58,0.0,299.0,0.0,0.0,0
Escobecques,LE PEN,0.0,0.0,0.0,0.0,0.0,0.0,0.0,17.83,0.0,0
Escobecques,MACRON,22.67,0.0,4.0,34671.0,76.58,0.0,299.0,44.35,1.0,1
Esnes,LE PEN,39.4,1.0,13.81,19987.0,50.09,0.0,681.0,43.4,1.0,1
Esnes,MACRON,18.95,0.0,13.81,19987.0,50.09,0.0,681.0,21.56,0.0,0
Esquelbecq,FILLON,21.77,0.0,15.46,21184.0,53.95,7.06,2124.0,0.0,0.0,0
Esquelbecq,LE PEN,24.76,1.0,15.46,21184.0,53.95,7.06,2124.0,26.89,0.0,0
Esquelbecq,MACRON,0.0,0.0,0.0,0.0,0.0,0.0,0.0,31.5,1.0,1
Esquerchin,FILLON,22.47,0.0,8.8,22593.0,53.62,0.0,897.0,0.0,0.0,0
Esquerchin,LE PEN,33.4,1.0,8.8,22593.0,53.62,0.0,897.0,36.49,1.0,1
Esquerchin,MACRON,0.0,0.0,0.0,0.0,0.0,0.0,0.0,25.2,0.0,0
Estaires,LE PEN,35.39,1.0,15.98,19663.0,56.03,33.72,6406.0,39.72,1.0,1
Estaires,MACRON,18.36,0.0,15.98,19663.0,56.03,33.72,6406.0,25.8,0.0,0
Estourmel,LE PEN,27.85,1.0,7.54,23389.0,56.1,0.0,460.0,30.41,1.0,1
Estourmel,MACRON,25.63,0.0,7.54,23389.0,56.1,0.0,460.0,29.05,0.0,0
Estreux,FILLON,26.3,1.0,6.55,24644.0,61.14,9.5,947.0,0.0,0.0,0
Estreux,LE PEN,0.0,0.0,0.0,0.0,0.0,0.0,0.0,23.83,0.0,0
Estreux,MACRON,23.92,0.0,6.55,24644.0,61.14,9.5,947.0,33.66,1.0,1
Estrun,LE PEN,42.29,1.0,4.08,23087.0,59.93,0.0,711.0,42.4,1.0,1
Estrun,MACRON,16.12,0.0,4.08,23087.0,59.93,0.0,711.0,20.05,0.0,0
Estrées,LE PEN,30.12,1.0,8.15,23248.0,58.46,0.0,1119.0,40.17,1.0,1
Estrées,MACRON,22.26,0.0,8.15,23248.0,58.46,0.0,1119.0,23.14,0.0,0
Eswars,LE PEN,36.89,1.0,5.56,23662.0,55.02,0.0,350.0,36.96,1.0,1
Eswars,MACRON,18.85,0.0,5.56,23662.0,55.02,0.0,350.0,24.35,0.0,0
Eth,FILLON,28.95,0.0,5.41,29755.0,60.24,0.0,335.0,0.0,0.0,0
Eth,LE PEN,28.95,1.0,5.41,29755.0,60.24,0.0,335.0,32.39,1.0,1
Eth,MACRON,0.0,0.0,0.0,0.0,0.0,0.0,0.0,30.05,0.0,0
Etroeungt,FILLON,22.74,0.0,12.07,17586.0,53.9,6.81,1321.0,0.0,0.0,0
Etroeungt,LE PEN,40.96,1.0,12.07,17586.0,53.9,6.81,1321.0,36.23,1.0,1
Etroeungt,MACRON,0.0,0.0,0.0,0.0,0.0,0.0,0.0,28.44,0.0,0
Faches-Thumesnil,MACRON,24.17,0.0,15.37,20461.0,63.23,58.67,17591.0,27.46,0.0,0
Faches-Thumesnil,MÉLENCHON,24.54,1.0,15.37,20461.0,63.23,58.67,17591.0,33.89,1.0,1
Famars,FILLON,24.39,0.0,19.33,22052.0,58.9,22.36,2505.0,0.0,0.0,0
Famars,LE PEN,0.0,0.0,0.0,0.0,0.0,0.0,0.0,24.83,0.0,0
Famars,MACRON,25.83,1.0,19.33,22052.0,58.9,22.36,2505.0,33.92,1.0,1
Faumont,LE PEN,27.07,1.0,9.12,24774.0,58.25,10.71,2148.0,31.03,0.0,0
Faumont,MACRON,22.35,0.0,9.12,24774.0,58.25,10.71,2148.0,33.59,1.0,1
Feignies,LE PEN,39.77,1.0,19.23,17430.0,51.73,30.53,6943.0,40.71,1.0,1
Feignies,MÉLENCHON,21.23,0.0,19.23,17430.0,51.73,30.53,6943.0,22.48,0.0,0
Felleries,LE PEN,33.87,1.0,6.03,19302.0,59.56,8.55,1403.0,37.95,1.0,1
Felleries,MACRON,18.61,0.0,6.03,19302.0,59.56,8.55,1403.0,24.1,0.0,0
Fenain,LE PEN,41.17,1.0,20.2,17683.0,51.07,24.61,5323.0,45.7,1.0,1
Fenain,MÉLENCHON,26.68,0.0,20.2,17683.0,51.07,24.61,5323.0,18.87,0.0,0
Ferrière-la-Grande,LE PEN,42.49,1.0,23.74,17393.0,51.07,30.13,5311.0,46.57,1.0,1
Ferrière-la-Grande,MACRON,0.0,0.0,0.0,0.0,0.0,0.0,0.0,19.74,0.0,0
Ferrière-la-Grande,MÉLENCHON,17.33,0.0,23.74,17393.0,51.07,30.13,5311.0,0.0,0.0,0
Ferrière-la-Petite,LE PEN,42.19,1.0,15.84,18263.0,49.68,0.0,1069.0,40.82,1.0,1
Ferrière-la-Petite,MACRON,0.0,0.0,0.0,0.0,0.0,0.0,0.0,17.11,0.0,0
Ferrière-la-Petite,MÉLENCHON,16.91,0.0,15.84,18263.0,49.68,0.0,1069.0,0.0,0.0,0
Flaumont-Waudrechies,LE PEN,37.82,1.0,8.72,19573.0,51.67,0.0,382.0,43.08,1.0,1
Flaumont-Waudrechies,MACRON,0.0,0.0,0.0,0.0,0.0,0.0,0.0,21.54,0.0,0
Flaumont-Waudrechies,MÉLENCHON,17.1,0.0,8.72,19573.0,51.67,0.0,382.0,0.0,0.0,0
Flers-en-Escrebieux,LE PEN,39.17,1.0,20.74,17446.0,51.7,60.42,5876.0,41.38,1.0,1
Flers-en-Escrebieux,MÉLENCHON,24.68,0.0,20.74,17446.0,51.7,60.42,5876.0,25.15,0.0,0
Flesquières,LE PEN,38.75,1.0,13.64,20094.0,59.69,0.0,262.0,35.95,1.0,1
Flesquières,MACRON,19.38,0.0,13.64,20094.0,59.69,0.0,262.0,24.18,0.0,0
Flines-lez-Raches,LE PEN,31.99,1.0,9.31,22098.0,53.87,19.84,5544.0,33.26,1.0,1
Flines-lez-Raches,MACRON,0.0,0.0,0.0,0.0,0.0,0.0,0.0,28.05,0.0,0
Flines-lez-Raches,MÉLENCHON,19.4,0.0,9.31,22098.0,53.87,19.84,5544.0,0.0,0.0,0
Flines-lès-Mortagne,LE PEN,33.18,1.0,14.56,22749.0,51.43,3.02,1655.0,32.09,1.0,1
Flines-lès-Mortagne,MACRON,0.0,0.0,0.0,0.0,0.0,0.0,0.0,23.88,0.0,0
Flines-lès-Mortagne,MÉLENCHON,21.12,0.0,14.56,22749.0,51.43,3.02,1655.0,0.0,0.0,0
Floursies,LE PEN,32.26,1.0,10.0,23435.0,59.38,0.0,128.0,36.67,1.0,1
Floursies,MACRON,22.58,0.0,10.0,23435.0,59.38,0.0,128.0,23.33,0.0,0
Floyon,FILLON,21.96,0.0,16.99,18618.0,49.25,0.0,526.0,0.0,0.0,0
Floyon,LE PEN,43.58,1.0,16.99,18618.0,49.25,0.0,526.0,43.72,1.0,1
Floyon,MACRON,0.0,0.0,0.0,0.0,0.0,0.0,0.0,24.29,0.0,0
Flêtre,LE PEN,30.49,1.0,7.61,22394.0,55.03,0.0,974.0,32.68,1.0,1
Flêtre,MACRON,20.82,0.0,7.61,22394.0,55.03,0.0,974.0,26.64,0.0,0
Fontaine-Notre-Dame,LE PEN,34.58,1.0,14.86,21193.0,54.36,11.78,1782.0,39.41,1.0,1
Fontaine-Notre-Dame,MACRON,19.4,0.0,14.86,21193.0,54.36,11.78,1782.0,25.15,0.0,0
Fontaine-au-Bois,FILLON,20.04,0.0,8.33,20773.0,48.02,0.0,691.0,0.0,0.0,0
Fontaine-au-Bois,LE PEN,40.98,1.0,8.33,20773.0,48.02,0.0,691.0,42.73,1.0,1
Fontaine-au-Bois,MACRON,0.0,0.0,0.0,0.0,0.0,0.0,0.0,20.79,0.0,0
Fontaine-au-Pire,LE PEN,41.05,1.0,21.74,19391.0,55.13,5.77,1213.0,47.93,1.0,1
Fontaine-au-Pire,MACRON,0.0,0.0,0.0,0.0,0.0,0.0,0.0,19.9,0.0,0
Fontaine-au-Pire,MÉLENCHON,19.6,0.0,21.74,19391.0,55.13,5.77,1213.0,0.0,0.0,0
Forest-en-Cambrésis,FILLON,22.96,0.0,13.46,18901.0,50.75,0.0,555.0,0.0,0.0,0
Forest-en-Cambrésis,LE PEN,35.53,1.0,13.46,18901.0,50.75,0.0,555.0,43.23,1.0,1
Forest-en-Cambrésis,MACRON,0.0,0.0,0.0,0.0,0.0,0.0,0.0,25.16,0.0,0
Forest-sur-Marque,FILLON,23.52,0.0,11.94,25273.0,67.91,38.7,1447.0,0.0,0.0,0
Forest-sur-Marque,LE PEN,0.0,0.0,0.0,0.0,0.0,0.0,0.0,17.55,0.0,0
Forest-sur-Marque,MACRON,30.55,1.0,11.94,25273.0,67.91,38.7,1447.0,41.94,1.0,1
Fourmies,LE PEN,37.28,1.0,31.23,15096.0,56.04,56.85,12119.0,45.21,1.0,1
Fourmies,MACRON,0.0,0.0,0.0,0.0,0.0,0.0,0.0,20.76,0.0,0
Fourmies,MÉLENCHON,20.49,0.0,31.23,15096.0,56.04,56.85,12119.0,0.0,0.0,0
Fournes-en-Weppes,FILLON,32.11,1.0,11.6,27005.0,65.2,13.09,2216.0,0.0,0.0,0
Fournes-en-Weppes,LE PEN,0.0,0.0,0.0,0.0,0.0,0.0,0.0,18.02,0.0,0
Fournes-en-Weppes,MACRON,23.41,0.0,11.6,27005.0,65.2,13.09,2216.0,43.49,1.0,1
Frasnoy,FILLON,22.52,0.0,12.82,23435.0,63.22,0.0,379.0,0.0,0.0,0
Frasnoy,LE PEN,30.18,1.0,12.82,23435.0,63.22,0.0,379.0,36.74,1.0,1
Frasnoy,MACRON,0.0,0.0,0.0,0.0,0.0,0.0,0.0,20.0,0.0,0
Frelinghien,FILLON,28.03,1.0,9.57,23025.0,59.84,25.4,2402.0,0.0,0.0,0
Frelinghien,LE PEN,23.17,0.0,9.57,23025.0,59.84,25.4,2402.0,26.39,0.0,0
Frelinghien,MACRON,0.0,0.0,0.0,0.0,0.0,0.0,0.0,36.0,1.0,1
Fresnes-sur-Escaut,LE PEN,46.61,1.0,24.73,15753.0,56.15,38.02,7601.0,44.6,1.0,1
Fresnes-sur-Escaut,MACRON,0.0,0.0,0.0,0.0,0.0,0.0,0.0,16.26,0.0,0
Fresnes-sur-Escaut,MÉLENCHON,21.99,0.0,24.73,15753.0,56.15,38.02,7601.0,0.0,0.0,0
Fressain,LE PEN,38.18,1.0,7.95,22736.0,52.75,0.0,884.0,41.44,1.0,1
Fressain,MACRON,0.0,0.0,0.0,0.0,0.0,0.0,0.0,24.49,0.0,0
Fressain,MÉLENCHON,18.91,0.0,7.95,22736.0,52.75,0.0,884.0,0.0,0.0,0
Fressies,LE PEN,47.48,1.0,12.82,19697.0,48.98,0.0,566.0,51.43,1.0,1
Fressies,MACRON,17.21,0.0,12.82,19697.0,48.98,0.0,566.0,18.29,0.0,0
Fretin,LE PEN,21.94,0.0,9.86,23514.0,61.98,41.14,3379.0,22.15,0.0,0
Fretin,MACRON,23.64,1.0,9.86,23514.0,61.98,41.14,3379.0,32.2,1.0,1
Fromelles,FILLON,28.47,1.0,14.78,25086.0,58.76,0.0,917.0,0.0,0.0,0
Fromelles,LE PEN,27.46,0.0,14.78,25086.0,58.76,0.0,917.0,23.31,0.0,0
Fromelles,MACRON,0.0,0.0,0.0,0.0,0.0,0.0,0.0,36.83,1.0,1
Féchain,LE PEN,39.18,1.0,10.62,20397.0,58.68,8.59,1746.0,44.93,1.0,1
Féchain,MACRON,0.0,0.0,0.0,0.0,0.0,0.0,0.0,20.3,0.0,0
Féchain,MÉLENCHON,17.65,0.0,10.62,20397.0,58.68,8.59,1746.0,0.0,0.0,0
Férin,LE PEN,32.65,1.0,13.91,22746.0,53.36,6.11,1472.0,35.29,1.0,1
Férin,MACRON,20.52,0.0,13.91,22746.0,53.36,6.11,1472.0,25.41,0.0,0
Féron,FILLON,21.05,0.0,13.21,19129.0,58.29,0.0,568.0,0.0,0.0,0
Féron,LE PEN,24.93,1.0,13.21,19129.0,58.29,0.0,568.0,30.51,0.0,0
Féron,MACRON,0.0,0.0,0.0,0.0,0.0,0.0,0.0,31.12,1.0,1
Genech,FILLON,24.4,0.0,6.67,25556.0,63.6,18.25,2685.0,0.0,0.0,0
Genech,LE PEN,0.0,0.0,0.0,0.0,0.0,0.0,0.0,18.37,0.0,0
Genech,MACRON,29.13,1.0,6.67,25556.0,63.6,18.25,2685.0,40.91,1.0,1
Ghissignies,LE PEN,24.29,0.0,12.0,24352.0,59.28,0.0,525.0,26.81,0.0,0
Ghissignies,MACRON,29.71,1.0,12.0,24352.0,59.28,0.0,525.0,33.13,1.0,1
Ghyvelde,LE PEN,35.59,1.0,11.34,21847.0,53.14,24.81,4192.0,35.33,1.0,1
Ghyvelde,MACRON,0.0,0.0,0.0,0.0,0.0,0.0,0.0,24.75,0.0,0
Ghyvelde,MÉLENCHON,18.48,0.0,11.34,21847.0,53.14,24.81,4192.0,0.0,0.0,0
Glageon,LE PEN,42.82,1.0,23.33,16606.0,55.67,8.74,1831.0,45.74,1.0,1
Glageon,MACRON,16.65,0.0,23.33,16606.0,55.67,8.74,1831.0,22.74,0.0,0
Godewaersvelde,FILLON,19.61,0.0,9.18,20963.0,59.28,4.87,2055.0,0.0,0.0,0
Godewaersvelde,LE PEN,28.87,1.0,9.18,20963.0,59.28,4.87,2055.0,29.29,1.0,1
Godewaersvelde,MACRON,0.0,0.0,0.0,0.0,0.0,0.0,0.0,28.95,0.0,0
Goeulzin,FILLON,25.21,0.0,4.56,23819.0,58.9,0.0,1018.0,0.0,0.0,0
Goeulzin,LE PEN,27.26,1.0,4.56,23819.0,58.9,0.0,1018.0,37.8,1.0,1
Goeulzin,MACRON,0.0,0.0,0.0,0.0,0.0,0.0,0.0,25.45,0.0,0
Gognies-Chaussée,FILLON,21.2,0.0,16.18,21740.0,48.18,6.54,765.0,0.0,0.0,0
Gognies-Chaussée,LE PEN,37.35,1.0,16.18,21740.0,48.18,6.54,765.0,35.98,1.0,1
Gognies-Chaussée,MACRON,0.0,0.0,0.0,0.0,0.0,0.0,0.0,26.91,0.0,0
Gommegnies,LE PEN,31.43,1.0,9.75,22256.0,57.84,7.43,2289.0,32.07,1.0,1
Gommegnies,MACRON,20.17,0.0,9.75,22256.0,57.84,7.43,2289.0,26.26,0.0,0
Gondecourt,LE PEN,23.21,0.0,7.04,23886.0,61.12,26.47,4004.0,25.38,0.0,0
Gondecourt,MACRON,24.72,1.0,7.04,23886.0,61.12,26.47,4004.0,33.79,1.0,1
Gonnelieu,LE PEN,44.83,1.0,23.08,19435.0,47.79,0.0,313.0,47.16,1.0,1
Gonnelieu,MACRON,0.0,0.0,0.0,0.0,0.0,0.0,0.0,18.18,0.0,0
Gonnelieu,MÉLENCHON,14.94,0.0,23.08,19435.0,47.79,0.0,313.0,0.0,0.0,0
Gouzeaucourt,LE PEN,40.12,1.0,17.83,17810.0,51.55,14.25,1544.0,37.36,1.0,1
Gouzeaucourt,MACRON,0.0,0.0,0.0,0.0,0.0,0.0,0.0,24.9,0.0,0
Gouzeaucourt,MÉLENCHON,16.94,0.0,17.83,17810.0,51.55,14.25,1544.0,0.0,0.0,0
Grand-Fayt,LE PEN,39.4,1.0,10.69,18953.0,55.33,0.0,508.0,39.86,1.0,1
Grand-Fayt,MÉLENCHON,15.56,0.0,10.69,18953.0,55.33,0.0,508.0,20.28,0.0,0
Grand-Fort-Philippe,LE PEN,44.23,1.0,21.27,18291.0,50.99,15.15,5081.0,47.21,1.0,1
Grand-Fort-Philippe,MACRON,0.0,0.0,0.0,0.0,0.0,0.0,0.0,19.06,0.0,0
Grand-Fort-Philippe,MÉLENCHON,16.67,0.0,21.27,18291.0,50.99,15.15,5081.0,0.0,0.0,0
Grande-Synthe,LE PEN,30.96,0.0,28.54,15109.0,59.93,57.4,23294.0,28.67,0.0,0
Grande-Synthe,MÉLENCHON,33.8,1.0,28.54,15109.0,59.93,57.4,23294.0,42.48,1.0,1
Gravelines,LE PEN,36.97,1.0,15.76,19734.0,56.63,34.38,11461.0,40.33,1.0,1
Gravelines,MACRON,0.0,0.0,0.0,0.0,0.0,0.0,0.0,20.41,0.0,0
Gravelines,MÉLENCHON,19.47,0.0,15.76,19734.0,56.63,34.38,11461.0,0.0,0.0,0
Gruson,FILLON,46.01,1.0,9.7,34251.0,70.36,5.81,1204.0,0.0,0.0,0
Gruson,LE PEN,0.0,0.0,0.0,0.0,0.0,0.0,0.0,12.46,0.0,0
Gruson,MACRON,27.33,0.0,9.7,34251.0,70.36,5.81,1204.0,49.6,1.0,1
Guesnain,LE PEN,36.66,1.0,25.17,17233.0,51.1,32.68,4651.0,40.36,1.0,1
Guesnain,MÉLENCHON,31.98,0.0,25.17,17233.0,51.1,32.68,4651.0,22.2,0.0,0
Gussignies,LE PEN,31.08,1.0,12.5,21488.0,51.63,0.0,337.0,25.2,0.0,0
Gussignies,MACRON,20.95,0.0,12.5,21488.0,51.63,0.0,337.0,37.01,1.0,1
Hallennes-lez-Haubourdin,LE PEN,27.2,1.0,14.02,22283.0,57.94,25.89,4249.0,28.92,1.0,1
Hallennes-lez-Haubourdin,MACRON,22.69,0.0,14.02,22283.0,57.94,25.89,4249.0,28.57,0.0,0
Halluin,LE PEN,30.1,1.0,14.84,19599.0,57.0,52.15,20708.0,30.19,1.0,1
Halluin,MACRON,0.0,0.0,0.0,0.0,0.0,0.0,0.0,28.08,0.0,0
Halluin,MÉLENCHON,20.35,0.0,14.84,19599.0,57.0,52.15,20708.0,0.0,0.0,0
Hamel,LE PEN,39.54,1.0,15.94,21865.0,49.21,9.0,778.0,44.69,1.0,1
Hamel,MACRON,0.0,0.0,0.0,0.0,0.0,0.0,0.0,18.78,0.0,0
Hamel,MÉLENCHON,17.66,0.0,15.94,21865.0,49.21,9.0,778.0,0.0,0.0,0
Hantay,LE PEN,25.14,1.0,16.67,21489.0,58.2,6.91,1303.0,27.23,0.0,0
Hantay,MACRON,0.0,0.0,0.0,0.0,0.0,0.0,0.0,28.24,1.0,1
Hantay,MÉLENCHON,23.76,0.0,16.67,21489.0,58.2,6.91,1303.0,0.0,0.0,0
Hardifort,LE PEN,23.08,1.0,13.16,21518.0,54.55,0.0,383.0,33.84,1.0,1
Hardifort,MACRON,0.0,0.0,0.0,0.0,0.0,0.0,0.0,23.57,0.0,0
Hardifort,MÉLENCHON,21.92,0.0,13.16,21518.0,54.55,0.0,383.0,0.0,0.0,0
Hargnies,LE PEN,42.82,1.0,3.57,23036.0,54.69,0.0,606.0,42.54,1.0,1
Hargnies,MACRON,15.93,0.0,3.57,23036.0,54.69,0.0,606.0,27.61,0.0,0
Hasnon,LE PEN,33.04,1.0,12.44,21186.0,58.01,17.05,3870.0,31.21,1.0,1
Hasnon,MACRON,0.0,0.0,0.0,0.0,0.0,0.0,0.0,21.8,0.0,0
Hasnon,MÉLENCHON,22.16,0.0,12.44,21186.0,58.01,17.05,3870.0,0.0,0.0,0
Haspres,LE PEN,41.36,1.0,15.07,19099.0,53.13,9.79,2757.0,43.03,1.0,1
Haspres,MACRON,0.0,0.0,0.0,0.0,0.0,0.0,0.0,20.26,0.0,0
Haspres,MÉLENCHON,20.65,0.0,15.07,19099.0,53.13,9.79,2757.0,0.0,0.0,0
Haubourdin,LE PEN,32.95,1.0,14.9,19127.0,57.67,47.81,14934.0,31.4,1.0,1
Haubourdin,MACRON,0.0,0.0,0.0,0.0,0.0,0.0,0.0,25.25,0.0,0
Haubourdin,MÉLENCHON,22.38,0.0,14.9,19127.0,57.67,47.81,14934.0,0.0,0.0,0
Haucourt-en-Cambrésis,FILLON,16.18,0.0,5.88,20168.0,56.69,0.0,202.0,0.0,0.0,0
Haucourt-en-Cambrésis,LE PEN,43.38,1.0,5.88,20168.0,56.69,0.0,202.0,52.8,1.0,1
Haucourt-en-Cambrésis,MACRON,0.0,0.0,0.0,0.0,0.0,0.0,0.0,16.0,0.0,0
Haulchin,LE PEN,39.78,1.0,16.95,18330.0,54.24,29.1,2268.0,44.65,1.0,1
Haulchin,MÉLENCHON,22.07,0.0,16.95,18330.0,54.24,29.1,2268.0,18.12,0.0,0
Haussy,LE PEN,36.57,1.0,15.66,19108.0,54.38,0.0,1538.0,41.47,1.0,1
Haussy,MACRON,0.0,0.0,0.0,0.0,0.0,0.0,0.0,22.38,0.0,0
Haussy,MÉLENCHON,20.77,0.0,15.66,19108.0,54.38,0.0,1538.0,0.0,0.0,0
Haut-Lieu,LE PEN,36.99,1.0,10.0,20296.0,50.52,0.0,394.0,37.23,1.0,1
Haut-Lieu,MACRON,21.14,0.0,10.0,20296.0,50.52,0.0,394.0,24.24,0.0,0
Hautmont,LE PEN,39.52,1.0,33.11,14900.0,52.73,37.94,14548.0,43.11,1.0,1
Hautmont,MÉLENCHON,22.44,0.0,33.11,14900.0,52.73,37.94,14548.0,24.12,0.0,0
Haveluy,LE PEN,41.32,1.0,24.71,15561.0,50.76,22.05,3129.0,44.82,1.0,1
Haveluy,MÉLENCHON,26.6,0.0,24.71,15561.0,50.76,22.05,3129.0,25.65,0.0,0
Haverskerque,LE PEN,32.64,1.0,8.16,21221.0,51.95,0.0,1441.0,37.42,1.0,1
Haverskerque,MACRON,20.07,0.0,8.16,21221.0,51.95,0.0,1441.0,28.22,0.0,0
Haynecourt,FILLON,24.35,0.0,6.47,19964.0,49.74,0.0,325.0,0.0,0.0,0
Haynecourt,LE PEN,31.09,1.0,6.47,19964.0,49.74,0.0,325.0,39.53,1.0,1
Haynecourt,MACRON,0.0,0.0,0.0,0.0,0.0,0.0,0.0,21.4,0.0,0
Hazebrouck,LE PEN,28.21,1.0,15.2,19076.0,57.58,40.72,21685.0,32.63,1.0,1
Hazebrouck,MACRON,20.74,0.0,15.2,19076.0,57.58,40.72,21685.0,28.27,0.0,0
Hecq,FILLON,17.23,0.0,5.88,20949.0,59.51,0.0,357.0,0.0,0.0,0
Hecq,LE PEN,35.29,1.0,5.88,20949.0,59.51,0.0,357.0,36.41,1.0,1
Hecq,MACRON,0.0,0.0,0.0,0.0,0.0,0.0,0.0,23.5,0.0,0
Hem,FILLON,24.45,1.0,17.5,20554.0,64.27,45.26,18914.0,0.0,0.0,0
Hem,MACRON,0.0,0.0,0.0,0.0,0.0,0.0,0.0,32.64,1.0,1
Hem,MÉLENCHON,23.61,0.0,17.5,20554.0,64.27,45.26,18914.0,29.52,0.0,0
Hem-Lenglet,FILLON,13.58,0.0,18.0,19606.0,56.52,0.0,574.0,0.0,0.0,0
Hem-Lenglet,LE PEN,48.55,1.0,18.0,19606.0,56.52,0.0,574.0,47.27,1.0,1
Hem-Lenglet,MACRON,0.0,0.0,0.0,0.0,0.0,0.0,0.0,19.09,0.0,0
Hergnies,LE PEN,36.07,1.0,12.38,20371.0,53.4,12.91,4415.0,38.04,1.0,1
Hergnies,MACRON,0.0,0.0,0.0,0.0,0.0,0.0,0.0,21.66,0.0,0
Hergnies,MÉLENCHON,18.82,0.0,12.38,20371.0,53.4,12.91,4415.0,0.0,0.0,0
Herlies,LE PEN,24.23,0.0,7.52,24467.0,58.44,13.29,2408.0,23.44,0.0,0
Herlies,MACRON,25.41,1.0,7.52,24467.0,58.44,13.29,2408.0,35.3,1.0,1
Herrin,FILLON,25.61,0.0,15.0,25046.0,60.84,0.0,423.0,0.0,0.0,0
Herrin,LE PEN,0.0,0.0,0.0,0.0,0.0,0.0,0.0,14.67,0.0,0
Herrin,MACRON,27.37,1.0,15.0,25046.0,60.84,0.0,423.0,39.38,1.0,1
Herzeele,FILLON,23.93,0.0,8.7,21264.0,53.28,27.62,1629.0,0.0,0.0,0
Herzeele,LE PEN,29.49,1.0,8.7,21264.0,53.28,27.62,1629.0,35.14,1.0,1
Herzeele,MACRON,0.0,0.0,0.0,0.0,0.0,0.0,0.0,31.53,0.0,0
Hestrud,FILLON,23.4,0.0,20.07,18411.0,49.72,0.0,295.0,0.0,0.0,0
Hestrud,LE PEN,29.79,1.0,20.07,18411.0,49.72,0.0,295.0,28.23,1.0,1
Hestrud,MACRON,0.0,0.0,0.0,0.0,0.0,0.0,0.0,27.42,0.0,0
Holque,LE PEN,43.99,1.0,10.71,18893.0,48.3,0.0,899.0,44.57,1.0,1
Holque,MACRON,0.0,0.0,0.0,0.0,0.0,0.0,0.0,18.48,0.0,0
Holque,MÉLENCHON,17.24,0.0,10.71,18893.0,48.3,0.0,899.0,0.0,0.0,0
Hon-Hergies,FILLON,18.27,0.0,14.35,23763.0,59.12,0.0,853.0,0.0,0.0,0
Hon-Hergies,LE PEN,36.04,1.0,14.35,23763.0,59.12,0.0,853.0,37.18,1.0,1
Hon-Hergies,MACRON,0.0,0.0,0.0,0.0,0.0,0.0,0.0,24.51,0.0,0
Hondeghem,FILLON,25.42,1.0,6.32,23162.0,54.14,0.0,970.0,0.0,0.0,0
Hondeghem,LE PEN,21.48,0.0,6.32,23162.0,54.14,0.0,970.0,22.26,0.0,0
Hondeghem,MACRON,0.0,0.0,0.0,0.0,0.0,0.0,0.0,36.45,1.0,1
Hondschoote,LE PEN,35.31,1.0,12.11,19022.0,60.88,17.82,4097.0,38.42,1.0,1
Hondschoote,MACRON,0.0,0.0,0.0,0.0,0.0,0.0,0.0,24.96,0.0,0
Hondschoote,MÉLENCHON,19.1,0.0,12.11,19022.0,60.88,17.82,4097.0,0.0,0.0,0
Honnechy,LE PEN,44.98,1.0,19.57,16590.0,56.28,0.0,545.0,57.14,1.0,1
Honnechy,MACRON,0.0,0.0,0.0,0.0,0.0,0.0,0.0,11.28,0.0,0
Honnechy,MÉLENCHON,18.59,0.0,19.57,16590.0,56.28,0.0,545.0,0.0,0.0,0
Honnecourt-sur-Escaut,LE PEN,39.22,1.0,28.01,18854.0,60.36,0.0,790.0,38.03,1.0,1
Honnecourt-sur-Escaut,MACRON,0.0,0.0,0.0,0.0,0.0,0.0,0.0,16.49,0.0,0
Honnecourt-sur-Escaut,MÉLENCHON,18.14,0.0,28.01,18854.0,60.36,0.0,790.0,0.0,0.0,0
Hordain,LE PEN,39.22,1.0,14.73,20089.0,51.1,6.39,1408.0,46.25,1.0,1
Hordain,MACRON,0.0,0.0,0.0,0.0,0.0,0.0,0.0,18.34,0.0,0
Hordain,MÉLENCHON,23.28,0.0,14.73,20089.0,51.1,6.39,1408.0,0.0,0.0,0
Hornaing,LE PEN,40.17,1.0,16.83,18107.0,52.99,25.33,3553.0,43.34,1.0,1
Hornaing,MACRON,0.0,0.0,0.0,0.0,0.0,0.0,0.0,17.36,0.0,0
Hornaing,MÉLENCHON,19.19,0.0,16.83,18107.0,52.99,25.33,3553.0,0.0,0.0,0
Houdain-lez-Bavay,FILLON,18.38,0.0,10.83,20781.0,59.02,0.0,876.0,0.0,0.0,0
Houdain-lez-Bavay,LE PEN,33.46,1.0,10.83,20781.0,59.02,0.0,876.0,36.55,1.0,1
Houdain-lez-Bavay,MACRON,0.0,0.0,0.0,0.0,0.0,0.0,0.0,23.09,0.0,0
Houplin-Ancoisne,LE PEN,27.92,1.0,10.26,22997.0,61.37,40.42,3439.0,27.67,0.0,0
Houplin-Ancoisne,MACRON,21.27,0.0,10.26,22997.0,61.37,40.42,3439.0,29.51,1.0,1
Houplines,LE PEN,30.45,1.0,11.06,20012.0,55.39,41.07,7840.0,32.37,1.0,1
Houplines,MACRON,0.0,0.0,0.0,0.0,0.0,0.0,0.0,25.02,0.0,0
Houplines,MÉLENCHON,20.33,0.0,11.06,20012.0,55.39,41.07,7840.0,0.0,0.0,0
Houtkerque,FILLON,24.62,0.0,3.88,21300.0,51.24,0.0,1005.0,0.0,0.0,0
Houtkerque,LE PEN,37.09,1.0,3.88,21300.0,51.24,0.0,1005.0,33.63,1.0,1
Houtkerque,MACRON,0.0,0.0,0.0,0.0,0.0,0.0,0.0,24.28,0.0,0
Hoymille,LE PEN,29.46,1.0,6.36,22625.0,52.79,9.31,3224.0,32.76,1.0,1
Hoymille,MACRON,20.34,0.0,6.36,22625.0,52.79,9.31,3224.0,32.02,0.0,0
Hélesmes,LE PEN,41.73,1.0,11.41,20330.0,55.07,9.62,1975.0,44.66,1.0,1
Hélesmes,MACRON,0.0,0.0,0.0,0.0,0.0,0.0,0.0,20.22,0.0,0
Hélesmes,MÉLENCHON,18.8,0.0,11.41,20330.0,55.07,9.62,1975.0,0.0,0.0,0
Hérin,LE PEN,40.84,1.0,13.28,18133.0,51.0,28.63,4052.0,42.68,1.0,1
Hérin,MACRON,0.0,0.0,0.0,0.0,0.0,0.0,0.0,18.79,0.0,0
Hérin,MÉLENCHON,21.9,0.0,13.28,18133.0,51.0,28.63,4052.0,0.0,0.0,0
Illies,FILLON,19.74,0.0,10.06,21733.0,57.72,8.41,1546.0,0.0,0.0,0
Illies,LE PEN,33.12,1.0,10.06,21733.0,57.72,8.41,1546.0,34.33,1.0,1
Illies,MACRON,0.0,0.0,0.0,0.0,0.0,0.0,0.0,30.12,0.0,0
Inchy,FILLON,15.83,0.0,19.05,17145.0,59.01,0.0,738.0,0.0,0.0,0
Inchy,LE PEN,40.29,1.0,19.05,17145.0,59.01,0.0,738.0,46.61,1.0,1
Inchy,MACRON,0.0,0.0,0.0,0.0,0.0,0.0,0.0,20.34,0.0,0
Iwuy,LE PEN,44.99,1.0,19.41,17647.0,55.3,20.98,3336.0,51.64,1.0,1
Iwuy,MACRON,0.0,0.0,0.0,0.0,0.0,0.0,0.0,18.48,0.0,0
Iwuy,MÉLENCHON,17.81,0.0,19.41,17647.0,55.3,20.98,3336.0,0.0,0.0,0
Jenlain,LE PEN,27.9,1.0,3.85,24472.0,59.95,6.17,1134.0,29.29,0.0,0
Jenlain,MACRON,24.17,0.0,3.85,24472.0,59.95,6.17,1134.0,31.46,1.0,1
Jeumont,LE PEN,34.55,1.0,31.38,15578.0,52.63,43.5,10185.0,40.13,1.0,1
Jeumont,MÉLENCHON,25.92,0.0,31.38,15578.0,52.63,43.5,10185.0,25.91,0.0,0
Jolimetz,FILLON,21.59,0.0,10.59,23588.0,55.71,0.0,873.0,0.0,0.0,0
Jolimetz,LE PEN,27.57,1.0,10.59,23588.0,55.71,0.0,873.0,28.74,0.0,0
Jolimetz,MACRON,0.0,0.0,0.0,0.0,0.0,0.0,0.0,28.92,1.0,1
Killem,FILLON,20.73,0.0,8.0,18977.0,47.81,0.0,1084.0,0.0,0.0,0
Killem,LE PEN,34.49,1.0,8.0,18977.0,47.81,0.0,1084.0,43.75,1.0,1
Killem,MACRON,0.0,0.0,0.0,0.0,0.0,0.0,0.0,25.16,0.0,0
La Bassée,LE PEN,33.94,1.0,15.22,18819.0,56.44,45.01,6421.0,37.6,1.0,1
La Bassée,MACRON,18.63,0.0,15.22,18819.0,56.44,45.01,6421.0,26.37,0.0,0
La Chapelle-d'Armentières,LE PEN,25.31,1.0,12.38,21707.0,58.2,41.51,8432.0,26.72,0.0,0
La Chapelle-d'Armentières,MACRON,22.49,0.0,12.38,21707.0,58.2,41.51,8432.0,33.07,1.0,1
La Flamengrie,LE PEN,31.72,1.0,5.56,22825.0,51.48,0.0,410.0,32.56,1.0,1
La Flamengrie,MACRON,23.35,0.0,5.56,22825.0,51.48,0.0,410.0,27.91,0.0,0
La Gorgue,LE PEN,37.75,1.0,12.17,19378.0,53.46,31.55,5673.0,40.49,1.0,1
La Gorgue,MACRON,0.0,0.0,0.0,0.0,0.0,0.0,0.0,24.07,0.0,0
La Gorgue,MÉLENCHON,18.36,0.0,12.17,19378.0,53.46,31.55,5673.0,0.0,0.0,0
La Groise,FILLON,19.49,0.0,19.51,18071.0,52.03,0.0,489.0,0.0,0.0,0
La Groise,LE PEN,38.24,1.0,19.51,18071.0,52.03,0.0,489.0,41.38,1.0,1
La Groise,MACRON,0.0,0.0,0.0,0.0,0.0,0.0,0.0,23.75,0.0,0
La Longueville,FILLON,18.28,0.0,12.71,20765.0,54.0,15.59,2117.0,0.0,0.0,0
La Longueville,LE PEN,34.85,1.0,12.71,20765.0,54.0,15.59,2117.0,37.17,1.0,1
La Longueville,MACRON,0.0,0.0,0.0,0.0,0.0,0.0,0.0,24.37,0.0,0
La Madeleine,FILLON,23.3,0.0,13.09,22479.0,72.87,53.31,21253.0,0.0,0.0,0
La Madeleine,MACRON,28.96,1.0,13.09,22479.0,72.87,53.31,21253.0,36.2,1.0,1
La Madeleine,MÉLENCHON,0.0,0.0,0.0,0.0,0.0,0.0,0.0,24.87,0.0,0
La Neuville,FILLON,26.33,1.0,3.57,26524.0,60.37,0.0,654.0,0.0,0.0,0
La Neuville,LE PEN,0.0,0.0,0.0,0.0,0.0,0.0,0.0,25.19,0.0,0
La Neuville,MACRON,24.34,0.0,3.57,26524.0,60.37,0.0,654.0,34.51,1.0,1
La Sentinelle,LE PEN,39.63,1.0,21.62,16963.0,56.6,56.54,3148.0,41.84,1.0,1
La Sentinelle,MÉLENCHON,24.69,0.0,21.62,16963.0,56.6,56.54,3148.0,20.44,0.0,0
Lallaing,LE PEN,43.09,1.0,23.67,16879.0,55.72,30.34,6164.0,49.1,1.0,1
Lallaing,MÉLENCHON,27.6,0.0,23.67,16879.0,55.72,30.34,6164.0,17.28,0.0,0
Lambersart,FILLON,27.25,0.0,11.77,25080.0,69.89,37.48,27618.0,0.0,0.0,0
Lambersart,MACRON,30.43,1.0,11.77,25080.0,69.89,37.48,27618.0,39.74,1.0,1
Lambersart,MÉLENCHON,0.0,0.0,0.0,0.0,0.0,0.0,0.0,21.28,0.0,0
Lambres-lez-Douai,LE PEN,29.34,1.0,16.06,20642.0,55.82,32.8,5152.0,34.63,1.0,1
Lambres-lez-Douai,MACRON,20.07,0.0,16.06,20642.0,55.82,32.8,5152.0,25.39,0.0,0
Landas,FILLON,27.67,1.0,5.38,24021.0,60.95,10.82,2402.0,0.0,0.0,0
Landas,LE PEN,24.32,0.0,5.38,24021.0,60.95,10.82,2402.0,26.33,0.0,0
Landas,MACRON,0.0,0.0,0.0,0.0,0.0,0.0,0.0,32.26,1.0,1
Landrecies,LE PEN,36.16,1.0,27.4,16587.0,56.77,17.47,3491.0,41.15,1.0,1
Landrecies,MACRON,0.0,0.0,0.0,0.0,0.0,0.0,0.0,20.75,0.0,0
Landrecies,MÉLENCHON,21.16,0.0,27.4,16587.0,56.77,17.47,3491.0,0.0,0.0,0
Lannoy,LE PEN,25.94,1.0,15.49,17717.0,61.54,40.53,1752.0,25.86,0.0,0
Lannoy,MACRON,23.06,0.0,15.49,17717.0,61.54,40.53,1752.0,28.22,1.0,1
Larouillies,FILLON,20.69,0.0,18.18,19678.0,51.36,0.0,257.0,0.0,0.0,0
Larouillies,LE PEN,36.55,1.0,18.18,19678.0,51.36,0.0,257.0,37.84,1.0,1
Larouillies,MACRON,0.0,0.0,0.0,0.0,0.0,0.0,0.0,30.41,0.0,0
Lauwin-Planque,LE PEN,31.51,1.0,10.29,21890.0,52.64,32.65,1715.0,34.27,1.0,1
Lauwin-Planque,MACRON,0.0,0.0,0.0,0.0,0.0,0.0,0.0,24.56,0.0,0
Lauwin-Planque,MÉLENCHON,19.63,0.0,10.29,21890.0,52.64,32.65,1715.0,0.0,0.0,0
Le Cateau-Cambrésis,LE PEN,39.48,1.0,30.23,15426.0,59.71,40.53,6983.0,46.53,1.0,1
Le Cateau-Cambrésis,MACRON,0.0,0.0,0.0,0.0,0.0,0.0,0.0,20.95,0.0,0
Le Cateau-Cambrésis,MÉLENCHON,17.84,0.0,30.23,15426.0,59.71,40.53,6983.0,0.0,0.0,0
Le Doulieu,FILLON,24.21,0.0,7.64,22572.0,57.19,0.0,1462.0,0.0,0.0,0
Le Doulieu,LE PEN,25.69,1.0,7.64,22572.0,57.19,0.0,1462.0,27.07,0.0,0
Le Doulieu,MACRON,0.0,0.0,0.0,0.0,0.0,0.0,0.0,32.64,1.0,1
Le Favril,LE PEN,36.43,1.0,9.97,19875.0,54.66,0.0,516.0,38.38,1.0,1
Le Favril,MACRON,0.0,0.0,0.0,0.0,0.0,0.0,0.0,21.13,0.0,0
Le Favril,MÉLENCHON,21.65,0.0,9.97,19875.0,54.66,0.0,516.0,0.0,0.0,0
Le Maisnil,FILLON,37.42,1.0,4.69,29352.0,67.84,0.0,643.0,0.0,0.0,0
Le Maisnil,LE PEN,0.0,0.0,0.0,0.0,0.0,0.0,0.0,14.45,0.0,0
Le Maisnil,MACRON,25.38,0.0,4.69,29352.0,67.84,0.0,643.0,44.99,1.0,1
Le Quesnoy,LE PEN,31.95,1.0,19.42,17500.0,62.78,56.44,5014.0,35.71,1.0,1
Le Quesnoy,MACRON,0.0,0.0,0.0,0.0,0.0,0.0,0.0,23.12,0.0,0
Le Quesnoy,MÉLENCHON,18.5,0.0,19.42,17500.0,62.78,56.44,5014.0,0.0,0.0,0
Lecelles,LE PEN,28.69,1.0,6.04,23588.0,60.43,7.17,2791.0,25.96,0.0,0
Lecelles,MACRON,21.2,0.0,6.04,23588.0,60.43,7.17,2791.0,31.34,1.0,1
Lederzeele,FILLON,25.06,0.0,1.82,20251.0,53.87,0.0,667.0,0.0,0.0,0
Lederzeele,LE PEN,31.74,1.0,1.82,20251.0,53.87,0.0,667.0,37.59,1.0,1
Lederzeele,MACRON,0.0,0.0,0.0,0.0,0.0,0.0,0.0,30.5,0.0,0
Ledringhem,LE PEN,25.36,1.0,9.52,22848.0,52.83,0.0,664.0,29.36,1.0,1
Ledringhem,MACRON,23.22,0.0,9.52,22848.0,52.83,0.0,664.0,28.64,0.0,0
Leers,LE PEN,27.05,1.0,10.98,22309.0,56.27,63.8,9546.0,29.17,0.0,0
Leers,MACRON,22.37,0.0,10.98,22309.0,56.27,63.8,9546.0,31.2,1.0,1
Leffrinckoucke,LE PEN,27.19,1.0,20.27,21099.0,57.58,26.65,4277.0,28.64,0.0,0
Leffrinckoucke,MACRON,0.0,0.0,0.0,0.0,0.0,0.0,0.0,29.34,1.0,1
Leffrinckoucke,MÉLENCHON,20.92,0.0,20.27,21099.0,57.58,26.65,4277.0,0.0,0.0,0
Les Rues-des-Vignes,FILLON,18.45,0.0,8.94,21333.0,51.65,0.0,794.0,0.0,0.0,0
Les Rues-des-Vignes,LE PEN,34.13,1.0,8.94,21333.0,51.65,0.0,794.0,34.79,1.0,1
Les Rues-des-Vignes,MACRON,0.0,0.0,0.0,0.0,0.0,0.0,0.0,25.79,0.0,0
Lesdain,LE PEN,32.05,1.0,4.3,20305.0,56.65,0.0,408.0,36.71,1.0,1
Lesdain,MACRON,24.71,0.0,4.3,20305.0,56.65,0.0,408.0,21.1,0.0,0
Lesquin,LE PEN,24.53,0.0,9.36,23044.0,60.19,80.01,7912.0,24.68,0.0,0
Lesquin,MACRON,24.64,1.0,9.36,23044.0,60.19,80.01,7912.0,33.19,1.0,1
Leval,LE PEN,38.89,1.0,20.16,17558.0,46.24,12.98,2465.0,40.25,1.0,1
Leval,MÉLENCHON,28.96,0.0,20.16,17558.0,46.24,12.98,2465.0,18.74,0.0,0
Lewarde,LE PEN,35.41,1.0,21.47,18598.0,52.28,16.1,2422.0,37.56,1.0,1
Lewarde,MÉLENCHON,26.04,0.0,21.47,18598.0,52.28,16.1,2422.0,19.4,0.0,0
Lez-Fontaine,FILLON,33.09,1.0,9.52,22106.0,53.18,0.0,232.0,0.0,0.0,0
Lez-Fontaine,LE PEN,25.9,0.0,9.52,22106.0,53.18,0.0,232.0,25.53,0.0,0
Lez-Fontaine,MACRON,0.0,0.0,0.0,0.0,0.0,0.0,0.0,29.08,1.0,1
Lezennes,MACRON,22.5,0.0,7.85,23664.0,63.36,89.72,3143.0,25.42,0.0,0
Lezennes,MÉLENCHON,25.05,1.0,7.85,23664.0,63.36,89.72,3143.0,28.13,1.0,1
Liessies,LE PEN,29.3,1.0,15.69,20389.0,54.92,0.0,531.0,36.18,1.0,1
Liessies,MACRON,22.93,0.0,15.69,20389.0,54.92,0.0,531.0,0.0,0.0,0
Liessies,MÉLENCHON,0.0,0.0,0.0,0.0,0.0,0.0,0.0,19.8,0.0,0
Lieu-Saint-Amand,LE PEN,42.61,1.0,14.41,20811.0,51.84,7.55,1325.0,46.84,1.0,1
Lieu-Saint-Amand,MACRON,0.0,0.0,0.0,0.0,0.0,0.0,0.0,17.72,0.0,0
Lieu-Saint-Amand,MÉLENCHON,22.34,0.0,14.41,20811.0,51.84,7.55,1325.0,0.0,0.0,0
Ligny-en-Cambrésis,LE PEN,42.67,1.0,18.62,18542.0,51.52,9.48,1899.0,49.64,1.0,1
Ligny-en-Cambrésis,MACRON,15.6,0.0,18.62,18542.0,51.52,9.48,1899.0,20.84,0.0,0
Lille,MACRON,25.02,0.0,19.78,18424.0,71.93,132.99,232440.0,0.0,0.0,0
Lille,MÉLENCHON,29.92,1.0,19.78,18424.0,71.93,132.99,232440.0,47.4,1.0,1
Lille,MÉLENCHON,29.92,1.0,19.78,18424.0,71.93,132.99,232440.0,36.61,0.0,0
Limont-Fontaine,FILLON,26.04,0.0,13.26,19502.0,48.68,0.0,561.0,0.0,0.0,0
Limont-Fontaine,LE PEN,36.57,1.0,13.26,19502.0,48.68,0.0,561.0,40.4,1.0,1
Limont-Fontaine,MACRON,0.0,0.0,0.0,0.0,0.0,0.0,0.0,22.6,0.0,0
Linselles,FILLON,27.24,1.0,10.3,22802.0,60.52,25.97,8356.0,0.0,0.0,0
Linselles,LE PEN,24.67,0.0,10.3,22802.0,60.52,25.97,8356.0,25.36,0.0,0
Linselles,MACRON,0.0,0.0,0.0,0.0,0.0,0.0,0.0,39.92,1.0,1
Locquignol,FILLON,16.44,0.0,17.07,20665.0,47.81,0.0,370.0,0.0,0.0,0
Locquignol,LE PEN,36.99,1.0,17.07,20665.0,47.81,0.0,370.0,38.3,1.0,1
Locquignol,MACRON,0.0,0.0,0.0,0.0,0.0,0.0,0.0,19.68,0.0,0
Loffre,LE PEN,28.48,1.0,11.55,25217.0,53.37,0.0,737.0,30.99,1.0,1
Loffre,MACRON,24.85,0.0,11.55,25217.0,53.37,0.0,737.0,29.96,0.0,0
Lompret,FILLON,39.9,1.0,7.47,31042.0,70.34,17.82,2301.0,0.0,0.0,0
Lompret,LE PEN,0.0,0.0,0.0,0.0,0.0,0.0,0.0,12.59,0.0,0
Lompret,MACRON,27.45,0.0,7.47,31042.0,70.34,17.82,2301.0,45.05,1.0,1
Looberghe,LE PEN,36.1,1.0,8.82,20366.0,50.23,0.0,1183.0,39.44,1.0,1
Looberghe,MACRON,0.0,0.0,0.0,0.0,0.0,0.0,0.0,22.66,0.0,0
Looberghe,MÉLENCHON,16.75,0.0,8.82,20366.0,50.23,0.0,1183.0,0.0,0.0,0
Loon-Plage,LE PEN,42.5,1.0,14.61,19096.0,52.96,34.31,6209.0,44.23,1.0,1
Loon-Plage,MACRON,0.0,0.0,0.0,0.0,0.0,0.0,0.0,22.2,0.0,0
Loon-Plage,MÉLENCHON,18.0,0.0,14.61,19096.0,52.96,34.31,6209.0,0.0,0.0,0
Loos,LE PEN,26.92,1.0,18.45,17863.0,59.13,50.46,22076.0,24.12,0.0,0
Loos,MÉLENCHON,26.9,0.0,18.45,17863.0,59.13,50.46,22076.0,32.0,1.0,1
Lourches,LE PEN,42.7,1.0,39.29,13708.0,53.46,58.09,3942.0,44.21,1.0,1
Lourches,MÉLENCHON,27.28,0.0,39.29,13708.0,53.46,58.09,3942.0,28.94,0.0,0
Louvignies-Quesnoy,LE PEN,26.36,1.0,12.99,21205.0,56.65,0.0,936.0,33.83,1.0,1
Louvignies-Quesnoy,MACRON,0.0,0.0,0.0,0.0,0.0,0.0,0.0,25.75,0.0,0
Louvignies-Quesnoy,MÉLENCHON,22.96,0.0,12.99,21205.0,56.65,0.0,936.0,0.0,0.0,0
Louvil,FILLON,28.32,0.0,5.46,29563.0,68.4,0.0,828.0,0.0,0.0,0
Louvil,MACRON,35.23,1.0,5.46,29563.0,68.4,0.0,828.0,47.61,1.0,1
Louvil,MÉLENCHON,0.0,0.0,0.0,0.0,0.0,0.0,0.0,12.74,0.0,0
Louvroil,LE PEN,34.45,0.0,37.08,13650.0,52.7,55.81,6558.0,32.65,0.0,0
Louvroil,MÉLENCHON,34.77,1.0,37.08,13650.0,52.7,55.81,6558.0,40.75,1.0,1
Lynde,LE PEN,29.9,1.0,1.27,22205.0,53.02,0.0,750.0,33.07,1.0,1
Lynde,MACRON,23.17,0.0,1.27,22205.0,53.02,0.0,750.0,25.9,0.0,0
Lys-lez-Lannoy,LE PEN,26.07,1.0,14.3,20048.0,56.39,46.33,13340.0,27.39,0.0,0
Lys-lez-Lannoy,MACRON,0.0,0.0,0.0,0.0,0.0,0.0,0.0,29.07,1.0,1
Lys-lez-Lannoy,MÉLENCHON,20.93,0.0,14.3,20048.0,56.39,46.33,13340.0,0.0,0.0,0
Lécluse,LE PEN,44.49,1.0,19.33,18526.0,49.81,19.72,1369.0,45.53,1.0,1
Lécluse,MACRON,0.0,0.0,0.0,0.0,0.0,0.0,0.0,16.82,0.0,0
Lécluse,MÉLENCHON,20.3,0.0,19.33,18526.0,49.81,19.72,1369.0,0.0,0.0,0
Maing,LE PEN,29.62,1.0,15.34,20629.0,56.5,16.94,4074.0,31.9,1.0,1
Maing,MACRON,0.0,0.0,0.0,0.0,0.0,0.0,0.0,24.83,0.0,0
Maing,MÉLENCHON,20.82,0.0,15.34,20629.0,56.5,16.94,4074.0,0.0,0.0,0
Mairieux,FILLON,27.46,0.0,17.2,23563.0,56.96,0.0,740.0,0.0,0.0,0
Mairieux,LE PEN,31.03,1.0,17.2,23563.0,56.96,0.0,740.0,36.1,1.0,1
Mairieux,MACRON,0.0,0.0,0.0,0.0,0.0,0.0,0.0,30.48,0.0,0
Malincourt,FILLON,28.13,0.0,15.38,19590.0,51.19,0.0,512.0,0.0,0.0,0
Malincourt,LE PEN,34.38,1.0,15.38,19590.0,51.19,0.0,512.0,39.78,1.0,1
Malincourt,MACRON,0.0,0.0,0.0,0.0,0.0,0.0,0.0,24.45,0.0,0
Marbaix,FILLON,18.21,0.0,15.2,20549.0,56.38,0.0,487.0,0.0,0.0,0
Marbaix,LE PEN,37.38,1.0,15.2,20549.0,56.38,0.0,487.0,36.13,1.0,1
Marbaix,MACRON,0.0,0.0,0.0,0.0,0.0,0.0,0.0,23.36,0.0,0
Marchiennes,LE PEN,31.91,1.0,12.38,21159.0,57.96,32.44,4593.0,33.71,1.0,1
Marchiennes,MACRON,0.0,0.0,0.0,0.0,0.0,0.0,0.0,25.88,0.0,0
Marchiennes,MÉLENCHON,20.52,0.0,12.38,21159.0,57.96,32.44,4593.0,0.0,0.0,0
Marcoing,LE PEN,34.45,1.0,14.37,20194.0,49.33,6.91,1881.0,42.43,1.0,1
Marcoing,MACRON,0.0,0.0,0.0,0.0,0.0,0.0,0.0,19.48,0.0,0
Marcoing,MÉLENCHON,19.58,0.0,14.37,20194.0,49.33,6.91,1881.0,0.0,0.0,0
Marcq-en-Baroeul,FILLON,36.78,1.0,12.1,26110.0,72.16,57.03,38805.0,0.0,0.0,0
Marcq-en-Baroeul,MACRON,27.02,0.0,12.1,26110.0,72.16,57.03,38805.0,42.07,1.0,1
Marcq-en-Baroeul,MÉLENCHON,0.0,0.0,0.0,0.0,0.0,0.0,0.0,16.15,0.0,0
Marcq-en-Ostrevent,LE PEN,44.84,1.0,10.14,20737.0,51.63,0.0,727.0,48.51,1.0,1
Marcq-en-Ostrevent,MACRON,0.0,0.0,0.0,0.0,0.0,0.0,0.0,19.4,0.0,0
Marcq-en-Ostrevent,MÉLENCHON,19.18,0.0,10.14,20737.0,51.63,0.0,727.0,0.0,0.0,0
Maresches,FILLON,21.4,0.0,10.68,22237.0,56.7,7.25,828.0,0.0,0.0,0
Maresches,LE PEN,31.18,1.0,10.68,22237.0,56.7,7.25,828.0,26.76,0.0,0
Maresches,MACRON,0.0,0.0,0.0,0.0,0.0,0.0,0.0,30.66,1.0,1
Maretz,LE PEN,45.38,1.0,25.19,16359.0,54.46,4.79,1462.0,50.66,1.0,1
Maretz,MACRON,0.0,0.0,0.0,0.0,0.0,0.0,0.0,18.85,0.0,0
Maretz,MÉLENCHON,16.91,0.0,25.19,16359.0,54.46,4.79,1462.0,0.0,0.0,0
Marly,LE PEN,29.45,1.0,21.13,17851.0,56.02,46.8,11495.0,29.33,1.0,1
Marly,MÉLENCHON,25.15,0.0,21.13,17851.0,56.02,46.8,11495.0,23.42,0.0,0
Maroilles,FILLON,19.31,0.0,15.37,18735.0,56.71,5.03,1391.0,0.0,0.0,0
Maroilles,LE PEN,36.85,1.0,15.37,18735.0,56.71,5.03,1391.0,40.07,1.0,1
Maroilles,MACRON,0.0,0.0,0.0,0.0,0.0,0.0,0.0,25.21,0.0,0
Marpent,LE PEN,42.05,1.0,24.31,17457.0,49.88,22.12,2758.0,45.62,1.0,1
Marpent,MACRON,0.0,0.0,0.0,0.0,0.0,0.0,0.0,17.68,0.0,0
Marpent,MÉLENCHON,20.49,0.0,24.31,17457.0,49.88,22.12,2758.0,0.0,0.0,0
Marquette-en-Ostrevant,LE PEN,41.61,1.0,12.05,18757.0,54.08,6.45,1861.0,48.77,1.0,1
Marquette-en-Ostrevant,MACRON,0.0,0.0,0.0,0.0,0.0,0.0,0.0,18.89,0.0,0
Marquette-en-Ostrevant,MÉLENCHON,21.22,0.0,12.05,18757.0,54.08,6.45,1861.0,0.0,0.0,0
Marquette-lez-Lille,LE PEN,24.38,0.0,13.87,22099.0,62.26,42.5,10424.0,24.28,0.0,0
Marquette-lez-Lille,MACRON,25.76,1.0,13.87,22099.0,62.26,42.5,10424.0,34.17,1.0,1
Marquillies,FILLON,22.36,0.0,9.95,23975.0,61.34,5.54,1986.0,0.0,0.0,0
Marquillies,LE PEN,24.47,1.0,9.95,23975.0,61.34,5.54,1986.0,26.49,0.0,0
Marquillies,MACRON,0.0,0.0,0.0,0.0,0.0,0.0,0.0,30.72,1.0,1
Masnières,LE PEN,36.77,1.0,16.74,18409.0,50.7,12.2,2704.0,39.05,1.0,1
Masnières,MACRON,0.0,0.0,0.0,0.0,0.0,0.0,0.0,20.89,0.0,0
Masnières,MÉLENCHON,24.92,0.0,16.74,18409.0,50.7,12.2,2704.0,0.0,0.0,0
Masny,LE PEN,36.33,1.0,29.07,16362.0,52.34,23.23,4132.0,41.25,1.0,1
Masny,MÉLENCHON,29.24,0.0,29.07,16362.0,52.34,23.23,4132.0,22.57,0.0,0
Mastaing,LE PEN,38.99,1.0,13.92,21217.0,49.93,0.0,853.0,44.14,1.0,1
Mastaing,MACRON,0.0,0.0,0.0,0.0,0.0,0.0,0.0,23.24,0.0,0
Mastaing,MÉLENCHON,17.48,0.0,13.92,21217.0,49.93,0.0,853.0,0.0,0.0,0
Maubeuge,LE PEN,31.17,1.0,34.22,14920.0,57.84,64.32,29679.0,31.26,0.0,0
Maubeuge,MÉLENCHON,26.8,0.0,34.22,14920.0,57.84,64.32,29679.0,34.77,1.0,1
Maulde,FILLON,20.74,0.0,15.31,21069.0,56.91,0.0,1016.0,0.0,0.0,0
Maulde,LE PEN,34.89,1.0,15.31,21069.0,56.91,0.0,1016.0,31.55,1.0,1
Maulde,ROUSSEL,0.0,0.0,0.0,0.0,0.0,0.0,0.0,22.28,0.0,0
Maurois,LE PEN,55.49,1.0,23.03,17707.0,53.62,0.0,391.0,54.11,1.0,1
Maurois,MACRON,13.74,0.0,23.03,17707.0,53.62,0.0,391.0,23.19,0.0,0
Mazinghien,FILLON,17.3,0.0,14.29,19410.0,58.59,0.0,306.0,0.0,0.0,0
Mazinghien,LE PEN,42.7,1.0,14.29,19410.0,58.59,0.0,306.0,42.95,1.0,1
Mazinghien,MACRON,0.0,0.0,0.0,0.0,0.0,0.0,0.0,17.95,0.0,0
Mecquignies,LE PEN,38.62,1.0,10.17,21739.0,55.24,0.0,692.0,41.13,1.0,1
Mecquignies,MACRON,0.0,0.0,0.0,0.0,0.0,0.0,0.0,22.37,0.0,0
Mecquignies,MÉLENCHON,16.4,0.0,10.17,21739.0,55.24,0.0,692.0,0.0,0.0,0
Merckeghem,FILLON,20.84,0.0,6.9,22474.0,48.39,0.0,586.0,0.0,0.0,0
Merckeghem,LE PEN,33.75,1.0,6.9,22474.0,48.39,0.0,586.0,39.14,1.0,1
Merckeghem,MACRON,0.0,0.0,0.0,0.0,0.0,0.0,0.0,26.81,0.0,0
Merris,FILLON,25.81,0.0,4.3,23385.0,57.7,0.0,1025.0,0.0,0.0,0
Merris,LE PEN,28.17,1.0,4.3,23385.0,57.7,0.0,1025.0,27.82,0.0,0
Merris,MACRON,0.0,0.0,0.0,0.0,0.0,0.0,0.0,31.68,1.0,1
Merville,LE PEN,37.76,1.0,14.22,18437.0,52.54,37.7,9842.0,42.57,1.0,1
Merville,MACRON,0.0,0.0,0.0,0.0,0.0,0.0,0.0,21.25,0.0,0
Merville,MÉLENCHON,20.67,0.0,14.22,18437.0,52.54,37.7,9842.0,0.0,0.0,0
Millam,FILLON,19.22,0.0,10.0,20911.0,53.09,0.0,809.0,0.0,0.0,0
Millam,LE PEN,34.12,1.0,10.0,20911.0,53.09,0.0,809.0,38.65,1.0,1
Millam,MACRON,0.0,0.0,0.0,0.0,0.0,0.0,0.0,25.3,0.0,0
Millonfosse,LE PEN,33.69,1.0,7.14,22864.0,51.34,0.0,708.0,28.15,0.0,0
Millonfosse,MACRON,0.0,0.0,0.0,0.0,0.0,0.0,0.0,28.38,1.0,1
Millonfosse,MÉLENCHON,19.31,0.0,7.14,22864.0,51.34,0.0,708.0,0.0,0.0,0
Moeuvres,LE PEN,53.1,1.0,14.29,19322.0,53.7,0.0,459.0,52.87,1.0,1
Moeuvres,MACRON,15.86,0.0,14.29,19322.0,53.7,0.0,459.0,17.62,0.0,0
Monceau-Saint-Waast,FILLON,22.73,0.0,11.73,21159.0,52.66,0.0,495.0,0.0,0.0,0
Monceau-Saint-Waast,LE PEN,35.61,1.0,11.73,21159.0,52.66,0.0,495.0,37.1,1.0,1
Monceau-Saint-Waast,MACRON,0.0,0.0,0.0,0.0,0.0,0.0,0.0,30.32,0.0,0
Monchaux-sur-Ecaillon,FILLON,22.94,0.0,1.69,24192.0,58.72,0.0,542.0,0.0,0.0,0
Monchaux-sur-Ecaillon,LE PEN,31.42,1.0,1.69,24192.0,58.72,0.0,542.0,34.85,1.0,1
Monchaux-sur-Ecaillon,MACRON,0.0,0.0,0.0,0.0,0.0,0.0,0.0,31.06,0.0,0
Moncheaux,LE PEN,25.32,0.0,7.09,24740.0,58.56,17.21,1511.0,25.1,0.0,0
Moncheaux,MACRON,26.52,1.0,7.09,24740.0,58.56,17.21,1511.0,34.66,1.0,1
Monchecourt,LE PEN,40.36,1.0,17.23,18564.0,53.29,15.24,2493.0,47.51,1.0,1
Monchecourt,MÉLENCHON,24.3,0.0,17.23,18564.0,53.29,15.24,2493.0,16.69,0.0,0
Mons-en-Baroeul,MACRON,23.37,0.0,20.37,17438.0,64.46,46.46,20855.0,24.71,0.0,0
Mons-en-Baroeul,MÉLENCHON,28.71,1.0,20.37,17438.0,64.46,46.46,20855.0,38.62,1.0,1
Mons-en-Pévèle,FILLON,25.38,1.0,7.18,25197.0,62.47,8.94,2125.0,0.0,0.0,0
Mons-en-Pévèle,LE PEN,0.0,0.0,0.0,0.0,0.0,0.0,0.0,20.78,0.0,0
Mons-en-Pévèle,MACRON,22.29,0.0,7.18,25197.0,62.47,8.94,2125.0,36.81,1.0,1
Montay,LE PEN,42.39,1.0,13.64,17661.0,54.24,0.0,306.0,46.88,1.0,1
Montay,MACRON,0.0,0.0,0.0,0.0,0.0,0.0,0.0,18.12,0.0,0
Montay,MÉLENCHON,20.65,0.0,13.64,17661.0,54.24,0.0,306.0,0.0,0.0,0
Montigny-en-Cambrésis,LE PEN,41.34,1.0,12.5,19791.0,57.63,0.0,564.0,39.42,1.0,1
Montigny-en-Cambrésis,MACRON,19.38,0.0,12.5,19791.0,57.63,0.0,564.0,23.48,0.0,0
Montigny-en-Ostrevent,LE PEN,35.42,1.0,20.89,17638.0,54.69,20.89,4786.0,39.96,1.0,1
Montigny-en-Ostrevent,MÉLENCHON,25.34,0.0,20.89,17638.0,54.69,20.89,4786.0,20.86,0.0,0
Montrécourt,FILLON,18.79,0.0,12.73,22173.0,52.73,0.0,228.0,0.0,0.0,0
Montrécourt,LE PEN,34.23,1.0,12.73,22173.0,52.73,0.0,228.0,39.19,1.0,1
Montrécourt,MACRON,0.0,0.0,0.0,0.0,0.0,0.0,0.0,25.68,0.0,0
Morbecque,FILLON,20.65,0.0,12.64,21652.0,56.23,15.65,2556.0,0.0,0.0,0
Morbecque,LE PEN,26.98,1.0,12.64,21652.0,56.23,15.65,2556.0,31.28,1.0,1
Morbecque,MACRON,0.0,0.0,0.0,0.0,0.0,0.0,0.0,28.41,0.0,0
Mortagne-du-Nord,LE PEN,41.43,1.0,24.44,17280.0,62.85,34.1,1642.0,39.89,1.0,1
Mortagne-du-Nord,MÉLENCHON,22.89,0.0,24.44,17280.0,62.85,34.1,1642.0,0.0,0.0,0
Mortagne-du-Nord,ROUSSEL,0.0,0.0,0.0,0.0,0.0,0.0,0.0,17.13,0.0,0
Mouchin,FILLON,26.78,1.0,10.22,25207.0,57.01,5.01,1397.0,0.0,0.0,0
Mouchin,LE PEN,22.08,0.0,10.22,25207.0,57.01,5.01,1397.0,24.91,0.0,0
Mouchin,MACRON,0.0,0.0,0.0,0.0,0.0,0.0,0.0,34.88,1.0,1
Moustier-en-Fagne,MACRON,25.0,1.0,12.73,20770.0,66.66,0.0,61.0,23.33,0.0,0
Moustier-en-Fagne,MÉLENCHON,25.0,0.0,12.73,20770.0,66.66,0.0,61.0,30.0,1.0,1
Mouvaux,FILLON,42.01,1.0,11.21,25906.0,69.2,36.7,13326.0,0.0,0.0,0
Mouvaux,LE PEN,0.0,0.0,0.0,0.0,0.0,0.0,0.0,14.89,0.0,0
Mouvaux,MACRON,23.34,0.0,11.21,25906.0,69.2,36.7,13326.0,44.37,1.0,1
Mérignies,FILLON,40.83,1.0,8.14,32015.0,68.35,28.69,2998.0,0.0,0.0,0
Mérignies,LE PEN,0.0,0.0,0.0,0.0,0.0,0.0,0.0,17.82,0.0,0
Mérignies,MACRON,25.97,0.0,8.14,32015.0,68.35,28.69,2998.0,47.58,1.0,1
Méteren,FILLON,23.79,0.0,11.21,22408.0,57.36,13.6,2279.0,0.0,0.0,0
Méteren,LE PEN,26.87,1.0,11.21,22408.0,57.36,13.6,2279.0,28.39,0.0,0
Méteren,MACRON,0.0,0.0,0.0,0.0,0.0,0.0,0.0,34.58,1.0,1
Naves,LE PEN,31.91,1.0,18.52,20325.0,54.91,0.0,637.0,37.44,1.0,1
Naves,MACRON,0.0,0.0,0.0,0.0,0.0,0.0,0.0,21.36,0.0,0
Naves,MÉLENCHON,18.34,0.0,18.52,20325.0,54.91,0.0,637.0,0.0,0.0,0
Neuf-Berquin,LE PEN,31.15,1.0,10.28,21246.0,53.09,0.0,1219.0,38.11,1.0,1
Neuf-Berquin,MACRON,20.26,0.0,10.28,21246.0,53.09,0.0,1219.0,22.92,0.0,0
Neuf-Mesnil,LE PEN,43.09,1.0,23.15,17096.0,48.19,0.0,1337.0,46.47,1.0,1
Neuf-Mesnil,MÉLENCHON,22.73,0.0,23.15,17096.0,48.19,0.0,1337.0,19.62,0.0,0
Neuville-Saint-Rémy,LE PEN,35.72,1.0,21.03,18193.0,57.16,11.03,3807.0,40.62,1.0,1
Neuville-Saint-Rémy,MACRON,0.0,0.0,0.0,0.0,0.0,0.0,0.0,24.21,0.0,0
Neuville-Saint-Rémy,MÉLENCHON,18.91,0.0,21.03,18193.0,57.16,11.03,3807.0,0.0,0.0,0
Neuville-en-Avesnois,LE PEN,25.23,1.0,11.11,23291.0,54.16,0.0,305.0,30.06,1.0,1
Neuville-en-Avesnois,MACRON,22.43,0.0,11.11,23291.0,54.16,0.0,305.0,23.7,0.0,0
Neuville-en-Ferrain,LE PEN,27.03,1.0,10.39,22743.0,56.3,37.22,10371.0,27.48,0.0,0
Neuville-en-Ferrain,MACRON,23.17,0.0,10.39,22743.0,56.3,37.22,10371.0,34.2,1.0,1
Neuville-sur-Escaut,LE PEN,42.9,1.0,14.57,18006.0,51.75,17.03,2701.0,45.58,1.0,1
Neuville-sur-Escaut,MACRON,0.0,0.0,0.0,0.0,0.0,0.0,0.0,15.67,0.0,0
Neuville-sur-Escaut,MÉLENCHON,27.45,0.0,14.57,18006.0,51.75,17.03,2701.0,0.0,0.0,0
Neuvilly,FILLON,17.83,0.0,18.79,17284.0,52.46,4.44,1125.0,0.0,0.0,0
Neuvilly,LE PEN,45.98,1.0,18.79,17284.0,52.46,4.44,1125.0,50.35,1.0,1
Neuvilly,MACRON,0.0,0.0,0.0,0.0,0.0,0.0,0.0,15.14,0.0,0
Nieppe,LE PEN,28.18,1.0,12.52,21279.0,56.61,44.84,7449.0,29.98,1.0,1
Nieppe,MACRON,20.0,0.0,12.52,21279.0,56.61,44.84,7449.0,29.73,0.0,0
Niergnies,FILLON,29.27,1.0,3.7,23342.0,53.71,0.0,510.0,0.0,0.0,0
Niergnies,LE PEN,23.85,0.0,3.7,23342.0,53.71,0.0,510.0,27.25,0.0,0
Niergnies,MACRON,0.0,0.0,0.0,0.0,0.0,0.0,0.0,31.59,1.0,1
Nieurlet,LE PEN,41.23,1.0,7.14,17470.0,52.64,0.0,951.0,43.11,1.0,1
Nieurlet,MACRON,17.89,0.0,7.14,17470.0,52.64,0.0,951.0,18.96,0.0,0
Nivelle,FILLON,20.38,0.0,9.34,23651.0,60.33,0.0,1301.0,0.0,0.0,0
Nivelle,LE PEN,31.4,1.0,9.34,23651.0,60.33,0.0,1301.0,29.67,1.0,1
Nivelle,MACRON,0.0,0.0,0.0,0.0,0.0,0.0,0.0,25.09,0.0,0
Nomain,FILLON,28.02,1.0,8.63,24834.0,58.89,13.22,2497.0,0.0,0.0,0
Nomain,LE PEN,0.0,0.0,0.0,0.0,0.0,0.0,0.0,21.26,0.0,0
Nomain,MACRON,22.97,0.0,8.63,24834.0,58.89,13.22,2497.0,36.53,1.0,1
Noordpeene,FILLON,19.85,0.0,10.13,18380.0,51.91,0.0,789.0,0.0,0.0,0
Noordpeene,LE PEN,31.69,1.0,10.13,18380.0,51.91,0.0,789.0,33.74,1.0,1
Noordpeene,MACRON,0.0,0.0,0.0,0.0,0.0,0.0,0.0,24.44,0.0,0
Noyelles-lès-Seclin,FILLON,23.78,0.0,5.88,25430.0,62.71,6.83,879.0,0.0,0.0,0
Noyelles-lès-Seclin,MACRON,25.97,1.0,5.88,25430.0,62.71,6.83,879.0,38.05,1.0,1
Noyelles-lès-Seclin,MÉLENCHON,0.0,0.0,0.0,0.0,0.0,0.0,0.0,18.38,0.0,0
Noyelles-sur-Escaut,LE PEN,34.7,1.0,16.9,20748.0,48.95,0.0,784.0,39.55,1.0,1
Noyelles-sur-Escaut,MACRON,19.51,0.0,16.9,20748.0,48.95,0.0,784.0,23.73,0.0,0
Noyelles-sur-Sambre,LE PEN,31.55,1.0,3.23,20590.0,52.1,0.0,288.0,34.46,1.0,1
Noyelles-sur-Sambre,MACRON,21.39,0.0,3.23,20590.0,52.1,0.0,288.0,27.12,0.0,0
Noyelles-sur-Selle,LE PEN,41.49,1.0,7.69,20015.0,46.36,0.0,711.0,46.55,1.0,1
Noyelles-sur-Selle,MACRON,0.0,0.0,0.0,0.0,0.0,0.0,0.0,15.6,0.0,0
Noyelles-sur-Selle,MÉLENCHON,20.0,0.0,7.69,20015.0,46.36,0.0,711.0,0.0,0.0,0
Obies,FILLON,22.59,0.0,12.73,22323.0,55.04,0.0,710.0,0.0,0.0,0
Obies,LE PEN,28.24,1.0,12.73,22323.0,55.04,0.0,710.0,30.96,0.0,0
Obies,MACRON,0.0,0.0,0.0,0.0,0.0,0.0,0.0,32.74,1.0,1
Obrechies,LE PEN,38.86,1.0,19.18,23234.0,51.28,0.0,268.0,41.84,1.0,1
Obrechies,MACRON,19.69,0.0,19.18,23234.0,51.28,0.0,268.0,26.53,0.0,0
Ochtezeele,LE PEN,26.32,1.0,6.45,22752.0,59.0,0.0,383.0,33.01,1.0,1
Ochtezeele,MACRON,23.08,0.0,6.45,22752.0,59.0,0.0,383.0,28.16,0.0,0
Odomez,LE PEN,40.44,1.0,13.16,19360.0,57.8,0.0,932.0,36.4,1.0,1
Odomez,MACRON,0.0,0.0,0.0,0.0,0.0,0.0,0.0,17.98,0.0,0
Odomez,MÉLENCHON,17.51,0.0,13.16,19360.0,57.8,0.0,932.0,0.0,0.0,0
Ohain,LE PEN,42.18,1.0,14.16,18479.0,54.91,10.8,1204.0,45.66,1.0,1
Ohain,MACRON,0.0,0.0,0.0,0.0,0.0,0.0,0.0,19.29,0.0,0
Ohain,MÉLENCHON,16.54,0.0,14.16,18479.0,54.91,10.8,1204.0,0.0,0.0,0
Oisy,FILLON,21.88,0.0,5.18,24791.0,56.68,0.0,596.0,0.0,0.0,0
Oisy,LE PEN,25.28,1.0,5.18,24791.0,56.68,0.0,596.0,34.32,1.0,1
Oisy,MACRON,0.0,0.0,0.0,0.0,0.0,0.0,0.0,26.49,0.0,0
Onnaing,LE PEN,38.47,1.0,20.89,16910.0,50.75,51.13,8782.0,40.21,1.0,1
Onnaing,MÉLENCHON,24.38,0.0,20.89,16910.0,50.75,51.13,8782.0,18.9,0.0,0
Oost-Cappel,FILLON,19.78,0.0,5.22,18992.0,47.38,0.0,471.0,0.0,0.0,0
Oost-Cappel,LE PEN,37.69,1.0,5.22,18992.0,47.38,0.0,471.0,41.47,1.0,1
Oost-Cappel,MACRON,0.0,0.0,0.0,0.0,0.0,0.0,0.0,22.87,0.0,0
Orchies,LE PEN,29.34,1.0,15.48,20510.0,58.76,53.51,8634.0,32.63,1.0,1
Orchies,MACRON,21.08,0.0,15.48,20510.0,58.76,53.51,8634.0,25.85,0.0,0
Ors,LE PEN,40.45,1.0,18.87,19634.0,48.6,0.0,651.0,36.76,1.0,1
Ors,MACRON,0.0,0.0,0.0,0.0,0.0,0.0,0.0,18.51,0.0,0
Ors,MÉLENCHON,18.84,0.0,18.87,19634.0,48.6,0.0,651.0,0.0,0.0,0
Orsinval,FILLON,25.07,0.0,8.62,24737.0,56.1,0.0,545.0,0.0,0.0,0
Orsinval,LE PEN,27.76,1.0,8.62,24737.0,56.1,0.0,545.0,27.54,0.0,0
Orsinval,MACRON,0.0,0.0,0.0,0.0,0.0,0.0,0.0,29.14,1.0,1
Ostricourt,LE PEN,31.61,1.0,21.33,17126.0,55.22,55.63,5375.0,33.59,1.0,1
Ostricourt,MÉLENCHON,25.83,0.0,21.33,17126.0,55.22,55.63,5375.0,31.27,0.0,0
Oudezeele,LE PEN,30.84,1.0,8.32,20660.0,56.58,0.0,685.0,33.09,1.0,1
Oudezeele,MACRON,18.31,0.0,8.32,20660.0,56.58,0.0,685.0,27.34,0.0,0
Oxelaëre,FILLON,34.97,1.0,9.26,20798.0,56.77,0.0,528.0,0.0,0.0,0
Oxelaëre,LE PEN,24.28,0.0,9.26,20798.0,56.77,0.0,528.0,25.24,0.0,0
Oxelaëre,MACRON,0.0,0.0,0.0,0.0,0.0,0.0,0.0,33.87,1.0,1
Paillencourt,LE PEN,36.29,1.0,13.25,20767.0,51.49,0.0,992.0,39.47,1.0,1
Paillencourt,MACRON,0.0,0.0,0.0,0.0,0.0,0.0,0.0,24.54,0.0,0
Paillencourt,MÉLENCHON,18.7,0.0,13.25,20767.0,51.49,0.0,992.0,0.0,0.0,0
Pecquencourt,LE PEN,40.76,1.0,25.29,16734.0,52.14,42.86,5973.0,46.09,1.0,1
Pecquencourt,MÉLENCHON,25.17,0.0,25.29,16734.0,52.14,42.86,5973.0,21.13,0.0,0
Petit-Fayt,FILLON,23.47,0.0,23.33,20578.0,51.57,0.0,305.0,0.0,0.0,0
Petit-Fayt,LE PEN,38.78,1.0,23.33,20578.0,51.57,0.0,305.0,42.27,1.0,1
Petit-Fayt,MACRON,0.0,0.0,0.0,0.0,0.0,0.0,0.0,19.07,0.0,0
Petite-Forêt,LE PEN,40.98,1.0,16.99,19119.0,52.73,70.9,4894.0,40.6,1.0,1
Petite-Forêt,MACRON,0.0,0.0,0.0,0.0,0.0,0.0,0.0,18.7,0.0,0
Petite-Forêt,MÉLENCHON,22.6,0.0,16.99,19119.0,52.73,70.9,4894.0,0.0,0.0,0
Phalempin,FILLON,24.46,0.0,9.96,24339.0,62.14,45.2,4757.0,0.0,0.0,0
Phalempin,LE PEN,0.0,0.0,0.0,0.0,0.0,0.0,0.0,21.68,0.0,0
Phalempin,MACRON,24.82,1.0,9.96,24339.0,62.14,45.2,4757.0,36.05,1.0,1
Pitgam,FILLON,24.68,0.0,13.0,21158.0,53.08,0.0,958.0,0.0,0.0,0
Pitgam,LE PEN,36.94,1.0,13.0,21158.0,53.08,0.0,958.0,39.66,1.0,1
Pitgam,MACRON,0.0,0.0,0.0,0.0,0.0,0.0,0.0,28.81,0.0,0
Poix-du-Nord,LE PEN,44.85,1.0,21.35,16413.0,56.26,7.28,2199.0,50.44,1.0,1
Poix-du-Nord,MACRON,0.0,0.0,0.0,0.0,0.0,0.0,0.0,18.92,0.0,0
Poix-du-Nord,MÉLENCHON,15.06,0.0,21.35,16413.0,56.26,7.28,2199.0,0.0,0.0,0
Pommereuil,FILLON,16.79,0.0,15.29,18253.0,53.57,0.0,774.0,0.0,0.0,0
Pommereuil,LE PEN,47.24,1.0,15.29,18253.0,53.57,0.0,774.0,51.73,1.0,1
Pommereuil,MACRON,0.0,0.0,0.0,0.0,0.0,0.0,0.0,19.06,0.0,0
Pont-sur-Sambre,LE PEN,33.87,1.0,18.5,18242.0,50.59,15.34,2542.0,39.31,1.0,1
Pont-sur-Sambre,MACRON,0.0,0.0,0.0,0.0,0.0,0.0,0.0,23.16,0.0,0
Pont-sur-Sambre,MÉLENCHON,19.34,0.0,18.5,18242.0,50.59,15.34,2542.0,0.0,0.0,0
Pont-à-Marcq,LE PEN,24.76,0.0,7.53,23731.0,63.21,22.45,2895.0,25.41,0.0,0
Pont-à-Marcq,MACRON,25.41,1.0,7.53,23731.0,63.21,22.45,2895.0,34.78,1.0,1
Potelle,FILLON,28.4,1.0,3.23,24521.0,55.48,0.0,379.0,0.0,0.0,0
Potelle,LE PEN,24.9,0.0,3.23,24521.0,55.48,0.0,379.0,24.91,0.0,0
Potelle,MACRON,0.0,0.0,0.0,0.0,0.0,0.0,0.0,29.12,1.0,1
Pradelles,LE PEN,37.18,1.0,2.56,23502.0,57.81,0.0,385.0,33.72,1.0,1
Pradelles,MACRON,21.79,0.0,2.56,23502.0,57.81,0.0,385.0,33.33,0.0,0
Preux-au-Bois,LE PEN,31.21,1.0,13.69,18284.0,56.94,0.0,845.0,36.65,1.0,1
Preux-au-Bois,MACRON,0.0,0.0,0.0,0.0,0.0,0.0,0.0,21.95,0.0,0
Preux-au-Bois,MÉLENCHON,21.07,0.0,13.69,18284.0,56.94,0.0,845.0,0.0,0.0,0
Preux-au-Sart,FILLON,26.04,0.0,11.43,22127.0,60.19,0.0,309.0,0.0,0.0,0
Preux-au-Sart,LE PEN,29.59,1.0,11.43,22127.0,60.19,0.0,309.0,30.86,1.0,1
Preux-au-Sart,MACRON,0.0,0.0,0.0,0.0,0.0,0.0,0.0,29.14,0.0,0
Prisches,FILLON,20.87,0.0,3.94,17410.0,58.53,0.0,1081.0,0.0,0.0,0
Prisches,LE PEN,33.98,1.0,3.94,17410.0,58.53,0.0,1081.0,37.18,1.0,1
Prisches,MACRON,0.0,0.0,0.0,0.0,0.0,0.0,0.0,21.39,0.0,0
Prouvy,LE PEN,39.05,1.0,16.27,19512.0,52.65,43.67,2290.0,38.65,1.0,1
Prouvy,MACRON,0.0,0.0,0.0,0.0,0.0,0.0,0.0,19.01,0.0,0
Prouvy,MÉLENCHON,24.42,0.0,16.27,19512.0,52.65,43.67,2290.0,0.0,0.0,0
Proville,FILLON,22.77,0.0,19.18,21303.0,53.87,23.38,3165.0,0.0,0.0,0
Proville,LE PEN,28.68,1.0,19.18,21303.0,53.87,23.38,3165.0,32.93,1.0,1
Proville,MACRON,0.0,0.0,0.0,0.0,0.0,0.0,0.0,29.62,0.0,0
Provin,LE PEN,35.93,1.0,11.33,20488.0,55.46,16.74,4242.0,39.35,1.0,1
Provin,MACRON,18.69,0.0,11.33,20488.0,55.46,16.74,4242.0,23.44,0.0,0
Prémesques,FILLON,27.32,1.0,7.35,25162.0,63.67,25.72,2138.0,0.0,0.0,0
Prémesques,LE PEN,0.0,0.0,0.0,0.0,0.0,0.0,0.0,21.45,0.0,0
Prémesques,MACRON,23.84,0.0,7.35,25162.0,63.67,25.72,2138.0,37.23,1.0,1
Préseau,LE PEN,25.83,1.0,10.31,22941.0,56.97,10.42,1920.0,29.86,1.0,1
Préseau,MACRON,23.43,0.0,10.31,22941.0,56.97,10.42,1920.0,28.4,0.0,0
Pérenchies,LE PEN,27.53,1.0,11.43,21236.0,60.97,34.78,8366.0,28.12,0.0,0
Pérenchies,MACRON,20.29,0.0,11.43,21236.0,60.97,34.78,8366.0,29.54,1.0,1
Péronne-en-Mélantois,FILLON,30.17,1.0,5.31,28066.0,64.62,9.97,903.0,0.0,0.0,0
Péronne-en-Mélantois,LE PEN,0.0,0.0,0.0,0.0,0.0,0.0,0.0,20.66,0.0,0
Péronne-en-Mélantois,MACRON,22.2,0.0,5.31,28066.0,64.62,9.97,903.0,36.28,1.0,1
Quarouble,LE PEN,37.97,1.0,14.69,19762.0,49.49,21.23,3015.0,41.01,1.0,1
Quarouble,MACRON,0.0,0.0,0.0,0.0,0.0,0.0,0.0,19.88,0.0,0
Quarouble,MÉLENCHON,18.05,0.0,14.69,19762.0,49.49,21.23,3015.0,0.0,0.0,0
Quaëdypre,FILLON,27.77,0.0,7.91,22526.0,51.73,10.2,1078.0,0.0,0.0,0
Quaëdypre,LE PEN,33.9,1.0,7.91,22526.0,51.73,10.2,1078.0,32.47,1.0,1
Quaëdypre,MACRON,0.0,0.0,0.0,0.0,0.0,0.0,0.0,30.04,0.0,0
Quesnoy-sur-Deûle,FILLON,24.57,1.0,9.12,23323.0,61.77,28.91,6780.0,0.0,0.0,0
Quesnoy-sur-Deûle,LE PEN,0.0,0.0,0.0,0.0,0.0,0.0,0.0,24.84,0.0,0
Quesnoy-sur-Deûle,MACRON,23.69,0.0,9.12,23323.0,61.77,28.91,6780.0,35.65,1.0,1
Quiévelon,FILLON,29.13,0.0,47.37,21329.0,50.94,0.0,129.0,0.0,0.0,0
Quiévelon,LE PEN,33.01,1.0,47.37,21329.0,50.94,0.0,129.0,34.57,1.0,1
Quiévelon,MACRON,0.0,0.0,0.0,0.0,0.0,0.0,0.0,30.86,0.0,0
Quiévrechain,LE PEN,37.15,1.0,31.17,14945.0,52.36,56.62,6358.0,38.32,1.0,1
Quiévrechain,MÉLENCHON,28.57,0.0,31.17,14945.0,52.36,56.62,6358.0,29.45,0.0,0
Quiévy,LE PEN,43.54,1.0,22.88,18615.0,54.71,4.53,1765.0,49.6,1.0,1
Quiévy,MACRON,0.0,0.0,0.0,0.0,0.0,0.0,0.0,19.8,0.0,0
Quiévy,MÉLENCHON,16.36,0.0,22.88,18615.0,54.71,4.53,1765.0,0.0,0.0,0
Quérénaing,LE PEN,28.06,1.0,12.79,23759.0,56.33,0.0,905.0,29.47,1.0,1
Quérénaing,MACRON,21.6,0.0,12.79,23759.0,56.33,0.0,905.0,28.71,0.0,0
Radinghem-en-Weppes,FILLON,35.02,1.0,7.05,28835.0,64.15,10.99,1365.0,0.0,0.0,0
Radinghem-en-Weppes,LE PEN,0.0,0.0,0.0,0.0,0.0,0.0,0.0,16.88,0.0,0
Radinghem-en-Weppes,MACRON,27.53,0.0,7.05,28835.0,64.15,10.99,1365.0,43.72,1.0,1
Raillencourt-Sainte-Olle,LE PEN,32.75,1.0,20.82,20519.0,55.51,15.43,2268.0,37.43,1.0,1
Raillencourt-Sainte-Olle,MACRON,20.91,0.0,20.82,20519.0,55.51,15.43,2268.0,30.23,0.0,0
Raimbeaucourt,LE PEN,33.27,1.0,12.34,21494.0,55.14,21.7,4055.0,35.65,1.0,1
Raimbeaucourt,MACRON,18.58,0.0,12.34,21494.0,55.14,21.7,4055.0,24.23,0.0,0
Rainsars,FILLON,23.57,0.0,13.33,20875.0,44.76,0.0,184.0,0.0,0.0,0
Rainsars,LE PEN,38.57,1.0,13.33,20875.0,44.76,0.0,184.0,45.04,1.0,1
Rainsars,MACRON,0.0,0.0,0.0,0.0,0.0,0.0,0.0,18.32,0.0,0
Raismes,LE PEN,39.53,1.0,27.79,15916.0,54.16,54.9,12642.0,39.69,1.0,1
Raismes,MÉLENCHON,26.53,0.0,27.79,15916.0,54.16,54.9,12642.0,18.62,0.0,0
Ramillies,LE PEN,38.79,1.0,19.64,19593.0,47.51,0.0,597.0,44.29,1.0,1
Ramillies,MACRON,17.94,0.0,19.64,19593.0,47.51,0.0,597.0,20.06,0.0,0
Ramousies,LE PEN,30.71,1.0,11.11,18066.0,43.93,0.0,229.0,45.67,1.0,1
Ramousies,MACRON,21.43,0.0,11.11,18066.0,43.93,0.0,229.0,25.2,0.0,0
Raucourt-au-Bois,LE PEN,40.66,1.0,17.65,20920.0,50.77,0.0,173.0,36.14,1.0,1
Raucourt-au-Bois,MACRON,0.0,0.0,0.0,0.0,0.0,0.0,0.0,24.1,0.0,0
Raucourt-au-Bois,MÉLENCHON,19.78,0.0,17.65,20920.0,50.77,0.0,173.0,0.0,0.0,0
Recquignies,LE PEN,43.96,1.0,29.25,16768.0,52.45,9.16,2401.0,48.03,1.0,1
Recquignies,MÉLENCHON,22.29,0.0,29.25,16768.0,52.45,9.16,2401.0,17.29,0.0,0
Rejet-de-Beaulieu,FILLON,20.65,0.0,9.09,18068.0,57.15,0.0,270.0,0.0,0.0,0
Rejet-de-Beaulieu,LE PEN,54.84,1.0,9.09,18068.0,57.15,0.0,270.0,54.74,1.0,1
Rejet-de-Beaulieu,MACRON,0.0,0.0,0.0,0.0,0.0,0.0,0.0,18.25,0.0,0
Renescure,LE PEN,30.54,1.0,7.79,20960.0,57.98,4.31,2089.0,37.63,1.0,1
Renescure,MACRON,21.15,0.0,7.79,20960.0,57.98,4.31,2089.0,32.25,0.0,0
Reumont,FILLON,21.74,0.0,21.29,18083.0,52.22,0.0,368.0,0.0,0.0,0
Reumont,LE PEN,33.82,1.0,21.29,18083.0,52.22,0.0,368.0,37.07,1.0,1
Reumont,MACRON,0.0,0.0,0.0,0.0,0.0,0.0,0.0,23.9,0.0,0
Rexpoëde,FILLON,19.22,0.0,8.52,20286.0,53.39,3.45,2027.0,0.0,0.0,0
Rexpoëde,LE PEN,33.08,1.0,8.52,20286.0,53.39,3.45,2027.0,36.28,1.0,1
Rexpoëde,MACRON,0.0,0.0,0.0,0.0,0.0,0.0,0.0,26.27,0.0,0
Ribécourt-la-Tour,FILLON,21.46,0.0,17.14,19832.0,56.84,0.0,375.0,0.0,0.0,0
Ribécourt-la-Tour,LE PEN,41.76,1.0,17.14,19832.0,56.84,0.0,375.0,39.22,1.0,1
Ribécourt-la-Tour,MACRON,0.0,0.0,0.0,0.0,0.0,0.0,0.0,27.16,0.0,0
Rieulay,LE PEN,32.37,1.0,10.79,20079.0,58.47,17.65,1360.0,33.16,1.0,1
Rieulay,MACRON,0.0,0.0,0.0,0.0,0.0,0.0,0.0,24.9,0.0,0
Rieulay,MÉLENCHON,23.1,0.0,10.79,20079.0,58.47,17.65,1360.0,0.0,0.0,0
Rieux-en-Cambrésis,LE PEN,35.48,1.0,19.49,18125.0,51.04,4.79,1460.0,39.53,1.0,1
Rieux-en-Cambrésis,MÉLENCHON,23.54,0.0,19.49,18125.0,51.04,4.79,1460.0,17.46,0.0,0
Robersart,LE PEN,37.4,1.0,12.73,21087.0,57.04,0.0,177.0,37.82,1.0,1
Robersart,MACRON,18.7,0.0,12.73,21087.0,57.04,0.0,177.0,19.33,0.0,0
Roeulx,LE PEN,43.14,1.0,21.24,17073.0,50.36,27.42,3830.0,46.27,1.0,1
Roeulx,MACRON,0.0,0.0,0.0,0.0,0.0,0.0,0.0,15.37,0.0,0
Roeulx,MÉLENCHON,27.36,0.0,21.24,17073.0,50.36,27.42,3830.0,0.0,0.0,0
Rombies-et-Marchipont,FILLON,19.96,0.0,9.46,24178.0,59.4,0.0,760.0,0.0,0.0,0
Rombies-et-Marchipont,LE PEN,31.63,1.0,9.46,24178.0,59.4,0.0,760.0,39.22,1.0,1
Rombies-et-Marchipont,MACRON,0.0,0.0,0.0,0.0,0.0,0.0,0.0,24.08,0.0,0
Romeries,FILLON,25.7,0.0,13.12,21014.0,60.24,0.0,440.0,0.0,0.0,0
Romeries,LE PEN,27.46,1.0,13.12,21014.0,60.24,0.0,440.0,34.16,1.0,1
Romeries,MACRON,0.0,0.0,0.0,0.0,0.0,0.0,0.0,29.18,0.0,0
Ronchin,MACRON,23.02,0.0,16.12,20178.0,63.72,51.85,19074.0,27.13,0.0,0
Ronchin,MÉLENCHON,25.4,1.0,16.12,20178.0,63.72,51.85,19074.0,31.48,1.0,1
Roncq,FILLON,27.22,1.0,11.03,22928.0,59.92,55.21,13475.0,0.0,0.0,0
Roncq,LE PEN,23.35,0.0,11.03,22928.0,59.92,55.21,13475.0,23.27,0.0,0
Roncq,MACRON,0.0,0.0,0.0,0.0,0.0,0.0,0.0,35.92,1.0,1
Roost-Warendin,LE PEN,39.59,1.0,17.71,18962.0,53.66,23.58,6191.0,41.82,1.0,1
Roost-Warendin,MACRON,0.0,0.0,0.0,0.0,0.0,0.0,0.0,19.93,0.0,0
Roost-Warendin,MÉLENCHON,23.16,0.0,17.71,18962.0,53.66,23.58,6191.0,0.0,0.0,0
Rosult,LE PEN,25.59,1.0,5.21,24600.0,59.28,7.34,1908.0,23.8,0.0,0
Rosult,MACRON,23.53,0.0,5.21,24600.0,59.28,7.34,1908.0,30.97,1.0,1
Roubaix,MACRON,20.72,0.0,31.79,13298.0,64.97,83.4,96412.0,20.29,0.0,0
Roubaix,MÉLENCHON,35.85,1.0,31.79,13298.0,64.97,83.4,96412.0,51.29,1.0,1
Roucourt,FILLON,20.68,0.0,8.7,23749.0,50.9,0.0,450.0,0.0,0.0,0
Roucourt,LE PEN,30.51,1.0,8.7,23749.0,50.9,0.0,450.0,28.9,1.0,1
Roucourt,MACRON,0.0,0.0,0.0,0.0,0.0,0.0,0.0,24.25,0.0,0
Rousies,LE PEN,37.42,1.0,19.56,19213.0,53.31,27.4,4015.0,39.91,1.0,1
Rousies,MACRON,0.0,0.0,0.0,0.0,0.0,0.0,0.0,20.65,0.0,0
Rousies,MÉLENCHON,17.39,0.0,19.56,19213.0,53.31,27.4,4015.0,0.0,0.0,0
Rouvignies,LE PEN,41.58,1.0,19.68,19280.0,48.15,27.27,660.0,41.71,1.0,1
Rouvignies,MÉLENCHON,20.92,0.0,19.68,19280.0,48.15,27.27,660.0,19.52,0.0,0
Rubrouck,FILLON,28.08,1.0,9.18,20951.0,52.11,0.0,944.0,0.0,0.0,0
Rubrouck,LE PEN,25.51,0.0,9.18,20951.0,52.11,0.0,944.0,28.75,0.0,0
Rubrouck,MACRON,0.0,0.0,0.0,0.0,0.0,0.0,0.0,31.88,1.0,1
Ruesnes,FILLON,20.83,0.0,6.52,22156.0,53.89,0.0,439.0,0.0,0.0,0
Ruesnes,LE PEN,30.56,1.0,6.52,22156.0,53.89,0.0,439.0,32.18,1.0,1
Ruesnes,MACRON,0.0,0.0,0.0,0.0,0.0,0.0,0.0,29.12,0.0,0
Rumegies,FILLON,21.51,0.0,10.81,22786.0,54.54,6.81,1763.0,0.0,0.0,0
Rumegies,LE PEN,29.42,1.0,10.81,22786.0,54.54,6.81,1763.0,31.65,1.0,1
Rumegies,MACRON,0.0,0.0,0.0,0.0,0.0,0.0,0.0,28.98,0.0,0
Rumilly-en-Cambrésis,LE PEN,27.93,1.0,15.77,19991.0,50.15,4.1,1462.0,35.56,1.0,1
Rumilly-en-Cambrésis,MACRON,20.34,0.0,15.77,19991.0,50.15,4.1,1462.0,24.77,0.0,0
Râches,LE PEN,35.21,1.0,13.86,19793.0,54.32,18.26,2738.0,38.22,1.0,1
Râches,MACRON,0.0,0.0,0.0,0.0,0.0,0.0,0.0,26.72,0.0,0
Râches,MÉLENCHON,19.85,0.0,13.86,19793.0,54.32,18.26,2738.0,0.0,0.0,0
Sailly-lez-Cambrai,FILLON,20.38,0.0,13.96,20542.0,57.03,0.0,468.0,0.0,0.0,0
Sailly-lez-Cambrai,LE PEN,32.69,1.0,13.96,20542.0,57.03,0.0,468.0,32.6,1.0,1
Sailly-lez-Cambrai,MACRON,0.0,0.0,0.0,0.0,0.0,0.0,0.0,28.19,0.0,0
Sailly-lez-Lannoy,FILLON,38.46,1.0,5.38,27867.0,67.42,19.74,1773.0,0.0,0.0,0
Sailly-lez-Lannoy,LE PEN,0.0,0.0,0.0,0.0,0.0,0.0,0.0,14.93,0.0,0
Sailly-lez-Lannoy,MACRON,27.04,0.0,5.38,27867.0,67.42,19.74,1773.0,46.52,1.0,1
Sainghin-en-Mélantois,FILLON,32.5,1.0,8.79,28058.0,71.0,39.82,2687.0,0.0,0.0,0
Sainghin-en-Mélantois,LE PEN,0.0,0.0,0.0,0.0,0.0,0.0,0.0,16.56,0.0,0
Sainghin-en-Mélantois,MACRON,26.84,0.0,8.79,28058.0,71.0,39.82,2687.0,41.18,1.0,1
Sainghin-en-Weppes,LE PEN,26.52,1.0,9.5,22481.0,59.29,26.06,5640.0,29.04,0.0,0
Sainghin-en-Weppes,MACRON,22.5,0.0,9.5,22481.0,59.29,26.06,5640.0,31.18,1.0,1
Sains-du-Nord,LE PEN,41.57,1.0,21.56,17258.0,56.12,20.42,2939.0,44.77,1.0,1
Sains-du-Nord,MACRON,0.0,0.0,0.0,0.0,0.0,0.0,0.0,20.27,0.0,0
Sains-du-Nord,MÉLENCHON,16.86,0.0,21.56,17258.0,56.12,20.42,2939.0,0.0,0.0,0
Saint-Amand-les-Eaux,LE PEN,31.2,1.0,17.54,18617.0,58.0,55.06,16147.0,28.24,1.0,1
Saint-Amand-les-Eaux,MÉLENCHON,23.3,0.0,17.54,18617.0,58.0,55.06,16147.0,0.0,0.0,0
Saint-Amand-les-Eaux,ROUSSEL,0.0,0.0,0.0,0.0,0.0,0.0,0.0,20.71,0.0,0
Saint-André-lez-Lille,MACRON,27.95,1.0,11.22,21954.0,65.17,38.64,12293.0,35.16,1.0,1
Saint-André-lez-Lille,MÉLENCHON,19.4,0.0,11.22,21954.0,65.17,38.64,12293.0,22.45,0.0,0
Saint-Aubert,LE PEN,40.88,1.0,9.93,18971.0,51.6,8.29,1569.0,47.04,1.0,1
Saint-Aubert,MACRON,0.0,0.0,0.0,0.0,0.0,0.0,0.0,19.51,0.0,0
Saint-Aubert,MÉLENCHON,19.45,0.0,9.93,18971.0,51.6,8.29,1569.0,0.0,0.0,0
Saint-Aubin,FILLON,25.4,0.0,5.88,22054.0,53.31,0.0,367.0,0.0,0.0,0
Saint-Aubin,LE PEN,32.66,1.0,5.88,22054.0,53.31,0.0,367.0,32.98,1.0,1
Saint-Aubin,MACRON,0.0,0.0,0.0,0.0,0.0,0.0,0.0,24.47,0.0,0
Saint-Aybert,FILLON,19.13,0.0,18.94,20884.0,49.02,18.77,373.0,0.0,0.0,0
Saint-Aybert,LE PEN,34.78,1.0,18.94,20884.0,49.02,18.77,373.0,39.78,1.0,1
Saint-Aybert,MACRON,0.0,0.0,0.0,0.0,0.0,0.0,0.0,20.43,0.0,0
Saint-Benin,LE PEN,49.09,1.0,13.79,18102.0,47.15,0.0,338.0,37.02,1.0,1
Saint-Benin,MACRON,0.0,0.0,0.0,0.0,0.0,0.0,0.0,20.99,0.0,0
Saint-Benin,MÉLENCHON,19.09,0.0,13.79,18102.0,47.15,0.0,338.0,0.0,0.0,0
Saint-Georges-sur-l'Aa,FILLON,17.49,0.0,11.11,20825.0,51.47,0.0,309.0,0.0,0.0,0
Saint-Georges-sur-l'Aa,LE PEN,37.16,1.0,11.11,20825.0,51.47,0.0,309.0,34.72,1.0,1
Saint-Georges-sur-l'Aa,MACRON,0.0,0.0,0.0,0.0,0.0,0.0,0.0,25.39,0.0,0
Saint-Hilaire-lez-Cambrai,LE PEN,36.86,1.0,15.83,19010.0,54.84,12.27,1630.0,46.47,1.0,1
Saint-Hilaire-lez-Cambrai,MACRON,0.0,0.0,0.0,0.0,0.0,0.0,0.0,18.79,0.0,0
Saint-Hilaire-lez-Cambrai,MÉLENCHON,21.88,0.0,15.83,19010.0,54.84,12.27,1630.0,0.0,0.0,0
Saint-Hilaire-sur-Helpe,LE PEN,34.11,1.0,13.33,19674.0,51.61,0.0,809.0,33.57,1.0,1
Saint-Hilaire-sur-Helpe,MACRON,0.0,0.0,0.0,0.0,0.0,0.0,0.0,23.57,0.0,0
Saint-Hilaire-sur-Helpe,MÉLENCHON,18.41,0.0,13.33,19674.0,51.61,0.0,809.0,0.0,0.0,0
Saint-Jans-Cappel,LE PEN,24.41,1.0,13.64,23661.0,59.34,5.78,1730.0,24.71,0.0,0
Saint-Jans-Cappel,MACRON,24.41,0.0,13.64,23661.0,59.34,5.78,1730.0,36.6,1.0,1
Saint-Martin-sur-Ecaillon,LE PEN,28.36,1.0,10.87,21849.0,55.56,0.0,520.0,26.18,0.0,0
Saint-Martin-sur-Ecaillon,MACRON,0.0,0.0,0.0,0.0,0.0,0.0,0.0,26.81,1.0,1
Saint-Martin-sur-Ecaillon,MÉLENCHON,21.49,0.0,10.87,21849.0,55.56,0.0,520.0,0.0,0.0,0
Saint-Momelin,LE PEN,32.92,1.0,19.05,17249.0,54.37,0.0,480.0,41.81,1.0,1
Saint-Momelin,MACRON,0.0,0.0,0.0,0.0,0.0,0.0,0.0,19.4,0.0,0
Saint-Momelin,MÉLENCHON,20.16,0.0,19.05,17249.0,54.37,0.0,480.0,0.0,0.0,0
Saint-Pierre-Brouck,LE PEN,27.48,1.0,14.89,20756.0,46.68,0.0,993.0,36.1,1.0,1
Saint-Pierre-Brouck,MACRON,0.0,0.0,0.0,0.0,0.0,0.0,0.0,26.08,0.0,0
Saint-Pierre-Brouck,MÉLENCHON,19.19,0.0,14.89,20756.0,46.68,0.0,993.0,0.0,0.0,0
Saint-Python,LE PEN,38.63,1.0,18.39,18251.0,50.13,10.87,1012.0,41.62,1.0,1
Saint-Python,MACRON,0.0,0.0,0.0,0.0,0.0,0.0,0.0,20.54,0.0,0
Saint-Python,MÉLENCHON,23.41,0.0,18.39,18251.0,50.13,10.87,1012.0,0.0,0.0,0
Saint-Remy-Chaussée,LE PEN,41.61,1.0,13.33,20578.0,46.48,0.0,510.0,42.8,1.0,1
Saint-Remy-Chaussée,MACRON,17.83,0.0,13.33,20578.0,46.48,0.0,510.0,16.73,0.0,0
Saint-Remy-du-Nord,FILLON,18.77,0.0,11.11,19234.0,42.91,8.03,1121.0,0.0,0.0,0
Saint-Remy-du-Nord,LE PEN,38.27,1.0,11.11,19234.0,42.91,8.03,1121.0,46.97,1.0,1
Saint-Remy-du-Nord,MACRON,0.0,0.0,0.0,0.0,0.0,0.0,0.0,21.6,0.0,0
Saint-Saulve,FILLON,20.97,0.0,15.89,20258.0,56.86,42.38,11161.0,0.0,0.0,0
Saint-Saulve,LE PEN,27.84,1.0,15.89,20258.0,56.86,42.38,11161.0,30.04,1.0,1
Saint-Saulve,MACRON,0.0,0.0,0.0,0.0,0.0,0.0,0.0,28.45,0.0,0
Saint-Souplet,LE PEN,43.75,1.0,23.15,17142.0,51.36,9.73,1233.0,50.59,1.0,1
Saint-Souplet,MACRON,0.0,0.0,0.0,0.0,0.0,0.0,0.0,16.47,0.0,0
Saint-Souplet,MÉLENCHON,15.49,0.0,23.15,17142.0,51.36,9.73,1233.0,0.0,0.0,0
Saint-Sylvestre-Cappel,FILLON,22.25,0.0,10.18,21373.0,53.35,0.0,1171.0,0.0,0.0,0
Saint-Sylvestre-Cappel,LE PEN,31.61,1.0,10.18,21373.0,53.35,0.0,1171.0,32.51,1.0,1
Saint-Sylvestre-Cappel,MACRON,0.0,0.0,0.0,0.0,0.0,0.0,0.0,29.79,0.0,0
Saint-Vaast-en-Cambrésis,LE PEN,36.98,1.0,15.51,18743.0,58.23,0.0,906.0,44.78,1.0,1
Saint-Vaast-en-Cambrésis,MÉLENCHON,24.65,0.0,15.51,18743.0,58.23,0.0,906.0,16.87,0.0,0
Saint-Waast,LE PEN,34.76,1.0,3.33,21404.0,54.13,0.0,630.0,35.1,1.0,1
Saint-Waast,MACRON,0.0,0.0,0.0,0.0,0.0,0.0,0.0,22.73,0.0,0
Saint-Waast,MÉLENCHON,19.14,0.0,3.33,21404.0,54.13,0.0,630.0,0.0,0.0,0
Sainte-Marie-Cappel,LE PEN,24.02,0.0,10.34,23226.0,57.17,0.0,878.0,22.7,0.0,0
Sainte-Marie-Cappel,MACRON,25.98,1.0,10.34,23226.0,57.17,0.0,878.0,33.96,1.0,1
Salesches,FILLON,23.44,0.0,15.63,19656.0,52.56,0.0,291.0,0.0,0.0,0
Salesches,LE PEN,27.27,1.0,15.63,19656.0,52.56,0.0,291.0,36.0,1.0,1
Salesches,MACRON,0.0,0.0,0.0,0.0,0.0,0.0,0.0,24.57,0.0,0
Salomé,LE PEN,34.48,1.0,12.29,20222.0,53.01,14.15,2969.0,39.94,1.0,1
Salomé,MACRON,0.0,0.0,0.0,0.0,0.0,0.0,0.0,20.86,0.0,0
Salomé,MÉLENCHON,21.17,0.0,12.29,20222.0,53.01,14.15,2969.0,0.0,0.0,0
Saméon,FILLON,23.88,0.0,6.04,26149.0,66.47,13.41,1641.0,0.0,0.0,0
Saméon,LE PEN,24.55,1.0,6.04,26149.0,66.47,13.41,1641.0,24.52,0.0,0
Saméon,MACRON,0.0,0.0,0.0,0.0,0.0,0.0,0.0,36.38,1.0,1
Sancourt,FILLON,15.5,0.0,4.55,21087.0,57.52,0.0,198.0,0.0,0.0,0
Sancourt,LE PEN,48.84,1.0,4.55,21087.0,57.52,0.0,198.0,43.22,1.0,1
Sancourt,MACRON,0.0,0.0,0.0,0.0,0.0,0.0,0.0,19.49,0.0,0
Santes,LE PEN,23.94,0.0,7.34,24230.0,61.11,17.68,5768.0,24.73,0.0,0
Santes,MACRON,24.07,1.0,7.34,24230.0,61.11,17.68,5768.0,35.92,1.0,1
Sars-Poteries,LE PEN,41.15,1.0,20.95,16385.0,50.05,12.99,1463.0,42.2,1.0,1
Sars-Poteries,MACRON,0.0,0.0,0.0,0.0,0.0,0.0,0.0,23.15,0.0,0
Sars-Poteries,MÉLENCHON,18.11,0.0,20.95,16385.0,50.05,12.99,1463.0,0.0,0.0,0
Sars-et-Rosières,LE PEN,26.01,1.0,1.82,25852.0,65.43,0.0,574.0,25.12,0.0,0
Sars-et-Rosières,MACRON,22.52,0.0,1.82,25852.0,65.43,0.0,574.0,33.97,1.0,1
Sassegnies,LE PEN,42.2,1.0,17.77,20683.0,53.54,0.0,275.0,41.86,1.0,1
Sassegnies,MÉLENCHON,16.18,0.0,17.77,20683.0,53.54,0.0,275.0,0.0,0.0,0
Sassegnies,ZEMMOUR,0.0,0.0,0.0,0.0,0.0,0.0,0.0,14.53,0.0,0
Saultain,LE PEN,29.51,1.0,10.43,21941.0,55.74,23.09,2339.0,32.21,1.0,1
Saultain,MACRON,0.0,0.0,0.0,0.0,0.0,0.0,0.0,28.36,0.0,0
Saultain,MÉLENCHON,21.88,0.0,10.43,21941.0,55.74,23.09,2339.0,0.0,0.0,0
Saulzoir,LE PEN,32.73,1.0,9.3,19672.0,54.22,5.6,1787.0,36.43,1.0,1
Saulzoir,MACRON,0.0,0.0,0.0,0.0,0.0,0.0,0.0,23.78,0.0,0
Saulzoir,MÉLENCHON,20.89,0.0,9.3,19672.0,54.22,5.6,1787.0,0.0,0.0,0
Sebourg,FILLON,27.77,1.0,4.74,27921.0,66.73,3.05,1966.0,0.0,0.0,0
Sebourg,LE PEN,0.0,0.0,0.0,0.0,0.0,0.0,0.0,22.78,0.0,0
Sebourg,MACRON,22.94,0.0,4.74,27921.0,66.73,3.05,1966.0,32.33,1.0,1
Seclin,LE PEN,27.36,1.0,14.65,20479.0,61.94,86.42,12463.0,29.24,1.0,1
Seclin,MACRON,0.0,0.0,0.0,0.0,0.0,0.0,0.0,26.41,0.0,0
Seclin,MÉLENCHON,24.34,0.0,14.65,20479.0,61.94,86.42,12463.0,0.0,0.0,0
Semousies,FILLON,28.21,0.0,4.35,22551.0,50.56,0.0,246.0,0.0,0.0,0
Semousies,LE PEN,35.26,1.0,4.35,22551.0,50.56,0.0,246.0,39.86,1.0,1
Semousies,MACRON,0.0,0.0,0.0,0.0,0.0,0.0,0.0,29.73,0.0,0
Sepmeries,LE PEN,30.14,1.0,16.13,22651.0,57.14,0.0,672.0,31.73,1.0,1
Sepmeries,MACRON,23.44,0.0,16.13,22651.0,57.14,0.0,672.0,28.93,0.0,0
Sequedin,LE PEN,27.18,1.0,6.69,23206.0,56.94,43.19,4700.0,27.46,0.0,0
Sequedin,MACRON,24.47,0.0,6.69,23206.0,56.94,43.19,4700.0,36.47,1.0,1
Sercus,FILLON,26.55,1.0,2.22,21369.0,56.99,0.0,450.0,0.0,0.0,0
Sercus,LE PEN,25.09,0.0,2.22,21369.0,56.99,0.0,450.0,29.39,0.0,0
Sercus,MACRON,0.0,0.0,0.0,0.0,0.0,0.0,0.0,35.13,1.0,1
Sin-le-Noble,LE PEN,35.8,1.0,22.91,16698.0,54.25,60.02,15446.0,37.84,1.0,1
Sin-le-Noble,MÉLENCHON,26.77,0.0,22.91,16698.0,54.25,60.02,15446.0,24.93,0.0,0
Socx,FILLON,38.35,1.0,8.05,26423.0,57.2,0.0,934.0,0.0,0.0,0
Socx,LE PEN,0.0,0.0,0.0,0.0,0.0,0.0,0.0,23.35,0.0,0
Socx,MACRON,18.88,0.0,8.05,26423.0,57.2,0.0,934.0,41.22,1.0,1
Solesmes,LE PEN,41.94,1.0,27.43,17066.0,51.12,36.24,4387.0,45.71,1.0,1
Solesmes,MACRON,0.0,0.0,0.0,0.0,0.0,0.0,0.0,18.45,0.0,0
Solesmes,MÉLENCHON,18.44,0.0,27.43,17066.0,51.12,36.24,4387.0,0.0,0.0,0
Solre-le-Château,LE PEN,30.76,1.0,18.91,18719.0,57.08,24.02,1832.0,35.1,1.0,1
Solre-le-Château,MACRON,19.34,0.0,18.91,18719.0,57.08,24.02,1832.0,28.98,0.0,0
Solrinnes,FILLON,25.33,0.0,30.77,20161.0,46.53,0.0,136.0,0.0,0.0,0
Solrinnes,LE PEN,42.67,1.0,30.77,20161.0,46.53,0.0,136.0,42.65,1.0,1
Solrinnes,MACRON,0.0,0.0,0.0,0.0,0.0,0.0,0.0,22.06,0.0,0
Somain,LE PEN,38.29,1.0,22.74,17000.0,52.38,51.89,12488.0,41.39,1.0,1
Somain,MÉLENCHON,28.57,0.0,22.74,17000.0,52.38,51.89,12488.0,20.63,0.0,0
Sommaing,LE PEN,30.14,1.0,6.98,23706.0,60.81,0.0,421.0,32.39,1.0,1
Sommaing,MACRON,25.53,0.0,6.98,23706.0,60.81,0.0,421.0,26.06,0.0,0
Spycker,LE PEN,38.12,1.0,7.14,22558.0,52.14,0.0,1807.0,42.42,1.0,1
Spycker,MACRON,0.0,0.0,0.0,0.0,0.0,0.0,0.0,23.9,0.0,0
Spycker,MÉLENCHON,19.79,0.0,7.14,22558.0,52.14,0.0,1807.0,0.0,0.0,0
Staple,FILLON,24.7,0.0,6.85,19853.0,55.0,0.0,665.0,0.0,0.0,0
Staple,LE PEN,29.93,1.0,6.85,19853.0,55.0,0.0,665.0,32.29,1.0,1
Staple,MACRON,0.0,0.0,0.0,0.0,0.0,0.0,0.0,32.29,0.0,0
Steenbecque,LE PEN,26.63,1.0,9.09,20635.0,55.39,0.0,1707.0,31.49,1.0,1
Steenbecque,MACRON,22.31,0.0,9.09,20635.0,55.39,0.0,1707.0,30.22,0.0,0
Steene,LE PEN,34.75,1.0,7.52,21812.0,51.5,0.0,1335.0,41.69,1.0,1
Steene,MACRON,18.35,0.0,7.52,21812.0,51.5,0.0,1335.0,27.63,0.0,0
Steenvoorde,FILLON,24.0,0.0,9.93,20916.0,59.19,16.34,4344.0,0.0,0.0,0
Steenvoorde,LE PEN,29.12,1.0,9.93,20916.0,59.19,16.34,4344.0,29.6,0.0,0
Steenvoorde,MACRON,0.0,0.0,0.0,0.0,0.0,0.0,0.0,30.88,1.0,1
Steenwerck,FILLON,20.46,0.0,10.42,21998.0,55.68,18.21,3624.0,0.0,0.0,0
Steenwerck,LE PEN,28.71,1.0,10.42,21998.0,55.68,18.21,3624.0,27.32,0.0,0
Steenwerck,MACRON,0.0,0.0,0.0,0.0,0.0,0.0,0.0,29.82,1.0,1
Strazeele,LE PEN,30.83,1.0,8.6,22437.0,53.88,8.41,951.0,33.06,1.0,1
Strazeele,MACRON,20.11,0.0,8.6,22437.0,53.88,8.41,951.0,28.8,0.0,0
Sémeries,LE PEN,31.69,1.0,5.66,20013.0,46.91,0.0,546.0,36.83,1.0,1
Sémeries,MACRON,0.0,0.0,0.0,0.0,0.0,0.0,0.0,24.55,0.0,0
Sémeries,MÉLENCHON,20.31,0.0,5.66,20013.0,46.91,0.0,546.0,0.0,0.0,0
Séranvillers-Forenville,FILLON,20.65,0.0,14.24,21865.0,58.24,0.0,404.0,0.0,0.0,0
Séranvillers-Forenville,LE PEN,33.2,1.0,14.24,21865.0,58.24,0.0,404.0,37.6,1.0,1
Séranvillers-Forenville,MACRON,0.0,0.0,0.0,0.0,0.0,0.0,0.0,19.2,0.0,0
Taisnières-en-Thiérache,LE PEN,42.16,1.0,12.9,19683.0,52.46,0.0,464.0,44.61,1.0,1
Taisnières-en-Thiérache,MACRON,16.01,0.0,12.9,19683.0,52.46,0.0,464.0,15.61,0.0,0
Taisnières-sur-Hon,FILLON,31.21,0.0,2.19,23728.0,56.22,6.13,978.0,0.0,0.0,0
Taisnières-sur-Hon,LE PEN,37.58,1.0,2.19,23728.0,56.22,6.13,978.0,35.25,1.0,1
Taisnières-sur-Hon,MACRON,0.0,0.0,0.0,0.0,0.0,0.0,0.0,28.78,0.0,0
Templemars,LE PEN,24.5,0.0,8.16,24681.0,63.08,47.08,3356.0,25.16,0.0,0
Templemars,MACRON,26.63,1.0,8.16,24681.0,63.08,47.08,3356.0,31.16,1.0,1
Templeuve-en-Pévèle,LE PEN,22.52,0.0,8.53,24117.0,61.38,28.84,5930.0,22.45,0.0,0
Templeuve-en-Pévèle,MACRON,25.19,1.0,8.53,24117.0,61.38,28.84,5930.0,35.03,1.0,1
Terdeghem,FILLON,26.82,1.0,14.58,22303.0,59.28,0.0,548.0,0.0,0.0,0
Terdeghem,LE PEN,25.52,0.0,14.58,22303.0,59.28,0.0,548.0,26.61,0.0,0
Terdeghem,MACRON,0.0,0.0,0.0,0.0,0.0,0.0,0.0,32.75,1.0,1
Thiant,LE PEN,40.91,1.0,17.12,19279.0,49.68,13.04,2837.0,42.32,1.0,1
Thiant,MACRON,0.0,0.0,0.0,0.0,0.0,0.0,0.0,18.55,0.0,0
Thiant,MÉLENCHON,20.49,0.0,17.12,19279.0,49.68,13.04,2837.0,0.0,0.0,0
Thiennes,LE PEN,34.32,1.0,14.29,18925.0,48.75,0.0,910.0,38.26,1.0,1
Thiennes,MACRON,0.0,0.0,0.0,0.0,0.0,0.0,0.0,19.53,0.0,0
Thiennes,MÉLENCHON,17.94,0.0,14.29,18925.0,48.75,0.0,910.0,0.0,0.0,0
Thivencelle,LE PEN,48.81,1.0,33.75,16662.0,46.42,29.34,852.0,51.76,1.0,1
Thivencelle,MACRON,0.0,0.0,0.0,0.0,0.0,0.0,0.0,15.69,0.0,0
Thivencelle,MÉLENCHON,13.45,0.0,33.75,16662.0,46.42,29.34,852.0,0.0,0.0,0
Thumeries,LE PEN,34.28,1.0,7.75,22508.0,59.57,21.71,3915.0,33.09,1.0,1
Thumeries,MACRON,21.86,0.0,7.75,22508.0,59.57,21.71,3915.0,28.52,0.0,0
Thun-Saint-Amand,LE PEN,31.75,1.0,19.19,20145.0,56.33,11.49,1131.0,30.45,1.0,1
Thun-Saint-Amand,MACRON,0.0,0.0,0.0,0.0,0.0,0.0,0.0,21.45,0.0,0
Thun-Saint-Amand,MÉLENCHON,21.43,0.0,19.19,20145.0,56.33,11.49,1131.0,0.0,0.0,0
Thun-Saint-Martin,LE PEN,31.6,1.0,11.36,22806.0,58.53,0.0,521.0,38.23,1.0,1
Thun-Saint-Martin,MACRON,20.55,0.0,11.36,22806.0,58.53,0.0,521.0,29.05,0.0,0
Thun-l'Evêque,LE PEN,38.44,1.0,7.04,21784.0,51.11,0.0,750.0,38.02,1.0,1
Thun-l'Evêque,MACRON,16.67,0.0,7.04,21784.0,51.11,0.0,750.0,28.35,0.0,0
Tilloy-lez-Cambrai,FILLON,24.34,0.0,11.86,24400.0,58.01,0.0,569.0,0.0,0.0,0
Tilloy-lez-Cambrai,LE PEN,25.54,1.0,11.86,24400.0,58.01,0.0,569.0,28.44,0.0,0
Tilloy-lez-Cambrai,MACRON,0.0,0.0,0.0,0.0,0.0,0.0,0.0,36.0,1.0,1
Tilloy-lez-Marchiennes,LE PEN,23.27,0.0,10.17,26000.0,62.99,0.0,527.0,25.5,0.0,0
Tilloy-lez-Marchiennes,MACRON,25.21,1.0,10.17,26000.0,62.99,0.0,527.0,31.5,1.0,1
Toufflers,LE PEN,28.77,1.0,11.99,22918.0,57.39,45.88,3923.0,26.93,0.0,0
Toufflers,MACRON,22.5,0.0,11.99,22918.0,57.39,45.88,3923.0,32.08,1.0,1
Tourcoing,LE PEN,25.08,0.0,23.84,16548.0,58.46,58.14,97476.0,25.25,0.0,0
Tourcoing,MÉLENCHON,27.95,1.0,23.84,16548.0,58.46,58.14,97476.0,36.82,1.0,1
Tourmignies,FILLON,28.77,0.0,5.44,27263.0,62.07,0.0,891.0,0.0,0.0,0
Tourmignies,LE PEN,0.0,0.0,0.0,0.0,0.0,0.0,0.0,22.48,0.0,0
Tourmignies,MACRON,28.77,1.0,5.44,27263.0,62.07,0.0,891.0,35.93,1.0,1
Tressin,FILLON,29.72,1.0,6.77,26512.0,62.26,20.61,1407.0,0.0,0.0,0
Tressin,LE PEN,0.0,0.0,0.0,0.0,0.0,0.0,0.0,15.52,0.0,0
Tressin,MACRON,28.42,0.0,6.77,26512.0,62.26,20.61,1407.0,40.4,1.0,1
Trith-Saint-Léger,LE PEN,41.84,1.0,19.86,17525.0,49.73,33.38,6261.0,42.55,1.0,1
Trith-Saint-Léger,MÉLENCHON,27.61,0.0,19.86,17525.0,49.73,33.38,6261.0,20.46,0.0,0
Troisvilles,LE PEN,38.75,1.0,18.98,18412.0,51.93,0.0,836.0,47.17,1.0,1
Troisvilles,MACRON,0.0,0.0,0.0,0.0,0.0,0.0,0.0,16.04,0.0,0
Troisvilles,MÉLENCHON,19.15,0.0,18.98,18412.0,51.93,0.0,836.0,0.0,0.0,0
Trélon,LE PEN,43.55,1.0,16.89,16825.0,56.62,13.72,2915.0,47.65,1.0,1
Trélon,MACRON,0.0,0.0,0.0,0.0,0.0,0.0,0.0,22.96,0.0,0
Trélon,MÉLENCHON,17.99,0.0,16.89,16825.0,56.62,13.72,2915.0,0.0,0.0,0
Téteghem-Coudekerque-Village,FILLON,24.15,0.0,13.66,24112.0,56.91,22.93,8113.0,0.0,0.0,0
Téteghem-Coudekerque-Village,LE PEN,24.54,1.0,13.66,24112.0,56.91,22.93,8113.0,28.25,0.0,0
Téteghem-Coudekerque-Village,MACRON,0.0,0.0,0.0,0.0,0.0,0.0,0.0,34.54,1.0,1
Uxem,LE PEN,27.62,1.0,9.86,23801.0,55.44,0.0,1411.0,31.49,0.0,0
Uxem,MACRON,23.83,0.0,9.86,23801.0,55.44,0.0,1411.0,32.3,1.0,1
Valenciennes,LE PEN,23.53,1.0,21.86,17978.0,61.63,82.81,43680.0,24.9,0.0,0
Valenciennes,MACRON,22.33,0.0,21.86,17978.0,61.63,82.81,43680.0,28.95,1.0,1
Vendegies-au-Bois,FILLON,19.13,0.0,3.62,21231.0,56.29,0.0,492.0,0.0,0.0,0
Vendegies-au-Bois,LE PEN,31.54,1.0,3.62,21231.0,56.29,0.0,492.0,34.81,1.0,1
Vendegies-au-Bois,MACRON,0.0,0.0,0.0,0.0,0.0,0.0,0.0,25.26,0.0,0
Vendegies-sur-Ecaillon,LE PEN,30.07,1.0,8.63,24422.0,59.43,0.0,1075.0,32.06,1.0,1
Vendegies-sur-Ecaillon,MACRON,21.93,0.0,8.63,24422.0,59.43,0.0,1075.0,26.76,0.0,0
Vendeville,FILLON,25.07,0.0,6.67,26184.0,62.69,52.86,1627.0,0.0,0.0,0
Vendeville,LE PEN,0.0,0.0,0.0,0.0,0.0,0.0,0.0,23.03,0.0,0
Vendeville,MACRON,26.84,1.0,6.67,26184.0,62.69,52.86,1627.0,36.68,1.0,1
Verchain-Maugré,LE PEN,30.47,1.0,13.86,21917.0,55.51,0.0,970.0,42.31,1.0,1
Verchain-Maugré,MACRON,20.31,0.0,13.86,21917.0,55.51,0.0,970.0,21.55,0.0,0
Verlinghem,FILLON,39.1,1.0,6.14,28054.0,67.56,31.08,2445.0,0.0,0.0,0
Verlinghem,LE PEN,0.0,0.0,0.0,0.0,0.0,0.0,0.0,15.81,0.0,0
Verlinghem,MACRON,23.32,0.0,6.14,28054.0,67.56,31.08,2445.0,44.28,1.0,1
Vertain,FILLON,21.86,0.0,19.23,21894.0,56.87,0.0,523.0,0.0,0.0,0
Vertain,LE PEN,31.44,1.0,19.23,21894.0,56.87,0.0,523.0,31.81,1.0,1
Vertain,MACRON,0.0,0.0,0.0,0.0,0.0,0.0,0.0,23.5,0.0,0
Vicq,LE PEN,42.58,1.0,10.08,19486.0,52.14,23.24,1506.0,42.88,1.0,1
Vicq,MÉLENCHON,20.83,0.0,10.08,19486.0,52.14,23.24,1506.0,18.56,0.0,0
Viesly,LE PEN,41.71,1.0,15.02,18065.0,57.22,4.51,1552.0,47.76,1.0,1
Viesly,MACRON,0.0,0.0,0.0,0.0,0.0,0.0,0.0,16.39,0.0,0
Viesly,MÉLENCHON,21.47,0.0,15.02,18065.0,57.22,4.51,1552.0,0.0,0.0,0
Vieux-Berquin,FILLON,24.03,0.0,8.54,22756.0,52.12,3.18,2512.0,0.0,0.0,0
Vieux-Berquin,LE PEN,28.64,1.0,8.54,22756.0,52.12,3.18,2512.0,32.63,1.0,1
Vieux-Berquin,MACRON,0.0,0.0,0.0,0.0,0.0,0.0,0.0,27.99,0.0,0
Vieux-Condé,LE PEN,41.39,1.0,20.25,16507.0,54.76,35.31,10395.0,42.76,1.0,1
Vieux-Condé,MÉLENCHON,23.49,0.0,20.25,16507.0,54.76,35.31,10395.0,20.51,0.0,0
Vieux-Mesnil,LE PEN,38.16,1.0,9.33,21149.0,52.87,0.0,637.0,38.98,1.0,1
Vieux-Mesnil,MACRON,18.66,0.0,9.33,21149.0,52.87,0.0,637.0,28.81,0.0,0
Vieux-Reng,FILLON,17.39,0.0,15.55,21007.0,50.66,0.0,853.0,0.0,0.0,0
Vieux-Reng,LE PEN,50.0,1.0,15.55,21007.0,50.66,0.0,853.0,47.94,1.0,1
Vieux-Reng,MACRON,0.0,0.0,0.0,0.0,0.0,0.0,0.0,18.16,0.0,0
Villeneuve-d'Ascq,MACRON,25.93,0.0,18.06,19900.0,66.78,85.52,62358.0,29.46,0.0,0
Villeneuve-d'Ascq,MÉLENCHON,27.82,1.0,18.06,19900.0,66.78,85.52,62358.0,34.2,1.0,1
Villereau,LE PEN,29.75,1.0,15.12,23520.0,61.66,0.0,971.0,32.65,1.0,1
Villereau,MACRON,22.18,0.0,15.12,23520.0,61.66,0.0,971.0,28.18,0.0,0
Villers-Guislain,FILLON,15.93,0.0,17.91,18605.0,49.42,0.0,694.0,0.0,0.0,0
Villers-Guislain,LE PEN,46.75,1.0,17.91,18605.0,49.42,0.0,694.0,52.56,1.0,1
Villers-Guislain,MACRON,0.0,0.0,0.0,0.0,0.0,0.0,0.0,18.6,0.0,0
Villers-Outréaux,FILLON,25.02,0.0,20.59,16908.0,60.04,18.65,2091.0,0.0,0.0,0
Villers-Outréaux,LE PEN,37.83,1.0,20.59,16908.0,60.04,18.65,2091.0,41.52,1.0,1
Villers-Outréaux,MACRON,0.0,0.0,0.0,0.0,0.0,0.0,0.0,24.0,0.0,0
Villers-Plouich,FILLON,19.03,0.0,13.64,20781.0,53.56,0.0,409.0,0.0,0.0,0
Villers-Plouich,LE PEN,32.79,1.0,13.64,20781.0,53.56,0.0,409.0,40.6,1.0,1
Villers-Plouich,MACRON,0.0,0.0,0.0,0.0,0.0,0.0,0.0,23.93,0.0,0
Villers-Pol,FILLON,27.39,1.0,11.97,23484.0,58.69,3.97,1260.0,0.0,0.0,0
Villers-Pol,LE PEN,23.74,0.0,11.97,23484.0,58.69,3.97,1260.0,24.86,0.0,0
Villers-Pol,MACRON,0.0,0.0,0.0,0.0,0.0,0.0,0.0,37.91,1.0,1
Villers-Sire-Nicole,FILLON,17.51,0.0,7.06,21129.0,48.87,0.0,980.0,0.0,0.0,0
Villers-Sire-Nicole,LE PEN,40.97,1.0,7.06,21129.0,48.87,0.0,980.0,47.23,1.0,1
Villers-Sire-Nicole,MACRON,0.0,0.0,0.0,0.0,0.0,0.0,0.0,20.53,0.0,0
Villers-au-Tertre,LE PEN,33.83,1.0,12.07,22096.0,49.02,0.0,619.0,35.1,1.0,1
Villers-au-Tertre,MACRON,0.0,0.0,0.0,0.0,0.0,0.0,0.0,22.22,0.0,0
Villers-au-Tertre,MÉLENCHON,20.0,0.0,12.07,22096.0,49.02,0.0,619.0,0.0,0.0,0
Villers-en-Cauchies,LE PEN,43.09,1.0,16.91,20032.0,52.31,7.04,1278.0,44.89,1.0,1
Villers-en-Cauchies,MACRON,0.0,0.0,0.0,0.0,0.0,0.0,0.0,18.73,0.0,0
Villers-en-Cauchies,MÉLENCHON,15.73,0.0,16.91,20032.0,52.31,7.04,1278.0,0.0,0.0,0
Volckerinckhove,FILLON,23.24,0.0,12.28,21650.0,56.23,0.0,577.0,0.0,0.0,0
Volckerinckhove,LE PEN,29.46,1.0,12.28,21650.0,56.23,0.0,577.0,35.14,1.0,1
Volckerinckhove,MACRON,0.0,0.0,0.0,0.0,0.0,0.0,0.0,32.57,0.0,0
Vred,LE PEN,34.65,1.0,10.64,21858.0,52.65,0.0,1381.0,35.17,1.0,1
Vred,MACRON,21.26,0.0,10.64,21858.0,52.65,0.0,1381.0,22.25,0.0,0
Wahagnies,LE PEN,29.97,1.0,13.52,21150.0,56.73,37.61,2606.0,32.82,1.0,1
Wahagnies,MACRON,23.07,0.0,13.52,21150.0,56.73,37.61,2606.0,25.91,0.0,0
Walincourt-Selvigny,FILLON,16.07,0.0,18.48,18070.0,58.22,13.11,2135.0,0.0,0.0,0
Walincourt-Selvigny,LE PEN,40.85,1.0,18.48,18070.0,58.22,13.11,2135.0,45.23,1.0,1
Walincourt-Selvigny,MACRON,0.0,0.0,0.0,0.0,0.0,0.0,0.0,22.47,0.0,0
Wallers,LE PEN,38.79,1.0,19.41,18321.0,53.14,30.58,5494.0,41.43,1.0,1
Wallers,MACRON,0.0,0.0,0.0,0.0,0.0,0.0,0.0,20.7,0.0,0
Wallers,MÉLENCHON,17.51,0.0,19.41,18321.0,53.14,30.58,5494.0,0.0,0.0,0
Wallers-en-Fagne,FILLON,17.12,0.0,10.0,17901.0,50.47,0.0,288.0,0.0,0.0,0
Wallers-en-Fagne,LE PEN,36.3,1.0,10.0,17901.0,50.47,0.0,288.0,47.13,1.0,1
Wallers-en-Fagne,MACRON,0.0,0.0,0.0,0.0,0.0,0.0,0.0,22.29,0.0,0
Wallon-Cappel,FILLON,32.08,1.0,10.39,22609.0,52.79,0.0,825.0,0.0,0.0,0
Wallon-Cappel,LE PEN,0.0,0.0,0.0,0.0,0.0,0.0,0.0,26.87,0.0,0
Wallon-Cappel,MACRON,20.99,0.0,10.39,22609.0,52.79,0.0,825.0,38.76,1.0,1
Wambaix,FILLON,27.39,1.0,10.2,22709.0,49.13,0.0,380.0,0.0,0.0,0
Wambaix,LE PEN,0.0,0.0,0.0,0.0,0.0,0.0,0.0,31.54,1.0,1
Wambaix,MACRON,21.74,0.0,10.2,22709.0,49.13,0.0,380.0,25.73,0.0,0
Wambrechies,FILLON,27.71,1.0,9.11,23672.0,63.29,44.6,10539.0,0.0,0.0,0
Wambrechies,LE PEN,0.0,0.0,0.0,0.0,0.0,0.0,0.0,19.63,0.0,0
Wambrechies,MACRON,24.83,0.0,9.11,23672.0,63.29,44.6,10539.0,39.3,1.0,1
Wandignies-Hamage,LE PEN,35.55,1.0,12.5,22768.0,57.33,0.0,1288.0,37.15,1.0,1
Wandignies-Hamage,MACRON,23.91,0.0,12.5,22768.0,57.33,0.0,1288.0,28.53,0.0,0
Wannehain,LE PEN,25.72,1.0,6.25,23513.0,58.6,0.0,1188.0,24.07,0.0,0
Wannehain,MACRON,24.8,0.0,6.25,23513.0,58.6,0.0,1188.0,29.23,1.0,1
Wargnies-le-Grand,LE PEN,29.04,1.0,8.85,23606.0,57.07,5.5,1091.0,31.56,1.0,1
Wargnies-le-Grand,MACRON,23.7,0.0,8.85,23606.0,57.07,5.5,1091.0,27.41,0.0,0
Wargnies-le-Petit,FILLON,18.79,0.0,6.12,23870.0,62.5,0.0,755.0,0.0,0.0,0
Wargnies-le-Petit,LE PEN,37.37,1.0,6.12,23870.0,62.5,0.0,755.0,37.8,1.0,1
Wargnies-le-Petit,MACRON,0.0,0.0,0.0,0.0,0.0,0.0,0.0,23.54,0.0,0
Warhem,FILLON,20.58,0.0,10.65,21985.0,52.2,2.44,2051.0,0.0,0.0,0
Warhem,LE PEN,31.64,1.0,10.65,21985.0,52.2,2.44,2051.0,32.6,1.0,1
Warhem,MACRON,0.0,0.0,0.0,0.0,0.0,0.0,0.0,30.34,0.0,0
Warlaing,LE PEN,27.42,1.0,10.71,22718.0,56.12,0.0,570.0,28.09,0.0,0
Warlaing,MACRON,22.71,0.0,10.71,22718.0,56.12,0.0,570.0,30.9,1.0,1
Warneton,FILLON,31.71,1.0,9.09,21032.0,46.15,0.0,239.0,0.0,0.0,0
Warneton,LE PEN,29.27,0.0,9.09,21032.0,46.15,0.0,239.0,26.62,0.0,0
Warneton,MACRON,0.0,0.0,0.0,0.0,0.0,0.0,0.0,33.77,1.0,1
Wasnes-au-Bac,FILLON,18.8,0.0,20.69,19068.0,51.69,0.0,620.0,0.0,0.0,0
Wasnes-au-Bac,LE PEN,39.16,1.0,20.69,19068.0,51.69,0.0,620.0,40.58,1.0,1
Wasnes-au-Bac,MACRON,0.0,0.0,0.0,0.0,0.0,0.0,0.0,28.8,0.0,0
Wasquehal,FILLON,26.78,1.0,12.01,23082.0,66.82,66.98,20722.0,0.0,0.0,0
Wasquehal,MACRON,25.36,0.0,12.01,23082.0,66.82,66.98,20722.0,37.25,1.0,1
Wasquehal,MÉLENCHON,0.0,0.0,0.0,0.0,0.0,0.0,0.0,19.43,0.0,0
Watten,LE PEN,43.06,1.0,16.54,17349.0,54.33,8.2,2561.0,47.83,1.0,1
Watten,MACRON,0.0,0.0,0.0,0.0,0.0,0.0,0.0,20.21,0.0,0
Watten,MÉLENCHON,19.59,0.0,16.54,17349.0,54.33,8.2,2561.0,0.0,0.0,0
Wattignies,MACRON,23.38,1.0,16.26,19913.0,61.2,56.61,14485.0,30.28,1.0,1
Wattignies,MÉLENCHON,21.54,0.0,16.26,19913.0,61.2,56.61,14485.0,28.24,0.0,0
Wattignies-la-Victoire,FILLON,28.13,0.0,17.86,22665.0,49.71,0.0,244.0,0.0,0.0,0
Wattignies-la-Victoire,LE PEN,30.0,1.0,17.86,22665.0,49.71,0.0,244.0,28.81,0.0,0
Wattignies-la-Victoire,MACRON,0.0,0.0,0.0,0.0,0.0,0.0,0.0,33.9,1.0,1
Wattrelos,LE PEN,33.92,1.0,19.82,17772.0,55.99,54.3,41341.0,32.86,1.0,1
Wattrelos,MÉLENCHON,23.28,0.0,19.82,17772.0,55.99,54.3,41341.0,28.53,0.0,0
Wavrechain-sous-Denain,LE PEN,45.13,1.0,25.0,15514.0,49.24,13.91,1654.0,49.54,1.0,1
Wavrechain-sous-Denain,MÉLENCHON,25.13,0.0,25.0,15514.0,49.24,13.91,1654.0,19.48,0.0,0
Wavrechain-sous-Faulx,LE PEN,42.92,1.0,8.33,21545.0,50.35,0.0,372.0,40.87,1.0,1
Wavrechain-sous-Faulx,MACRON,0.0,0.0,0.0,0.0,0.0,0.0,0.0,21.03,0.0,0
Wavrechain-sous-Faulx,MÉLENCHON,18.33,0.0,8.33,21545.0,50.35,0.0,372.0,0.0,0.0,0
Wavrin,LE PEN,29.66,1.0,13.03,21463.0,58.59,31.07,7628.0,30.77,1.0,1
Wavrin,MACRON,21.27,0.0,13.03,21463.0,58.59,31.07,7628.0,28.12,0.0,0
Waziers,LE PEN,35.16,0.0,28.1,15205.0,56.25,39.32,7477.0,36.27,1.0,1
Waziers,MÉLENCHON,38.09,1.0,28.1,15205.0,56.25,39.32,7477.0,34.94,0.0,0
Wemaers-Cappel,FILLON,22.92,0.0,4.17,20762.0,59.01,0.0,252.0,0.0,0.0,0
Wemaers-Cappel,LE PEN,37.5,1.0,4.17,20762.0,59.01,0.0,252.0,32.62,1.0,1
Wemaers-Cappel,MACRON,0.0,0.0,0.0,0.0,0.0,0.0,0.0,27.66,0.0,0
Wervicq-Sud,FILLON,24.64,0.0,16.11,21083.0,61.08,27.9,5412.0,0.0,0.0,0
Wervicq-Sud,LE PEN,25.84,1.0,16.11,21083.0,61.08,27.9,5412.0,28.16,0.0,0
Wervicq-Sud,MACRON,0.0,0.0,0.0,0.0,0.0,0.0,0.0,33.62,1.0,1
West-Cappel,FILLON,19.95,0.0,12.12,22167.0,49.44,0.0,606.0,0.0,0.0,0
West-Cappel,LE PEN,34.06,1.0,12.12,22167.0,49.44,0.0,606.0,32.9,1.0,1
West-Cappel,MACRON,0.0,0.0,0.0,0.0,0.0,0.0,0.0,26.48,0.0,0
Wicres,FILLON,28.33,1.0,11.54,24158.0,63.02,0.0,475.0,0.0,0.0,0
Wicres,LE PEN,23.55,0.0,11.54,24158.0,63.02,0.0,475.0,19.87,0.0,0
Wicres,MACRON,0.0,0.0,0.0,0.0,0.0,0.0,0.0,30.13,1.0,1
Wignehies,LE PEN,43.51,1.0,30.5,15987.0,57.27,24.53,2935.0,45.58,1.0,1
Wignehies,MACRON,0.0,0.0,0.0,0.0,0.0,0.0,0.0,18.34,0.0,0
Wignehies,MÉLENCHON,16.7,0.0,30.5,15987.0,57.27,24.53,2935.0,0.0,0.0,0
Willems,FILLON,24.99,1.0,9.13,22502.0,60.93,31.52,3014.0,0.0,0.0,0
Willems,LE PEN,23.45,0.0,9.13,22502.0,60.93,31.52,3014.0,25.3,0.0,0
Willems,MACRON,0.0,0.0,0.0,0.0,0.0,0.0,0.0,33.08,1.0,1
Willies,LE PEN,20.99,0.0,38.46,20806.0,50.46,0.0,154.0,28.38,1.0,1
Willies,MÉLENCHON,30.86,1.0,38.46,20806.0,50.46,0.0,154.0,27.03,0.0,0
Winnezeele,FILLON,21.33,0.0,9.77,21198.0,55.67,5.47,1279.0,0.0,0.0,0
Winnezeele,LE PEN,29.5,1.0,9.77,21198.0,55.67,5.47,1279.0,32.3,1.0,1
Winnezeele,MACRON,0.0,0.0,0.0,0.0,0.0,0.0,0.0,31.09,0.0,0
Wormhout,FILLON,21.27,0.0,7.91,20671.0,54.17,18.76,5598.0,0.0,0.0,0
Wormhout,LE PEN,30.31,1.0,7.91,20671.0,54.17,18.76,5598.0,31.45,1.0,1
Wormhout,MACRON,0.0,0.0,0.0,0.0,0.0,0.0,0.0,29.23,0.0,0
Wulverdinghe,LE PEN,36.41,1.0,12.73,18247.0,49.5,0.0,310.0,44.0,1.0,1
Wulverdinghe,MÉLENCHON,24.1,0.0,12.73,18247.0,49.5,0.0,310.0,15.0,0.0,0
Wylder,LE PEN,40.11,1.0,3.7,20002.0,51.3,0.0,295.0,40.98,1.0,1
Wylder,MACRON,0.0,0.0,0.0,0.0,0.0,0.0,0.0,16.94,0.0,0
Wylder,MÉLENCHON,20.9,0.0,3.7,20002.0,51.3,0.0,295.0,0.0,0.0,0
Zegerscappel,FILLON,20.06,0.0,13.21,20176.0,54.59,0.0,1542.0,0.0,0.0,0
Zegerscappel,LE PEN,36.62,1.0,13.21,20176.0,54.59,0.0,1542.0,39.72,1.0,1
Zegerscappel,MACRON,0.0,0.0,0.0,0.0,0.0,0.0,0.0,23.94,0.0,0
Zermezeele,FILLON,24.49,0.0,12.73,21414.0,55.77,0.0,211.0,0.0,0.0,0
Zermezeele,LE PEN,25.17,1.0,12.73,21414.0,55.77,0.0,211.0,34.62,1.0,1
Zermezeele,MACRON,0.0,0.0,0.0,0.0,0.0,0.0,0.0,31.41,0.0,0
Zuydcoote,LE PEN,27.18,1.0,9.47,22548.0,52.08,10.93,1738.0,27.08,0.0,0
Zuydcoote,MACRON,21.06,0.0,9.47,22548.0,52.08,10.93,1738.0,29.69,1.0,1
Zuytpeene,FILLON,20.16,0.0,5.26,19724.0,51.42,0.0,526.0,0.0,0.0,0
Zuytpeene,LE PEN,25.34,1.0,5.26,19724.0,51.42,0.0,526.0,34.24,1.0,1
Zuytpeene,MACRON,0.0,0.0,0.0,0.0,0.0,0.0,0.0,23.94,0.0,0
